source,target,predicate
estleg:ABIPOL_Map,estleg:ABIPOL_Par_16_1_Lg_11,estleg:referencedBy
estleg:ABIPOL_Map,estleg:ABIPOL_Par_32_Lg_3,estleg:references
estleg:ABIPOL_Map,estleg:ABIPOL_Par_38,estleg:references
estleg:ABIPOL_Map,estleg:ABIPOL_Par_3_Lg_1,estleg:references
estleg:ABIPOL_Map,estleg:ABIPOL_Par_3_Lg_2,estleg:references
estleg:ABIPOL_Map,estleg:ABIPOL_Par_4,estleg:references
estleg:ABIPOL_Map,estleg:ABIPOL_Par_42,estleg:referencedBy
estleg:ABIPOL_Map,estleg:ABIPOL_Par_42_4,estleg:referencedBy
estleg:ABIPOL_Map,estleg:ABIPOL_Par_42_4_Lg_1,estleg:referencedBy
estleg:ABIPOL_Map,estleg:ABIPOL_Par_42_Lg_1,estleg:referencedBy
estleg:ABIPOL_Map,estleg:ABIPOL_Par_43,estleg:references
estleg:ABIPOL_Map,estleg:ABIPOL_Par_44,estleg:referencedBy
estleg:ABIPOL_Map,estleg:ABIPOL_Par_44_Lg_2,estleg:referencedBy
estleg:ABIPOL_Map,estleg:ABIPOL_Par_45,estleg:referencedBy
estleg:ABIPOL_Map,estleg:ABIPOL_Par_45_1,estleg:referencedBy
estleg:ABIPOL_Map,estleg:ABIPOL_Par_45_1_Lg_1,estleg:referencedBy
estleg:ABIPOL_Map,estleg:ABIPOL_Par_45_Lg_1,estleg:referencedBy
estleg:ABIPOL_Map,estleg:ABIPOL_Par_5,estleg:references
estleg:ABIPOL_Map,estleg:ABIPOL_Par_6,estleg:referencedBy
estleg:ABIPOL_Map,estleg:ABIPOL_Par_6,estleg:references
estleg:ABIPOL_Map,estleg:ABIPOL_Par_6_Lg_1,estleg:referencedBy
estleg:ABIPOL_Map,estleg:ABIPOL_Par_7,estleg:referencedBy
estleg:ABIPOL_Map,estleg:ABIPOL_Par_7_Lg_1,estleg:referencedBy
estleg:ABIPOL_Map,estleg:ABIPOL_Par_8,estleg:references
estleg:ABIPOL_Map,estleg:ABIPOL_Par_8_Lg_2,estleg:references
estleg:ABIPOL_Map,estleg:KARIST_2_Osa1_Par_83,estleg:references
estleg:ABIPOL_Map,estleg:KORS_Par_28,estleg:references
estleg:ABIPOL_Map,estleg:KORS_Par_38,estleg:references
estleg:ABIPOL_Map,estleg:KORS_Par_41,estleg:references
estleg:ABIPOL_Map,estleg:KS_Par_126,estleg:referencedBy
estleg:ABIPOL_Map,estleg:KS_Par_126_Lg_1,estleg:referencedBy
estleg:ABIPOL_Map,estleg:POLITS_Par_108_15,estleg:referencedBy
estleg:ABIPOL_Map,estleg:POLITS_Par_108_15_Lg_1,estleg:referencedBy
estleg:ABIPOL_Map,estleg:POLITS_Par_77_Lg_1,estleg:references
estleg:ABIPOL_Map,estleg:Psteseadus_Par_38_2_Lg_3,estleg:referencedBy
estleg:ABIPOL_Map,estleg:RelvS_Par_35_Lg_10,estleg:referencedBy
estleg:ABIPOL_Map,estleg:TULUMA_Par_19_Lg_3,estleg:referencedBy
estleg:ABIPOL_Par_10,estleg:ABIPOL_Par_3_Lg_2,estleg:references
estleg:ABIPOL_Par_10,estleg:ABIPOL_Par_8_Lg_2,estleg:references
estleg:ABIPOL_Par_10_Lg_1,estleg:ABIPOL_Par_3_Lg_2,estleg:references
estleg:ABIPOL_Par_10_Lg_1,estleg:ABIPOL_Par_8_Lg_2,estleg:references
estleg:ABIPOL_Par_12,estleg:ABIPOL_Par_32_Lg_3,estleg:references
estleg:ABIPOL_Par_12,estleg:KS_Par_126,estleg:referencedBy
estleg:ABIPOL_Par_12,estleg:KS_Par_126_Lg_1,estleg:referencedBy
estleg:ABIPOL_Par_12,estleg:Psteseadus_Par_38_2_Lg_3,estleg:referencedBy
estleg:ABIPOL_Par_12,estleg:RelvS_Par_35_Lg_10,estleg:referencedBy
estleg:ABIPOL_Par_12_Lg_1,estleg:ABIPOL_Par_32_Lg_3,estleg:references
estleg:ABIPOL_Par_12_Lg_2,estleg:ABIPOL_Par_8_Lg_6,estleg:references
estleg:ABIPOL_Par_14,estleg:ABIPOL_Par_3_Lg_2,estleg:references
estleg:ABIPOL_Par_14_Lg_1,estleg:ABIPOL_Par_3_Lg_2,estleg:references
estleg:ABIPOL_Par_16,estleg:ABIPOL_Par_16_1_Lg_11,estleg:referencedBy
estleg:ABIPOL_Par_16,estleg:KORS_Par_28,estleg:references
estleg:ABIPOL_Par_16_1,estleg:KORS_Par_38,estleg:references
estleg:ABIPOL_Par_16_1,estleg:KORS_Par_41,estleg:references
estleg:ABIPOL_Par_16_1_Lg_1,estleg:KORS_Par_38,estleg:references
estleg:ABIPOL_Par_16_1_Lg_10,estleg:KORS_Par_52,estleg:references
estleg:ABIPOL_Par_16_1_Lg_11,estleg:ABIPOL_Par_16,estleg:references
estleg:ABIPOL_Par_16_1_Lg_11,estleg:ABIPOL_Par_16_Lg_2,estleg:references
estleg:ABIPOL_Par_16_1_Lg_11,estleg:KORS_Par_32_Lg_4,estleg:references
estleg:ABIPOL_Par_16_1_Lg_11,estleg:KORS_Par_44,estleg:references
estleg:ABIPOL_Par_16_1_Lg_1_1,estleg:KORS_Par_41,estleg:references
estleg:ABIPOL_Par_16_1_Lg_1_2,estleg:ABIPOL_Par_16_Lg_2,estleg:references
estleg:ABIPOL_Par_16_1_Lg_1_2,estleg:KORS_Par_44,estleg:references
estleg:ABIPOL_Par_16_1_Lg_2,estleg:ABIPOL_Par_16_Lg_1,estleg:references
estleg:ABIPOL_Par_16_1_Lg_2,estleg:KORS_Par_45,estleg:references
estleg:ABIPOL_Par_16_1_Lg_2,estleg:KORS_Par_45_Lg_5,estleg:references
estleg:ABIPOL_Par_16_1_Lg_3,estleg:KORS_Par_46,estleg:references
estleg:ABIPOL_Par_16_1_Lg_6,estleg:KORS_Par_47,estleg:references
estleg:ABIPOL_Par_16_1_Lg_7,estleg:KORS_Par_48,estleg:references
estleg:ABIPOL_Par_16_1_Lg_8,estleg:KORS_Par_48,estleg:references
estleg:ABIPOL_Par_16_1_Lg_9,estleg:KORS_Par_49,estleg:references
estleg:ABIPOL_Par_16_Lg_1,estleg:ABIPOL_Par_16_1_Lg_2,estleg:referencedBy
estleg:ABIPOL_Par_16_Lg_1,estleg:KORS_Par_28,estleg:references
estleg:ABIPOL_Par_16_Lg_2,estleg:ABIPOL_Par_16_1_Lg_11,estleg:referencedBy
estleg:ABIPOL_Par_16_Lg_2,estleg:ABIPOL_Par_16_1_Lg_1_2,estleg:referencedBy
estleg:ABIPOL_Par_16_Lg_2,estleg:KORS_Par_28,estleg:references
estleg:ABIPOL_Par_16_Lg_3,estleg:ABIPOL_Par_3_Lg_3,estleg:references
estleg:ABIPOL_Par_2,estleg:ABIPOL_Par_3_Lg_2,estleg:references
estleg:ABIPOL_Par_2_Lg_2,estleg:ABIPOL_Par_3_Lg_2,estleg:references
estleg:ABIPOL_Par_32_Lg_3,estleg:ABIPOL_Par_12,estleg:referencedBy
estleg:ABIPOL_Par_32_Lg_3,estleg:ABIPOL_Par_12_Lg_1,estleg:referencedBy
estleg:ABIPOL_Par_37_1,estleg:POLITS_Par_77_Lg_1,estleg:references
estleg:ABIPOL_Par_37_1_Lg_1,estleg:POLITS_Par_77_Lg_1,estleg:references
estleg:ABIPOL_Par_37_Lg_4,estleg:ABIPOL_Par_3_Lg_2,estleg:references
estleg:ABIPOL_Par_38,estleg:ABIPOL_Par_45_1,estleg:referencedBy
estleg:ABIPOL_Par_38,estleg:ABIPOL_Par_45_1_Lg_1,estleg:referencedBy
estleg:ABIPOL_Par_38,estleg:POLITS_Par_108_15,estleg:referencedBy
estleg:ABIPOL_Par_38,estleg:POLITS_Par_108_15_Lg_1,estleg:referencedBy
estleg:ABIPOL_Par_38,estleg:TULUMA_Par_19_Lg_3,estleg:referencedBy
estleg:ABIPOL_Par_38_Lg_3,estleg:AVALIK_Par_49,estleg:references
estleg:ABIPOL_Par_3_Lg_1,estleg:ABIPOL_Par_42_1,estleg:referencedBy
estleg:ABIPOL_Par_3_Lg_1,estleg:ABIPOL_Par_42_1_Lg_2,estleg:referencedBy
estleg:ABIPOL_Par_3_Lg_2,estleg:ABIPOL_Par_10,estleg:referencedBy
estleg:ABIPOL_Par_3_Lg_2,estleg:ABIPOL_Par_10_Lg_1,estleg:referencedBy
estleg:ABIPOL_Par_3_Lg_2,estleg:ABIPOL_Par_14,estleg:referencedBy
estleg:ABIPOL_Par_3_Lg_2,estleg:ABIPOL_Par_14_Lg_1,estleg:referencedBy
estleg:ABIPOL_Par_3_Lg_2,estleg:ABIPOL_Par_2,estleg:referencedBy
estleg:ABIPOL_Par_3_Lg_2,estleg:ABIPOL_Par_2_Lg_2,estleg:referencedBy
estleg:ABIPOL_Par_3_Lg_2,estleg:ABIPOL_Par_37_Lg_4,estleg:referencedBy
estleg:ABIPOL_Par_3_Lg_2,estleg:ABIPOL_Par_4,estleg:referencedBy
estleg:ABIPOL_Par_3_Lg_2,estleg:ABIPOL_Par_4_Lg_1_1,estleg:referencedBy
estleg:ABIPOL_Par_3_Lg_2,estleg:ABIPOL_Par_8,estleg:referencedBy
estleg:ABIPOL_Par_3_Lg_2,estleg:ABIPOL_Par_8_Lg_2,estleg:referencedBy
estleg:ABIPOL_Par_3_Lg_3,estleg:ABIPOL_Par_16_Lg_3,estleg:referencedBy
estleg:ABIPOL_Par_3_Lg_3,estleg:ABIPOL_Par_7_Lg_3_1,estleg:referencedBy
estleg:ABIPOL_Par_3_Lg_3,estleg:KORS_Par_18,estleg:references
estleg:ABIPOL_Par_3_Lg_3,estleg:Reg_1000394_Par_1,estleg:referencedBy
estleg:ABIPOL_Par_3_Lg_3,estleg:Reg_1054499_Par_5,estleg:referencedBy
estleg:ABIPOL_Par_4,estleg:ABIPOL_Par_3_Lg_2,estleg:references
estleg:ABIPOL_Par_4,estleg:ABIPOL_Par_42,estleg:referencedBy
estleg:ABIPOL_Par_4,estleg:ABIPOL_Par_42_Lg_1,estleg:referencedBy
estleg:ABIPOL_Par_4,estleg:ABIPOL_Par_45,estleg:referencedBy
estleg:ABIPOL_Par_4,estleg:ABIPOL_Par_45_Lg_1,estleg:referencedBy
estleg:ABIPOL_Par_42,estleg:ABIPOL_Par_4,estleg:references
estleg:ABIPOL_Par_42_1,estleg:ABIPOL_Par_3_Lg_1,estleg:references
estleg:ABIPOL_Par_42_1_Lg_2,estleg:ABIPOL_Par_3_Lg_1,estleg:references
estleg:ABIPOL_Par_42_4,estleg:ABIPOL_Par_8,estleg:references
estleg:ABIPOL_Par_42_4_Lg_1,estleg:ABIPOL_Par_8,estleg:references
estleg:ABIPOL_Par_42_Lg_1,estleg:ABIPOL_Par_4,estleg:references
estleg:ABIPOL_Par_43,estleg:ABIPOL_Par_44,estleg:referencedBy
estleg:ABIPOL_Par_43,estleg:ABIPOL_Par_44_Lg_2,estleg:referencedBy
estleg:ABIPOL_Par_43,estleg:KARIST_2_Osa1_Par_83,estleg:references
estleg:ABIPOL_Par_43_Lg_2,estleg:KARIST_2_Osa1_Par_83,estleg:references
estleg:ABIPOL_Par_44,estleg:ABIPOL_Par_43,estleg:references
estleg:ABIPOL_Par_44_Lg_2,estleg:ABIPOL_Par_43,estleg:references
estleg:ABIPOL_Par_45,estleg:ABIPOL_Par_4,estleg:references
estleg:ABIPOL_Par_45_1,estleg:ABIPOL_Par_38,estleg:references
estleg:ABIPOL_Par_45_1_Lg_1,estleg:ABIPOL_Par_38,estleg:references
estleg:ABIPOL_Par_45_Lg_1,estleg:ABIPOL_Par_4,estleg:references
estleg:ABIPOL_Par_4_Lg_1_1,estleg:ABIPOL_Par_3_Lg_2,estleg:references
estleg:ABIPOL_Par_5,estleg:ABIPOL_Par_6,estleg:referencedBy
estleg:ABIPOL_Par_5,estleg:ABIPOL_Par_6_Lg_1,estleg:referencedBy
estleg:ABIPOL_Par_6,estleg:ABIPOL_Par_5,estleg:references
estleg:ABIPOL_Par_6,estleg:ABIPOL_Par_7,estleg:referencedBy
estleg:ABIPOL_Par_6,estleg:ABIPOL_Par_7_Lg_1,estleg:referencedBy
estleg:ABIPOL_Par_6_Lg_1,estleg:ABIPOL_Par_5,estleg:references
estleg:ABIPOL_Par_6_Lg_1_2,estleg:KORS_Par_18,estleg:references
estleg:ABIPOL_Par_6_Lg_1_3,estleg:KORS_Par_18,estleg:references
estleg:ABIPOL_Par_7,estleg:ABIPOL_Par_6,estleg:references
estleg:ABIPOL_Par_7_Lg_1,estleg:ABIPOL_Par_6,estleg:references
estleg:ABIPOL_Par_7_Lg_3_1,estleg:ABIPOL_Par_3_Lg_3,estleg:references
estleg:ABIPOL_Par_8,estleg:ABIPOL_Par_3_Lg_2,estleg:references
estleg:ABIPOL_Par_8,estleg:ABIPOL_Par_42_4,estleg:referencedBy
estleg:ABIPOL_Par_8,estleg:ABIPOL_Par_42_4_Lg_1,estleg:referencedBy
estleg:ABIPOL_Par_8_Lg_2,estleg:ABIPOL_Par_10,estleg:referencedBy
estleg:ABIPOL_Par_8_Lg_2,estleg:ABIPOL_Par_10_Lg_1,estleg:referencedBy
estleg:ABIPOL_Par_8_Lg_2,estleg:ABIPOL_Par_3_Lg_2,estleg:references
estleg:ABIPOL_Par_8_Lg_6,estleg:ABIPOL_Par_12_Lg_2,estleg:referencedBy
estleg:AVTS_Map,estleg:AVTS_Par_11,estleg:references
estleg:AVTS_Map,estleg:AVTS_Par_16,estleg:referencedBy
estleg:AVTS_Map,estleg:AVTS_Par_16_Lg_2,estleg:referencedBy
estleg:AVTS_Map,estleg:AVTS_Par_17_Lg_4,estleg:references
estleg:AVTS_Map,estleg:AVTS_Par_25_Lg_2,estleg:references
estleg:AVTS_Map,estleg:AVTS_Par_28,estleg:references
estleg:AVTS_Map,estleg:AVTS_Par_28_Lg_1,estleg:references
estleg:AVTS_Map,estleg:AVTS_Par_29,estleg:referencedBy
estleg:AVTS_Map,estleg:AVTS_Par_29,estleg:references
estleg:AVTS_Map,estleg:AVTS_Par_29_Lg_1,estleg:referencedBy
estleg:AVTS_Map,estleg:AVTS_Par_29_Lg_5,estleg:referencedBy
estleg:AVTS_Map,estleg:AVTS_Par_30_Lg_2,estleg:referencedBy
estleg:AVTS_Map,estleg:AVTS_Par_31,estleg:references
estleg:AVTS_Map,estleg:AVTS_Par_32,estleg:references
estleg:AVTS_Map,estleg:AVTS_Par_32_Lg_1,estleg:references
estleg:AVTS_Map,estleg:AVTS_Par_41_Lg_3,estleg:references
estleg:AVTS_Map,estleg:AVTS_Par_44,estleg:references
estleg:AVTS_Map,estleg:AVTS_Par_46,estleg:referencedBy
estleg:AVTS_Map,estleg:AVTS_Par_46_Lg_1,estleg:referencedBy
estleg:AVTS_Map,estleg:AVTS_Par_56,estleg:referencedBy
estleg:AVTS_Map,estleg:AVTS_Par_56_1,estleg:referencedBy
estleg:AVTS_Map,estleg:AVTS_Par_56_1_Lg_3,estleg:referencedBy
estleg:AVTS_Map,estleg:AVTS_Par_56_Lg_2,estleg:referencedBy
estleg:AVTS_Map,estleg:AVTS_Par_58_2,estleg:referencedBy
estleg:AVTS_Map,estleg:AVTS_Par_58_2_Lg_1,estleg:referencedBy
estleg:AVTS_Map,estleg:KORS_Par_30,estleg:references
estleg:AVTS_Map,estleg:RAS_Par_2,estleg:referencedBy
estleg:AVTS_Map,estleg:RAS_Par_2_Lg_1,estleg:referencedBy
estleg:AVTS_Map,estleg:RRS_Par_44_Lg_2,estleg:referencedBy
estleg:AVTS_Map,estleg:Reg_1016079_Par_6,estleg:referencedBy
estleg:AVTS_Map,estleg:Reg_1032305_Par_17_20,estleg:referencedBy
estleg:AVTS_Map,estleg:Reg_1037179_Par_17,estleg:referencedBy
estleg:AVTS_Map,estleg:Reg_1037180_Par_17,estleg:referencedBy
estleg:AVTS_Map,estleg:Reg_1049166_Par_8,estleg:referencedBy
estleg:AVTS_Map,estleg:Reg_1053211_Par_50,estleg:referencedBy
estleg:AVTS_Map,estleg:Reg_1055293_Par_18,estleg:referencedBy
estleg:AVTS_Map,estleg:Reg_1056400_Par_16,estleg:referencedBy
estleg:AVTS_Map,estleg:Reg_1057089_Par_31,estleg:referencedBy
estleg:AVTS_Map,estleg:Reg_1058013_Par_19,estleg:referencedBy
estleg:AVTS_Map,estleg:Reg_1062662_Par_20,estleg:referencedBy
estleg:AVTS_Map,estleg:Reg_339863_Par_14,estleg:referencedBy
estleg:AVTS_Map,estleg:STS2014_2020_Par_39,estleg:referencedBy
estleg:AVTS_Map,estleg:STS2014_2020_Par_39_Lg_2,estleg:referencedBy
estleg:AVTS_Map,estleg:STS2014_2020_Par_39_Lg_5,estleg:referencedBy
estleg:AVTS_Map,estleg:USS2021_2027_Par_20,estleg:referencedBy
estleg:AVTS_Map,estleg:USS2021_2027_Par_20_Lg_2,estleg:referencedBy
estleg:AVTS_Map,estleg:USS2021_2027_Par_39,estleg:referencedBy
estleg:AVTS_Map,estleg:USS2021_2027_Par_39_Lg_2,estleg:referencedBy
estleg:AVTS_Par_11,estleg:AVTS_Par_16,estleg:referencedBy
estleg:AVTS_Par_11,estleg:AVTS_Par_16_Lg_2,estleg:referencedBy
estleg:AVTS_Par_12,estleg:Reg_1049166_Par_8,estleg:referencedBy
estleg:AVTS_Par_16,estleg:AVTS_Par_11,estleg:references
estleg:AVTS_Par_16_Lg_2,estleg:AVTS_Par_11,estleg:references
estleg:AVTS_Par_17_Lg_4,estleg:AVTS_Par_22,estleg:referencedBy
estleg:AVTS_Par_17_Lg_4,estleg:AVTS_Par_22_Lg_1,estleg:referencedBy
estleg:AVTS_Par_2,estleg:Reg_339863_Par_14,estleg:referencedBy
estleg:AVTS_Par_22,estleg:AVTS_Par_17_Lg_4,estleg:references
estleg:AVTS_Par_22_Lg_1,estleg:AVTS_Par_17_Lg_4,estleg:references
estleg:AVTS_Par_25_Lg_2,estleg:AVTS_Par_26,estleg:referencedBy
estleg:AVTS_Par_25_Lg_2,estleg:AVTS_Par_26_Lg_1,estleg:referencedBy
estleg:AVTS_Par_25_Lg_2,estleg:Reg_1047553_Par_19,estleg:referencedBy
estleg:AVTS_Par_25_Lg_2,estleg:Reg_1048077_Par_19,estleg:referencedBy
estleg:AVTS_Par_25_Lg_5,estleg:AVTS_Par_5_Lg_1,estleg:references
estleg:AVTS_Par_26,estleg:AVTS_Par_25_Lg_2,estleg:references
estleg:AVTS_Par_26_Lg_1,estleg:AVTS_Par_25_Lg_2,estleg:references
estleg:AVTS_Par_28,estleg:AVTS_Par_58_2,estleg:referencedBy
estleg:AVTS_Par_28,estleg:AVTS_Par_58_2_Lg_1,estleg:referencedBy
estleg:AVTS_Par_28_Lg_1,estleg:AVTS_Par_29,estleg:referencedBy
estleg:AVTS_Par_28_Lg_1,estleg:AVTS_Par_29_Lg_1,estleg:referencedBy
estleg:AVTS_Par_28_Lg_1,estleg:AVTS_Par_29_Lg_2,estleg:referencedBy
estleg:AVTS_Par_28_Lg_1,estleg:AVTS_Par_29_Lg_3,estleg:referencedBy
estleg:AVTS_Par_28_Lg_1,estleg:AVTS_Par_29_Lg_5,estleg:referencedBy
estleg:AVTS_Par_28_Lg_1,estleg:Reg_1003453_Par_7,estleg:referencedBy
estleg:AVTS_Par_28_Lg_1,estleg:Reg_1012583_Par_11,estleg:referencedBy
estleg:AVTS_Par_29,estleg:AVTS_Par_28_Lg_1,estleg:references
estleg:AVTS_Par_29,estleg:AVTS_Par_31,estleg:references
estleg:AVTS_Par_29,estleg:AVTS_Par_58_2,estleg:referencedBy
estleg:AVTS_Par_29,estleg:AVTS_Par_58_2_Lg_1,estleg:referencedBy
estleg:AVTS_Par_29_Lg_1,estleg:AVTS_Par_28_Lg_1,estleg:references
estleg:AVTS_Par_29_Lg_1,estleg:AVTS_Par_31,estleg:references
estleg:AVTS_Par_29_Lg_2,estleg:AVTS_Par_28_Lg_1,estleg:references
estleg:AVTS_Par_29_Lg_3,estleg:AVTS_Par_28_Lg_1,estleg:references
estleg:AVTS_Par_29_Lg_5,estleg:AVTS_Par_28_Lg_1,estleg:references
estleg:AVTS_Par_29_Lg_5,estleg:AVTS_Par_31,estleg:references
estleg:AVTS_Par_30_Lg_2,estleg:AVTS_Par_31,estleg:references
estleg:AVTS_Par_31,estleg:AVTS_Par_29,estleg:referencedBy
estleg:AVTS_Par_31,estleg:AVTS_Par_29_Lg_1,estleg:referencedBy
estleg:AVTS_Par_31,estleg:AVTS_Par_29_Lg_5,estleg:referencedBy
estleg:AVTS_Par_31,estleg:AVTS_Par_30_Lg_2,estleg:referencedBy
estleg:AVTS_Par_31,estleg:AVTS_Par_56,estleg:referencedBy
estleg:AVTS_Par_31,estleg:AVTS_Par_56_Lg_2,estleg:referencedBy
estleg:AVTS_Par_31,estleg:RRS_Par_44_Lg_2,estleg:referencedBy
estleg:AVTS_Par_32,estleg:AVTS_Par_56_1,estleg:referencedBy
estleg:AVTS_Par_32,estleg:AVTS_Par_56_1_Lg_3,estleg:referencedBy
estleg:AVTS_Par_32_Lg_1,estleg:AVTS_Par_56_1,estleg:referencedBy
estleg:AVTS_Par_32_Lg_1,estleg:AVTS_Par_56_1_Lg_1,estleg:referencedBy
estleg:AVTS_Par_32_Lg_1,estleg:AVTS_Par_56_1_Lg_2,estleg:referencedBy
estleg:AVTS_Par_32_Lg_1,estleg:ELTS_Par_58_4_Lg_3,estleg:referencedBy
estleg:AVTS_Par_32_Lg_6,estleg:AVTS_Par_5_Lg_3,estleg:references
estleg:AVTS_Par_32_Lg_6,estleg:alusharidusseadus_Par_60,estleg:referencedBy
estleg:AVTS_Par_35_Lg_1,estleg:KARIST_Par_5_Lg_2,estleg:referencedBy
estleg:AVTS_Par_35_Lg_1,estleg:KESKKO_Par_40_1_Lg_3_1,estleg:referencedBy
estleg:AVTS_Par_35_Lg_1,estleg:KonkS_Par_63_Lg_1_2,estleg:referencedBy
estleg:AVTS_Par_35_Lg_1,estleg:MKS_Par_27,estleg:references
estleg:AVTS_Par_35_Lg_1,estleg:POLITS_Par_6_1,estleg:referencedBy
estleg:AVTS_Par_35_Lg_1,estleg:POLITS_Par_6_1_Lg_1,estleg:referencedBy
estleg:AVTS_Par_35_Lg_1,estleg:RKT_Par_39,estleg:referencedBy
estleg:AVTS_Par_35_Lg_1,estleg:RKT_Par_39_Lg_3,estleg:referencedBy
estleg:AVTS_Par_35_Lg_1,estleg:Reg_1059616_Par_3,estleg:referencedBy
estleg:AVTS_Par_35_Lg_1,estleg:Reg_1059743_Par_3,estleg:referencedBy
estleg:AVTS_Par_35_Lg_1,estleg:Reg_1060192_Par_3,estleg:referencedBy
estleg:AVTS_Par_35_Lg_1,estleg:STS2014_2020_Par_39_Lg_2,estleg:referencedBy
estleg:AVTS_Par_35_Lg_1,estleg:UHISVE_Par_15_Lg_7,estleg:referencedBy
estleg:AVTS_Par_38_Lg_3,estleg:ELUP_Par_114,estleg:referencedBy
estleg:AVTS_Par_38_Lg_3,estleg:ELUP_Par_114_Lg_2,estleg:referencedBy
estleg:AVTS_Par_38_Lg_3,estleg:KALAND_Par_9,estleg:referencedBy
estleg:AVTS_Par_38_Lg_3,estleg:KALAND_Par_9_Lg_2,estleg:referencedBy
estleg:AVTS_Par_3_Lg_1,estleg:Reg_1058174_Par_1,estleg:referencedBy
estleg:AVTS_Par_40_Lg_1,estleg:KESKKO_Par_40_1_Lg_3_1,estleg:referencedBy
estleg:AVTS_Par_40_Lg_1,estleg:METS_Par_9_1_Lg_6,estleg:referencedBy
estleg:AVTS_Par_41_Lg_3,estleg:AVTS_Par_42,estleg:referencedBy
estleg:AVTS_Par_41_Lg_3,estleg:AVTS_Par_42_Lg_2_1,estleg:referencedBy
estleg:AVTS_Par_42,estleg:AVTS_Par_41_Lg_3,estleg:references
estleg:AVTS_Par_42_Lg_2_1,estleg:AVTS_Par_41_Lg_3,estleg:references
estleg:AVTS_Par_44,estleg:AVTS_Par_46,estleg:referencedBy
estleg:AVTS_Par_44,estleg:AVTS_Par_46_Lg_1,estleg:referencedBy
estleg:AVTS_Par_44,estleg:Reg_1032305_Par_17_20,estleg:referencedBy
estleg:AVTS_Par_44,estleg:Reg_1037179_Par_17,estleg:referencedBy
estleg:AVTS_Par_44,estleg:Reg_1037180_Par_17,estleg:referencedBy
estleg:AVTS_Par_44,estleg:Reg_1053211_Par_50,estleg:referencedBy
estleg:AVTS_Par_44,estleg:Reg_1055293_Par_18,estleg:referencedBy
estleg:AVTS_Par_44,estleg:Reg_1056400_Par_16,estleg:referencedBy
estleg:AVTS_Par_44,estleg:Reg_1057089_Par_31,estleg:referencedBy
estleg:AVTS_Par_44,estleg:Reg_1058013_Par_19,estleg:referencedBy
estleg:AVTS_Par_44,estleg:Reg_1062662_Par_20,estleg:referencedBy
estleg:AVTS_Par_46,estleg:AVTS_Par_44,estleg:references
estleg:AVTS_Par_46_Lg_1,estleg:AVTS_Par_44,estleg:references
estleg:AVTS_Par_5,estleg:RAS_Par_2,estleg:referencedBy
estleg:AVTS_Par_5,estleg:RAS_Par_2_Lg_1,estleg:referencedBy
estleg:AVTS_Par_5,estleg:Reg_1016079_Par_6,estleg:referencedBy
estleg:AVTS_Par_5,estleg:STS2014_2020_Par_39,estleg:referencedBy
estleg:AVTS_Par_5,estleg:STS2014_2020_Par_39_Lg_2,estleg:referencedBy
estleg:AVTS_Par_5,estleg:STS2014_2020_Par_39_Lg_5,estleg:referencedBy
estleg:AVTS_Par_5,estleg:USS2021_2027_Par_20,estleg:referencedBy
estleg:AVTS_Par_5,estleg:USS2021_2027_Par_20_Lg_2,estleg:referencedBy
estleg:AVTS_Par_5,estleg:USS2021_2027_Par_39,estleg:referencedBy
estleg:AVTS_Par_5,estleg:USS2021_2027_Par_39_Lg_2,estleg:referencedBy
estleg:AVTS_Par_50,estleg:KORS_Par_30,estleg:references
estleg:AVTS_Par_50_Lg_1,estleg:KORS_Par_30,estleg:references
estleg:AVTS_Par_53_1,estleg:KORS_Par_30,estleg:references
estleg:AVTS_Par_53_1_Lg_2,estleg:KORS_Par_30,estleg:references
estleg:AVTS_Par_53_3_Lg_3,estleg:KORS_Par_30,estleg:references
estleg:AVTS_Par_56,estleg:AVTS_Par_31,estleg:references
estleg:AVTS_Par_56_1,estleg:AVTS_Par_32,estleg:references
estleg:AVTS_Par_56_1,estleg:AVTS_Par_32_Lg_1,estleg:references
estleg:AVTS_Par_56_1_Lg_1,estleg:AVTS_Par_32_Lg_1,estleg:references
estleg:AVTS_Par_56_1_Lg_2,estleg:AVTS_Par_32_Lg_1,estleg:references
estleg:AVTS_Par_56_1_Lg_3,estleg:AVTS_Par_32,estleg:references
estleg:AVTS_Par_56_Lg_2,estleg:AVTS_Par_31,estleg:references
estleg:AVTS_Par_58_2,estleg:AVTS_Par_28,estleg:references
estleg:AVTS_Par_58_2,estleg:AVTS_Par_29,estleg:references
estleg:AVTS_Par_58_2_Lg_1,estleg:AVTS_Par_28,estleg:references
estleg:AVTS_Par_58_2_Lg_1,estleg:AVTS_Par_29,estleg:references
estleg:AVTS_Par_5_Lg_1,estleg:AVTS_Par_25_Lg_5,estleg:referencedBy
estleg:AVTS_Par_5_Lg_3,estleg:AVTS_Par_32_Lg_6,estleg:referencedBy
estleg:ISIKUA_Map,estleg:ANDMEK_Par_49,estleg:referencedBy
estleg:ISIKUA_Map,estleg:AUDIIT_Par_160_Lg_2,estleg:referencedBy
estleg:ISIKUA_Map,estleg:IGUS_Par_31,estleg:referencedBy
estleg:ISIKUA_Map,estleg:IGUS_Par_31_Lg_2,estleg:referencedBy
estleg:ISIKUA_Map,estleg:ISIKUA_Par_12_Lg_1,estleg:references
estleg:ISIKUA_Map,estleg:ISIKUA_Par_22_Lg_1,estleg:references
estleg:ISIKUA_Map,estleg:ISIKUA_Par_25,estleg:references
estleg:ISIKUA_Map,estleg:ISIKUA_Par_26,estleg:referencedBy
estleg:ISIKUA_Map,estleg:ISIKUA_Par_26_Lg_2,estleg:referencedBy
estleg:ISIKUA_Map,estleg:ISIKUA_Par_37_Lg_1,estleg:referencedBy
estleg:ISIKUA_Map,estleg:ISIKUA_Par_37_Lg_2,estleg:referencedBy
estleg:ISIKUA_Map,estleg:ISIKUA_Par_38,estleg:references
estleg:ISIKUA_Map,estleg:ISIKUA_Par_39,estleg:referencedBy
estleg:ISIKUA_Map,estleg:ISIKUA_Par_39_Lg_1,estleg:referencedBy
estleg:ISIKUA_Map,estleg:ISIKUA_Par_39_Lg_2,estleg:referencedBy
estleg:ISIKUA_Map,estleg:ISIKUA_Par_40,estleg:referencedBy
estleg:ISIKUA_Map,estleg:ISIKUA_Par_40_Lg_3,estleg:referencedBy
estleg:ISIKUA_Map,estleg:ISIKUA_Par_41,estleg:references
estleg:ISIKUA_Map,estleg:ISIKUA_Par_41_Lg_1,estleg:referencedBy
estleg:ISIKUA_Map,estleg:ISIKUA_Par_42,estleg:referencedBy
estleg:ISIKUA_Map,estleg:ISIKUA_Par_42_Lg_2,estleg:referencedBy
estleg:ISIKUA_Map,estleg:ISIKUA_Par_44_Lg_3,estleg:references
estleg:ISIKUA_Map,estleg:ISIKUA_Par_46_Lg_1,estleg:referencedBy
estleg:ISIKUA_Map,estleg:ISIKUA_Par_46_Lg_1,estleg:references
estleg:ISIKUA_Map,estleg:ISIKUA_Par_46_Lg_4,estleg:referencedBy
estleg:ISIKUA_Map,estleg:ISIKUA_Par_47,estleg:references
estleg:ISIKUA_Map,estleg:ISIKUA_Par_50,estleg:referencedBy
estleg:ISIKUA_Map,estleg:ISIKUA_Par_50_Lg_1,estleg:referencedBy
estleg:ISIKUA_Map,estleg:ISIKUA_Par_50_Lg_2,estleg:referencedBy
estleg:ISIKUA_Map,estleg:ISIKUA_Par_56_Lg_2,estleg:referencedBy
estleg:ISIKUA_Map,estleg:KARIST_2_Osa2_Par_157,estleg:references
estleg:ISIKUA_Map,estleg:KARIST_Par_21,estleg:referencedBy
estleg:ISIKUA_Map,estleg:KARIST_Par_21_Lg_1,estleg:referencedBy
estleg:ISIKUA_Map,estleg:KARIST_Par_21_Lg_3,estleg:referencedBy
estleg:ISIKUA_Map,estleg:KINDLU_Par_219_Lg_3,estleg:referencedBy
estleg:ISIKUA_Map,estleg:KINDLU_Par_219_Lg_4,estleg:referencedBy
estleg:ISIKUA_Map,estleg:KINNIS_Par_74_Lg_4_2,estleg:referencedBy
estleg:ISIKUA_Map,estleg:KIOS_Par_3_Lg_4,estleg:referencedBy
estleg:ISIKUA_Map,estleg:KORS_Par_30,estleg:references
estleg:ISIKUA_Map,estleg:KORS_Par_31,estleg:references
estleg:ISIKUA_Map,estleg:KORS_Par_32,estleg:references
estleg:ISIKUA_Map,estleg:KRIMIN_2_Par_15_2_Lg_7,estleg:referencedBy
estleg:ISIKUA_Map,estleg:NPALS_Par_11_1_Lg_7,estleg:referencedBy
estleg:ISIKUA_Map,estleg:POLITS_Par_25_6,estleg:referencedBy
estleg:ISIKUA_Map,estleg:POLITS_Par_25_6_Lg_1,estleg:referencedBy
estleg:ISIKUA_Map,estleg:RStS_Par_38_Lg_3,estleg:referencedBy
estleg:ISIKUA_Map,estleg:RTHS_Par_23_Lg_2,estleg:referencedBy
estleg:ISIKUA_Map,estleg:Reg_1046144_Par_12,estleg:referencedBy
estleg:ISIKUA_Map,estleg:Reg_1053211_Par_51,estleg:referencedBy
estleg:ISIKUA_Map,estleg:Reg_1057454_Par_12,estleg:referencedBy
estleg:ISIKUA_Map,estleg:Reg_1058871_Par_14,estleg:referencedBy
estleg:ISIKUA_Map,estleg:VABARI_Par_77_1,estleg:referencedBy
estleg:ISIKUA_Map,estleg:VABARI_Par_77_1_Lg_2,estleg:referencedBy
estleg:ISIKUA_Map,estleg:VABARI_Par_77_1_Lg_3,estleg:referencedBy
estleg:ISIKUA_Par_10,estleg:KINDLU_Par_219_Lg_3,estleg:referencedBy
estleg:ISIKUA_Par_10,estleg:KINDLU_Par_219_Lg_4,estleg:referencedBy
estleg:ISIKUA_Par_10,estleg:KIOS_Par_3_Lg_4,estleg:referencedBy
estleg:ISIKUA_Par_12_Lg_1,estleg:ISIKUA_Par_16,estleg:referencedBy
estleg:ISIKUA_Par_12_Lg_1,estleg:ISIKUA_Par_16_Lg_1,estleg:referencedBy
estleg:ISIKUA_Par_12_Lg_1,estleg:ISIKUA_Par_16_Lg_2,estleg:referencedBy
estleg:ISIKUA_Par_12_Lg_1,estleg:ISIKUA_Par_16_Lg_3,estleg:referencedBy
estleg:ISIKUA_Par_13_Lg_2,estleg:KOHTUE_Par_4_Lg_2,estleg:referencedBy
estleg:ISIKUA_Par_13_Lg_2,estleg:KRIMIN_2_Par_15_2,estleg:referencedBy
estleg:ISIKUA_Par_13_Lg_2,estleg:KRIMIN_2_Par_15_2_Lg_2,estleg:referencedBy
estleg:ISIKUA_Par_13_Lg_2,estleg:KRIMIN_2_Par_15_2_Lg_7,estleg:referencedBy
estleg:ISIKUA_Par_13_Lg_2,estleg:KrHS_Par_21_Lg_7_1,estleg:referencedBy
estleg:ISIKUA_Par_13_Lg_2,estleg:KrHS_Par_4_1,estleg:referencedBy
estleg:ISIKUA_Par_13_Lg_2,estleg:KrHS_Par_4_1_Lg_2,estleg:referencedBy
estleg:ISIKUA_Par_14,estleg:VABARI_Par_77_1,estleg:referencedBy
estleg:ISIKUA_Par_14,estleg:VABARI_Par_77_1_Lg_2,estleg:referencedBy
estleg:ISIKUA_Par_16,estleg:ISIKUA_Par_12_Lg_1,estleg:references
estleg:ISIKUA_Par_16_Lg_1,estleg:ISIKUA_Par_12_Lg_1,estleg:references
estleg:ISIKUA_Par_16_Lg_2,estleg:ISIKUA_Par_12_Lg_1,estleg:references
estleg:ISIKUA_Par_16_Lg_3,estleg:ISIKUA_Par_12_Lg_1,estleg:references
estleg:ISIKUA_Par_18,estleg:AUDIIT_Par_160_Lg_2,estleg:referencedBy
estleg:ISIKUA_Par_22_Lg_1,estleg:ISIKUA_Par_23,estleg:referencedBy
estleg:ISIKUA_Par_22_Lg_1,estleg:ISIKUA_Par_23_Lg_1,estleg:referencedBy
estleg:ISIKUA_Par_23,estleg:ISIKUA_Par_22_Lg_1,estleg:references
estleg:ISIKUA_Par_23,estleg:VABARI_Par_77_1_Lg_3,estleg:referencedBy
estleg:ISIKUA_Par_23_Lg_1,estleg:ISIKUA_Par_22_Lg_1,estleg:references
estleg:ISIKUA_Par_24,estleg:VABARI_Par_77_1_Lg_3,estleg:referencedBy
estleg:ISIKUA_Par_24_Lg_2,estleg:ISIKUA_Par_25_Lg_6,estleg:referencedBy
estleg:ISIKUA_Par_25,estleg:ISIKUA_Par_26,estleg:referencedBy
estleg:ISIKUA_Par_25,estleg:ISIKUA_Par_26_Lg_2,estleg:referencedBy
estleg:ISIKUA_Par_25,estleg:VABARI_Par_77_1_Lg_3,estleg:referencedBy
estleg:ISIKUA_Par_25_Lg_6,estleg:ISIKUA_Par_24_Lg_2,estleg:references
estleg:ISIKUA_Par_26,estleg:ISIKUA_Par_25,estleg:references
estleg:ISIKUA_Par_26_Lg_2,estleg:ISIKUA_Par_25,estleg:references
estleg:ISIKUA_Par_29_Lg_4,estleg:ISIKUA_Par_30_Lg_2,estleg:referencedBy
estleg:ISIKUA_Par_30_Lg_2,estleg:ISIKUA_Par_29_Lg_4,estleg:references
estleg:ISIKUA_Par_34,estleg:ANDMEK_Par_49,estleg:referencedBy
estleg:ISIKUA_Par_36,estleg:Reg_1046144_Par_12,estleg:referencedBy
estleg:ISIKUA_Par_36,estleg:Reg_1053211_Par_51,estleg:referencedBy
estleg:ISIKUA_Par_36,estleg:Reg_1057454_Par_12,estleg:referencedBy
estleg:ISIKUA_Par_36,estleg:Reg_1058871_Par_14,estleg:referencedBy
estleg:ISIKUA_Par_37_Lg_1,estleg:ISIKUA_Par_43,estleg:references
estleg:ISIKUA_Par_37_Lg_2,estleg:ISIKUA_Par_43,estleg:references
estleg:ISIKUA_Par_38,estleg:ISIKUA_Par_39,estleg:referencedBy
estleg:ISIKUA_Par_38,estleg:ISIKUA_Par_39_Lg_1,estleg:referencedBy
estleg:ISIKUA_Par_38,estleg:ISIKUA_Par_39_Lg_2,estleg:referencedBy
estleg:ISIKUA_Par_38,estleg:ISIKUA_Par_41_Lg_1,estleg:referencedBy
estleg:ISIKUA_Par_39,estleg:ISIKUA_Par_38,estleg:references
estleg:ISIKUA_Par_39,estleg:ISIKUA_Par_41_Lg_1,estleg:referencedBy
estleg:ISIKUA_Par_39,estleg:ISIKUA_Par_56_Lg_2,estleg:referencedBy
estleg:ISIKUA_Par_39_Lg_1,estleg:ISIKUA_Par_38,estleg:references
estleg:ISIKUA_Par_39_Lg_2,estleg:ISIKUA_Par_38,estleg:references
estleg:ISIKUA_Par_4,estleg:KINNIS_Par_74_Lg_4_2,estleg:referencedBy
estleg:ISIKUA_Par_40,estleg:ISIKUA_Par_41,estleg:references
estleg:ISIKUA_Par_40_Lg_3,estleg:ISIKUA_Par_41,estleg:references
estleg:ISIKUA_Par_41,estleg:ISIKUA_Par_40,estleg:referencedBy
estleg:ISIKUA_Par_41,estleg:ISIKUA_Par_40_Lg_3,estleg:referencedBy
estleg:ISIKUA_Par_41,estleg:ISIKUA_Par_42,estleg:referencedBy
estleg:ISIKUA_Par_41,estleg:ISIKUA_Par_42_Lg_2,estleg:referencedBy
estleg:ISIKUA_Par_41_Lg_1,estleg:ISIKUA_Par_38,estleg:references
estleg:ISIKUA_Par_41_Lg_1,estleg:ISIKUA_Par_39,estleg:references
estleg:ISIKUA_Par_42,estleg:ISIKUA_Par_41,estleg:references
estleg:ISIKUA_Par_42_Lg_2,estleg:ISIKUA_Par_41,estleg:references
estleg:ISIKUA_Par_43,estleg:ISIKUA_Par_37_Lg_1,estleg:referencedBy
estleg:ISIKUA_Par_43,estleg:ISIKUA_Par_37_Lg_2,estleg:referencedBy
estleg:ISIKUA_Par_44_Lg_3,estleg:ISIKUA_Par_45,estleg:referencedBy
estleg:ISIKUA_Par_44_Lg_3,estleg:ISIKUA_Par_45_Lg_2,estleg:referencedBy
estleg:ISIKUA_Par_45,estleg:ISIKUA_Par_44_Lg_3,estleg:references
estleg:ISIKUA_Par_45_Lg_2,estleg:ISIKUA_Par_44_Lg_3,estleg:references
estleg:ISIKUA_Par_46,estleg:POLITS_Par_25_6,estleg:referencedBy
estleg:ISIKUA_Par_46,estleg:POLITS_Par_25_6_Lg_1,estleg:referencedBy
estleg:ISIKUA_Par_46_Lg_1,estleg:ISIKUA_Par_47,estleg:referencedBy
estleg:ISIKUA_Par_46_Lg_1,estleg:ISIKUA_Par_47,estleg:references
estleg:ISIKUA_Par_46_Lg_1,estleg:ISIKUA_Par_47_Lg_1,estleg:referencedBy
estleg:ISIKUA_Par_46_Lg_1,estleg:ISIKUA_Par_48,estleg:referencedBy
estleg:ISIKUA_Par_46_Lg_1,estleg:ISIKUA_Par_48,estleg:references
estleg:ISIKUA_Par_46_Lg_1,estleg:ISIKUA_Par_48_Lg_1,estleg:referencedBy
estleg:ISIKUA_Par_46_Lg_2,estleg:POLITS_Par_25_6_Lg_3,estleg:referencedBy
estleg:ISIKUA_Par_46_Lg_4,estleg:ISIKUA_Par_47,estleg:references
estleg:ISIKUA_Par_47,estleg:ISIKUA_Par_46_Lg_1,estleg:referencedBy
estleg:ISIKUA_Par_47,estleg:ISIKUA_Par_46_Lg_1,estleg:references
estleg:ISIKUA_Par_47,estleg:ISIKUA_Par_46_Lg_4,estleg:referencedBy
estleg:ISIKUA_Par_47,estleg:ISIKUA_Par_50,estleg:referencedBy
estleg:ISIKUA_Par_47,estleg:ISIKUA_Par_50_Lg_1,estleg:referencedBy
estleg:ISIKUA_Par_47,estleg:ISIKUA_Par_50_Lg_2,estleg:referencedBy
estleg:ISIKUA_Par_47,estleg:POLITS_Par_25_6,estleg:referencedBy
estleg:ISIKUA_Par_47,estleg:POLITS_Par_25_6_Lg_1,estleg:referencedBy
estleg:ISIKUA_Par_47_Lg_1,estleg:ISIKUA_Par_46_Lg_1,estleg:references
estleg:ISIKUA_Par_48,estleg:ISIKUA_Par_46_Lg_1,estleg:referencedBy
estleg:ISIKUA_Par_48,estleg:ISIKUA_Par_46_Lg_1,estleg:references
estleg:ISIKUA_Par_48,estleg:POLITS_Par_25_6,estleg:referencedBy
estleg:ISIKUA_Par_48,estleg:POLITS_Par_25_6_Lg_1,estleg:referencedBy
estleg:ISIKUA_Par_48_Lg_1,estleg:ISIKUA_Par_46_Lg_1,estleg:references
estleg:ISIKUA_Par_49,estleg:KRIMIN_2_Par_15_2_Lg_7,estleg:referencedBy
estleg:ISIKUA_Par_50,estleg:ISIKUA_Par_47,estleg:references
estleg:ISIKUA_Par_50_Lg_1,estleg:ISIKUA_Par_47,estleg:references
estleg:ISIKUA_Par_50_Lg_2,estleg:ISIKUA_Par_47,estleg:references
estleg:ISIKUA_Par_53_Lg_3,estleg:VABARI_Par_105,estleg:references
estleg:ISIKUA_Par_53_Lg_5,estleg:RSV_Par_33_Lg_4,estleg:references
estleg:ISIKUA_Par_56_Lg_2,estleg:ISIKUA_Par_39,estleg:references
estleg:ISIKUA_Par_57,estleg:KORS_Par_30,estleg:references
estleg:ISIKUA_Par_57,estleg:KORS_Par_31,estleg:references
estleg:ISIKUA_Par_57,estleg:KORS_Par_32,estleg:references
estleg:ISIKUA_Par_57_Lg_1,estleg:KORS_Par_30,estleg:references
estleg:ISIKUA_Par_57_Lg_1,estleg:KORS_Par_31,estleg:references
estleg:ISIKUA_Par_57_Lg_1,estleg:KORS_Par_32,estleg:references
estleg:ISIKUA_Par_6,estleg:IGUS_Par_31,estleg:referencedBy
estleg:ISIKUA_Par_6,estleg:IGUS_Par_31_Lg_2,estleg:referencedBy
estleg:ISIKUA_Par_6,estleg:KARIST_Par_21,estleg:referencedBy
estleg:ISIKUA_Par_6,estleg:KARIST_Par_21_Lg_1,estleg:referencedBy
estleg:ISIKUA_Par_6,estleg:KARIST_Par_21_Lg_3,estleg:referencedBy
estleg:ISIKUA_Par_6,estleg:NPALS_Par_11_1_Lg_7,estleg:referencedBy
estleg:ISIKUA_Par_6,estleg:RStS_Par_38_Lg_3,estleg:referencedBy
estleg:ISIKUA_Par_6,estleg:RTHS_Par_23_Lg_2,estleg:referencedBy
estleg:ISIKUA_Par_6_Lg_4,estleg:Reg_1062390_Par_5,estleg:referencedBy
estleg:ISIKUA_Par_6_Lg_4,estleg:TAIKS_Par_19_Lg_6,estleg:referencedBy
estleg:ISIKUA_Par_6_Lg_4,estleg:TAIKS_Par_26,estleg:referencedBy
estleg:ISIKUA_Par_6_Lg_4,estleg:TAIKS_Par_26_Lg_1,estleg:referencedBy
estleg:ISIKUA_Par_6_Lg_5_1,estleg:TAIKS_Par_26,estleg:references
estleg:ISIKUA_Par_71,estleg:KARIST_2_Osa2_Par_157,estleg:references
estleg:ISIKUA_Par_71_Lg_1,estleg:KARIST_2_Osa2_Par_157,estleg:references
estleg:ISIKUA_Par_72,estleg:KARIST_2_Osa2_Par_157,estleg:references
estleg:ISIKUA_Par_72_Lg_1,estleg:KARIST_2_Osa2_Par_157,estleg:references
estleg:KOKS_Map,estleg:AVALIK_Par_16,estleg:references
estleg:KOKS_Map,estleg:AVALIK_Par_17,estleg:references
estleg:KOKS_Map,estleg:AVALIK_Par_18,estleg:references
estleg:KOKS_Map,estleg:AVALIK_Par_19,estleg:references
estleg:KOKS_Map,estleg:AVALIK_Par_20,estleg:references
estleg:KOKS_Map,estleg:ETH_Par_2,estleg:referencedBy
estleg:KOKS_Map,estleg:ETH_Par_2_Lg_3,estleg:referencedBy
estleg:KOKS_Map,estleg:EVH_Par_28,estleg:references
estleg:KOKS_Map,estleg:HKTS_Par_13_Lg_1_1,estleg:referencedBy
estleg:KOKS_Map,estleg:JaatS_Par_66_6,estleg:referencedBy
estleg:KOKS_Map,estleg:JaatS_Par_66_6_Lg_2,estleg:referencedBy
estleg:KOKS_Map,estleg:JaatS_Par_71_2_Lg_2,estleg:referencedBy
estleg:KOKS_Map,estleg:KOFS_Par_37,estleg:referencedBy
estleg:KOKS_Map,estleg:KOFS_Par_37_Lg_1,estleg:referencedBy
estleg:KOKS_Map,estleg:KOFS_Par_37_Lg_3,estleg:referencedBy
estleg:KOKS_Map,estleg:KOFS_Par_58,estleg:referencedBy
estleg:KOKS_Map,estleg:KOFS_Par_58_Lg_1,estleg:referencedBy
estleg:KOKS_Map,estleg:KOKS_Par_18,estleg:references
estleg:KOKS_Map,estleg:KOKS_Par_18_Lg_1,estleg:references
estleg:KOKS_Map,estleg:KOKS_Par_20,estleg:referencedBy
estleg:KOKS_Map,estleg:KOKS_Par_20_Lg_1,estleg:referencedBy
estleg:KOKS_Map,estleg:KOKS_Par_20_Lg_10,estleg:referencedBy
estleg:KOKS_Map,estleg:KOKS_Par_20_Lg_4,estleg:referencedBy
estleg:KOKS_Map,estleg:KOKS_Par_20_Lg_5,estleg:referencedBy
estleg:KOKS_Map,estleg:KOKS_Par_20_Lg_5_1,estleg:referencedBy
estleg:KOKS_Map,estleg:KOKS_Par_20_Lg_6,estleg:referencedBy
estleg:KOKS_Map,estleg:KOKS_Par_20_Lg_7,estleg:referencedBy
estleg:KOKS_Map,estleg:KOKS_Par_22_Lg_1,estleg:references
estleg:KOKS_Map,estleg:KOKS_Par_22_Lg_2,estleg:references
estleg:KOKS_Map,estleg:KOKS_Par_31_2_Lg_1,estleg:referencedBy
estleg:KOKS_Map,estleg:KOKS_Par_32,estleg:references
estleg:KOKS_Map,estleg:KOKS_Par_32_1,estleg:referencedBy
estleg:KOKS_Map,estleg:KOKS_Par_32_1_Lg_2,estleg:referencedBy
estleg:KOKS_Map,estleg:KOKS_Par_32_1_Lg_5,estleg:referencedBy
estleg:KOKS_Map,estleg:KOKS_Par_32_1_Lg_8,estleg:referencedBy
estleg:KOKS_Map,estleg:KOKS_Par_37_3,estleg:referencedBy
estleg:KOKS_Map,estleg:KOKS_Par_37_3_Lg_1,estleg:referencedBy
estleg:KOKS_Map,estleg:KOKS_Par_37_4_Lg_3,estleg:referencedBy
estleg:KOKS_Map,estleg:KOKS_Par_43,estleg:referencedBy
estleg:KOKS_Map,estleg:KOKS_Par_43_Lg_1,estleg:referencedBy
estleg:KOKS_Map,estleg:KOKS_Par_43_Lg_2_1,estleg:referencedBy
estleg:KOKS_Map,estleg:KOKS_Par_44_Lg_3,estleg:referencedBy
estleg:KOKS_Map,estleg:KOKS_Par_46_Lg_6,estleg:referencedBy
estleg:KOKS_Map,estleg:KOKS_Par_46_Lg_7,estleg:referencedBy
estleg:KOKS_Map,estleg:KOKS_Par_47,estleg:references
estleg:KOKS_Map,estleg:KOKS_Par_48,estleg:referencedBy
estleg:KOKS_Map,estleg:KOKS_Par_48,estleg:references
estleg:KOKS_Map,estleg:KOKS_Par_48_Lg_2,estleg:referencedBy
estleg:KOKS_Map,estleg:KOKS_Par_52,estleg:references
estleg:KOKS_Map,estleg:KOKS_Par_52_Lg_2,estleg:referencedBy
estleg:KOKS_Map,estleg:KOKS_Par_52_Lg_3,estleg:referencedBy
estleg:KOKS_Map,estleg:KOKS_Par_55_Lg_2,estleg:references
estleg:KOKS_Map,estleg:KOKS_Par_57_Lg_6,estleg:referencedBy
estleg:KOKS_Map,estleg:KOKS_Par_61,estleg:references
estleg:KOKS_Map,estleg:KOKS_Par_62,estleg:references
estleg:KOKS_Map,estleg:KOKS_Par_62_3_Lg_3,estleg:referencedBy
estleg:KOKS_Map,estleg:KOKS_Par_67,estleg:references
estleg:KOKS_Map,estleg:KOKS_Par_67_Lg_2,estleg:referencedBy
estleg:KOKS_Map,estleg:KOKS_Par_6_1,estleg:referencedBy
estleg:KOKS_Map,estleg:KOKS_Par_6_1_Lg_2,estleg:referencedBy
estleg:KOKS_Map,estleg:KOKS_Par_70_4,estleg:referencedBy
estleg:KOKS_Map,estleg:KOKS_Par_70_4_Lg_1,estleg:referencedBy
estleg:KOKS_Map,estleg:KOKS_Par_70_4_Lg_1_1,estleg:referencedBy
estleg:KOKS_Map,estleg:KOKS_Par_70_4_Lg_1_2,estleg:referencedBy
estleg:KOKS_Map,estleg:KOKS_Par_70_4_Lg_1_3,estleg:referencedBy
estleg:KOKS_Map,estleg:KOKS_Par_70_5,estleg:referencedBy
estleg:KOKS_Map,estleg:KOKS_Par_70_5_Lg_1,estleg:referencedBy
estleg:KOKS_Map,estleg:KOKS_Par_72_2,estleg:referencedBy
estleg:KOKS_Map,estleg:KOKS_Par_72_2_Lg_1,estleg:referencedBy
estleg:KOKS_Map,estleg:KOKS_Par_74,estleg:referencedBy
estleg:KOKS_Map,estleg:KOKS_Par_74_Lg_1,estleg:referencedBy
estleg:KOKS_Map,estleg:Keeleseadus_Par_11,estleg:references
estleg:KOKS_Map,estleg:PakS_Par_15_1_Lg_5,estleg:referencedBy
estleg:KOKS_Map,estleg:RIIGIV_Par_96_Lg_1,estleg:referencedBy
estleg:KOKS_Map,estleg:Reg_1002747_Par_19,estleg:referencedBy
estleg:KOKS_Map,estleg:Reg_1002747_Par_3,estleg:referencedBy
estleg:KOKS_Map,estleg:Reg_1002898_Par_6,estleg:referencedBy
estleg:KOKS_Map,estleg:Reg_1002913_Par_10,estleg:referencedBy
estleg:KOKS_Map,estleg:Reg_1004055_Par_1,estleg:referencedBy
estleg:KOKS_Map,estleg:Reg_1004233_Par_2,estleg:referencedBy
estleg:KOKS_Map,estleg:Reg_1004353_Par_12,estleg:referencedBy
estleg:KOKS_Map,estleg:Reg_1004353_Par_13,estleg:referencedBy
estleg:KOKS_Map,estleg:Reg_1009764_Par_2,estleg:referencedBy
estleg:KOKS_Map,estleg:Reg_1010469_Par_9,estleg:referencedBy
estleg:KOKS_Map,estleg:Reg_1012575_Par_13,estleg:referencedBy
estleg:KOKS_Map,estleg:Reg_1014187_Par_20,estleg:referencedBy
estleg:KOKS_Map,estleg:Reg_1020455_Par_6,estleg:referencedBy
estleg:KOKS_Map,estleg:Reg_1022857_Par_9,estleg:referencedBy
estleg:KOKS_Map,estleg:Reg_1030527_Par_11,estleg:referencedBy
estleg:KOKS_Map,estleg:Reg_1033190_Par_30,estleg:referencedBy
estleg:KOKS_Map,estleg:Reg_1039864_Par_18,estleg:referencedBy
estleg:KOKS_Map,estleg:Reg_1040980_Par_68,estleg:referencedBy
estleg:KOKS_Map,estleg:Reg_1041081_Par_10,estleg:referencedBy
estleg:KOKS_Map,estleg:Reg_1041082_Par_10,estleg:referencedBy
estleg:KOKS_Map,estleg:Reg_1041082_Par_17,estleg:referencedBy
estleg:KOKS_Map,estleg:Reg_1041082_Par_18,estleg:referencedBy
estleg:KOKS_Map,estleg:Reg_1041120_Par_60,estleg:referencedBy
estleg:KOKS_Map,estleg:Reg_1041183_Par_2,estleg:referencedBy
estleg:KOKS_Map,estleg:Reg_1041643_Par_33,estleg:referencedBy
estleg:KOKS_Map,estleg:Reg_1041766_Par_19,estleg:referencedBy
estleg:KOKS_Map,estleg:Reg_1041875_Par_48,estleg:referencedBy
estleg:KOKS_Map,estleg:Reg_1041903_Par_3,estleg:referencedBy
estleg:KOKS_Map,estleg:Reg_1042439_Par_3,estleg:referencedBy
estleg:KOKS_Map,estleg:Reg_1042447_Par_68,estleg:referencedBy
estleg:KOKS_Map,estleg:Reg_1042591_Par_38,estleg:referencedBy
estleg:KOKS_Map,estleg:Reg_1042591_Par_39,estleg:referencedBy
estleg:KOKS_Map,estleg:Reg_1042690_Par_59,estleg:referencedBy
estleg:KOKS_Map,estleg:Reg_1042722_Par_41,estleg:referencedBy
estleg:KOKS_Map,estleg:Reg_1042794_Par_42,estleg:referencedBy
estleg:KOKS_Map,estleg:Reg_1042812_Par_11,estleg:referencedBy
estleg:KOKS_Map,estleg:Reg_1042812_Par_23,estleg:referencedBy
estleg:KOKS_Map,estleg:Reg_1042812_Par_38,estleg:referencedBy
estleg:KOKS_Map,estleg:Reg_1042822_Par_35,estleg:referencedBy
estleg:KOKS_Map,estleg:Reg_1042822_Par_40,estleg:referencedBy
estleg:KOKS_Map,estleg:Reg_1042822_Par_41,estleg:referencedBy
estleg:KOKS_Map,estleg:Reg_1042822_Par_52,estleg:referencedBy
estleg:KOKS_Map,estleg:Reg_1042888_Par_4,estleg:referencedBy
estleg:KOKS_Map,estleg:Reg_1043040_Par_1,estleg:referencedBy
estleg:KOKS_Map,estleg:Reg_1043353_Par_5,estleg:referencedBy
estleg:KOKS_Map,estleg:Reg_1043374_Par_22,estleg:referencedBy
estleg:KOKS_Map,estleg:Reg_1043431_Par_7,estleg:referencedBy
estleg:KOKS_Map,estleg:Reg_1043504_Par_15,estleg:referencedBy
estleg:KOKS_Map,estleg:Reg_1043504_Par_22,estleg:referencedBy
estleg:KOKS_Map,estleg:Reg_1043504_Par_27,estleg:referencedBy
estleg:KOKS_Map,estleg:Reg_1043504_Par_29,estleg:referencedBy
estleg:KOKS_Map,estleg:Reg_1043901_Par_4,estleg:referencedBy
estleg:KOKS_Map,estleg:Reg_1043994_Par_4,estleg:referencedBy
estleg:KOKS_Map,estleg:Reg_1044162_Par_8,estleg:referencedBy
estleg:KOKS_Map,estleg:Reg_1044430_Par_2,estleg:referencedBy
estleg:KOKS_Map,estleg:Reg_1044438_Par_5,estleg:referencedBy
estleg:KOKS_Map,estleg:Reg_1044621_Par_15,estleg:referencedBy
estleg:KOKS_Map,estleg:Reg_1044692_Par_2,estleg:referencedBy
estleg:KOKS_Map,estleg:Reg_1044767_Par_51,estleg:referencedBy
estleg:KOKS_Map,estleg:Reg_1047989_Par_1,estleg:referencedBy
estleg:KOKS_Map,estleg:Reg_1048469_Par_28,estleg:referencedBy
estleg:KOKS_Map,estleg:Reg_1049363_Par_11,estleg:referencedBy
estleg:KOKS_Map,estleg:Reg_1049594_Par_5,estleg:referencedBy
estleg:KOKS_Map,estleg:Reg_1049601_Par_4,estleg:referencedBy
estleg:KOKS_Map,estleg:Reg_1049643_Par_16,estleg:referencedBy
estleg:KOKS_Map,estleg:Reg_1049643_Par_17,estleg:referencedBy
estleg:KOKS_Map,estleg:Reg_1049644_Par_7,estleg:referencedBy
estleg:KOKS_Map,estleg:Reg_1050548_Par_10,estleg:referencedBy
estleg:KOKS_Map,estleg:Reg_1050548_Par_11,estleg:referencedBy
estleg:KOKS_Map,estleg:Reg_1050932_Par_6,estleg:referencedBy
estleg:KOKS_Map,estleg:Reg_1052603_Par_7,estleg:referencedBy
estleg:KOKS_Map,estleg:Reg_1054353_Par_10,estleg:referencedBy
estleg:KOKS_Map,estleg:Reg_1054561_Par_31,estleg:referencedBy
estleg:KOKS_Map,estleg:Reg_1054561_Par_37,estleg:referencedBy
estleg:KOKS_Map,estleg:Reg_1054561_Par_48,estleg:referencedBy
estleg:KOKS_Map,estleg:Reg_1055172_Par_1,estleg:referencedBy
estleg:KOKS_Map,estleg:Reg_1055300_Par_8,estleg:referencedBy
estleg:KOKS_Map,estleg:Reg_1055380_Par_7,estleg:referencedBy
estleg:KOKS_Map,estleg:Reg_1055779_Par_4,estleg:referencedBy
estleg:KOKS_Map,estleg:Reg_1056549_Par_2,estleg:referencedBy
estleg:KOKS_Map,estleg:Reg_1058069_Par_4,estleg:referencedBy
estleg:KOKS_Map,estleg:Reg_1058560_Par_25,estleg:referencedBy
estleg:KOKS_Map,estleg:Reg_1059589_Par_6,estleg:referencedBy
estleg:KOKS_Map,estleg:Reg_1060690_Par_12,estleg:referencedBy
estleg:KOKS_Map,estleg:Reg_1060737_Par_11,estleg:referencedBy
estleg:KOKS_Map,estleg:Reg_1060737_Par_18,estleg:referencedBy
estleg:KOKS_Map,estleg:Reg_1060737_Par_21,estleg:referencedBy
estleg:KOKS_Map,estleg:Reg_1060831_Par_7,estleg:referencedBy
estleg:KOKS_Map,estleg:Reg_1061001_Par_10,estleg:referencedBy
estleg:KOKS_Map,estleg:Reg_1061601_Par_10,estleg:referencedBy
estleg:KOKS_Map,estleg:Reg_1061601_Par_44,estleg:referencedBy
estleg:KOKS_Map,estleg:Reg_1061608_Par_23,estleg:referencedBy
estleg:KOKS_Map,estleg:Reg_1062664_Par_3,estleg:referencedBy
estleg:KOKS_Map,estleg:Reg_1063124_Par_25,estleg:referencedBy
estleg:KOKS_Map,estleg:Reg_1063146_Par_3,estleg:referencedBy
estleg:KOKS_Map,estleg:VABARI_Par_105,estleg:references
estleg:KOKS_Par_14_Lg_3,estleg:ETH_Par_14_1_Lg_4_5,estleg:referencedBy
estleg:KOKS_Par_14_Lg_3,estleg:HALDUS_2_Par_12_Lg_4,estleg:referencedBy
estleg:KOKS_Par_17_Lg_4_1,estleg:TOOLEP_Par_54,estleg:references
estleg:KOKS_Par_18,estleg:KOKS_Par_20,estleg:referencedBy
estleg:KOKS_Par_18,estleg:KOKS_Par_20_Lg_1,estleg:referencedBy
estleg:KOKS_Par_18,estleg:KOKS_Par_20_Lg_10,estleg:referencedBy
estleg:KOKS_Par_18,estleg:KOKS_Par_20_Lg_4,estleg:referencedBy
estleg:KOKS_Par_18,estleg:KOKS_Par_20_Lg_5,estleg:referencedBy
estleg:KOKS_Par_18,estleg:KOKS_Par_20_Lg_5_1,estleg:referencedBy
estleg:KOKS_Par_18,estleg:KOKS_Par_20_Lg_6,estleg:referencedBy
estleg:KOKS_Par_18_Lg_1,estleg:KOKS_Par_19_Lg_3_1,estleg:referencedBy
estleg:KOKS_Par_18_Lg_1,estleg:KOKS_Par_20,estleg:referencedBy
estleg:KOKS_Par_18_Lg_1,estleg:KOKS_Par_20_Lg_2,estleg:referencedBy
estleg:KOKS_Par_19,estleg:KOKS_Par_20_Lg_7,estleg:referencedBy
estleg:KOKS_Par_19_Lg_3_1,estleg:KOKS_Par_18_Lg_1,estleg:references
estleg:KOKS_Par_20,estleg:KOKS_Par_18,estleg:references
estleg:KOKS_Par_20,estleg:KOKS_Par_18_Lg_1,estleg:references
estleg:KOKS_Par_20,estleg:KOKS_Par_52_Lg_2,estleg:referencedBy
estleg:KOKS_Par_20_Lg_1,estleg:KOKS_Par_18,estleg:references
estleg:KOKS_Par_20_Lg_10,estleg:KOKS_Par_18,estleg:references
estleg:KOKS_Par_20_Lg_2,estleg:KOKS_Par_18_Lg_1,estleg:references
estleg:KOKS_Par_20_Lg_4,estleg:KOKS_Par_18,estleg:references
estleg:KOKS_Par_20_Lg_5,estleg:KOKS_Par_18,estleg:references
estleg:KOKS_Par_20_Lg_5_1,estleg:KOKS_Par_18,estleg:references
estleg:KOKS_Par_20_Lg_6,estleg:KOKS_Par_18,estleg:references
estleg:KOKS_Par_20_Lg_7,estleg:KOKS_Par_19,estleg:references
estleg:KOKS_Par_22,estleg:KOKS_Par_52_Lg_3,estleg:referencedBy
estleg:KOKS_Par_22,estleg:Reg_1004055_Par_1,estleg:referencedBy
estleg:KOKS_Par_22,estleg:Reg_1004233_Par_2,estleg:referencedBy
estleg:KOKS_Par_22,estleg:Reg_1047989_Par_1,estleg:referencedBy
estleg:KOKS_Par_22,estleg:Reg_1058560_Par_25,estleg:referencedBy
estleg:KOKS_Par_22,estleg:Reg_1063124_Par_25,estleg:referencedBy
estleg:KOKS_Par_22_Lg_1,estleg:HALDUS_2_Par_15_Lg_1,estleg:referencedBy
estleg:KOKS_Par_22_Lg_1,estleg:JaatS_Par_135_Lg_2,estleg:references
estleg:KOKS_Par_22_Lg_1,estleg:KOFS_Par_34_Lg_7,estleg:references
estleg:KOKS_Par_22_Lg_1,estleg:KOFS_Par_37_Lg_3,estleg:references
estleg:KOKS_Par_22_Lg_1,estleg:KOFS_Par_44_Lg_5,estleg:referencedBy
estleg:KOKS_Par_22_Lg_1,estleg:KOKS_Par_45_Lg_5,estleg:referencedBy
estleg:KOKS_Par_22_Lg_1,estleg:KOKS_Par_48_1,estleg:referencedBy
estleg:KOKS_Par_22_Lg_1,estleg:KOKS_Par_48_1_Lg_3,estleg:referencedBy
estleg:KOKS_Par_22_Lg_1,estleg:KOKS_Par_54_1_Lg_3_1,estleg:referencedBy
estleg:KOKS_Par_22_Lg_1,estleg:KOKS_Par_66_2,estleg:referencedBy
estleg:KOKS_Par_22_Lg_1,estleg:KOKS_Par_66_2_Lg_1,estleg:referencedBy
estleg:KOKS_Par_22_Lg_1,estleg:KOKS_Par_66_3,estleg:referencedBy
estleg:KOKS_Par_22_Lg_1,estleg:KOKS_Par_66_3_Lg_1,estleg:referencedBy
estleg:KOKS_Par_22_Lg_1,estleg:PLANEE_2_Par_130_Lg_2,estleg:references
estleg:KOKS_Par_22_Lg_1,estleg:Reg_1040943_Par_25,estleg:referencedBy
estleg:KOKS_Par_22_Lg_1,estleg:Reg_1040980_Par_20,estleg:referencedBy
estleg:KOKS_Par_22_Lg_1,estleg:Reg_1042392_Par_24,estleg:referencedBy
estleg:KOKS_Par_22_Lg_1,estleg:Reg_1042447_Par_19,estleg:referencedBy
estleg:KOKS_Par_22_Lg_1,estleg:Reg_1042722_Par_9,estleg:referencedBy
estleg:KOKS_Par_22_Lg_1,estleg:Reg_1043020_Par_13,estleg:referencedBy
estleg:KOKS_Par_22_Lg_1,estleg:Reg_1049289_Par_2,estleg:referencedBy
estleg:KOKS_Par_22_Lg_1,estleg:Reg_1050144_Par_7,estleg:referencedBy
estleg:KOKS_Par_22_Lg_1,estleg:Reg_1061425_Par_1,estleg:referencedBy
estleg:KOKS_Par_22_Lg_2,estleg:KOKS_Par_30,estleg:referencedBy
estleg:KOKS_Par_22_Lg_2,estleg:KOKS_Par_30_Lg_1,estleg:referencedBy
estleg:KOKS_Par_22_Lg_2,estleg:Reg_1043504_Par_34,estleg:referencedBy
estleg:KOKS_Par_22_Lg_2,estleg:Reg_1062213_Par_2,estleg:referencedBy
estleg:KOKS_Par_22_Lg_3,estleg:Reg_1042532_Par_1,estleg:referencedBy
estleg:KOKS_Par_22_Lg_3,estleg:Reg_1063059_Par_13,estleg:referencedBy
estleg:KOKS_Par_23_Lg_1,estleg:Reg_1006058_Par_5,estleg:referencedBy
estleg:KOKS_Par_26_Lg_2,estleg:Reg_1040132_Par_95,estleg:referencedBy
estleg:KOKS_Par_28,estleg:KOKS_Par_46_Lg_6,estleg:referencedBy
estleg:KOKS_Par_3,estleg:ETH_Par_2,estleg:referencedBy
estleg:KOKS_Par_3,estleg:ETH_Par_2_Lg_3,estleg:referencedBy
estleg:KOKS_Par_30,estleg:KOKS_Par_22_Lg_2,estleg:references
estleg:KOKS_Par_30,estleg:Reg_1041082_Par_17,estleg:referencedBy
estleg:KOKS_Par_30,estleg:Reg_1042822_Par_41,estleg:referencedBy
estleg:KOKS_Par_30,estleg:Reg_1054561_Par_37,estleg:referencedBy
estleg:KOKS_Par_30_Lg_1,estleg:KOKS_Par_22_Lg_2,estleg:references
estleg:KOKS_Par_30_Lg_3,estleg:PKTS_Par_42_Lg_9,estleg:referencedBy
estleg:KOKS_Par_30_Lg_3,estleg:haldusmenetluse_seadus_Par_5_Lg_3,estleg:references
estleg:KOKS_Par_31,estleg:KOKS_Par_57_Lg_6,estleg:referencedBy
estleg:KOKS_Par_31_2_Lg_1,estleg:KOKS_Par_32,estleg:references
estleg:KOKS_Par_32,estleg:KOKS_Par_31_2_Lg_1,estleg:referencedBy
estleg:KOKS_Par_32,estleg:KOKS_Par_32_1,estleg:referencedBy
estleg:KOKS_Par_32,estleg:KOKS_Par_32_1_Lg_2,estleg:referencedBy
estleg:KOKS_Par_32,estleg:KOKS_Par_32_1_Lg_5,estleg:referencedBy
estleg:KOKS_Par_32,estleg:KOKS_Par_32_1_Lg_8,estleg:referencedBy
estleg:KOKS_Par_32,estleg:Reg_1033190_Par_30,estleg:referencedBy
estleg:KOKS_Par_32,estleg:Reg_1040980_Par_68,estleg:referencedBy
estleg:KOKS_Par_32,estleg:Reg_1041081_Par_10,estleg:referencedBy
estleg:KOKS_Par_32,estleg:Reg_1041120_Par_60,estleg:referencedBy
estleg:KOKS_Par_32,estleg:Reg_1041643_Par_33,estleg:referencedBy
estleg:KOKS_Par_32,estleg:Reg_1042447_Par_68,estleg:referencedBy
estleg:KOKS_Par_32,estleg:Reg_1042690_Par_59,estleg:referencedBy
estleg:KOKS_Par_32,estleg:Reg_1042722_Par_41,estleg:referencedBy
estleg:KOKS_Par_32,estleg:Reg_1042794_Par_42,estleg:referencedBy
estleg:KOKS_Par_32,estleg:Reg_1042812_Par_38,estleg:referencedBy
estleg:KOKS_Par_32,estleg:Reg_1042822_Par_52,estleg:referencedBy
estleg:KOKS_Par_32,estleg:Reg_1054561_Par_48,estleg:referencedBy
estleg:KOKS_Par_32,estleg:Reg_1061601_Par_44,estleg:referencedBy
estleg:KOKS_Par_32,estleg:Reg_1063146_Par_3,estleg:referencedBy
estleg:KOKS_Par_32_1,estleg:KOKS_Par_32,estleg:references
estleg:KOKS_Par_32_1_Lg_2,estleg:KOKS_Par_32,estleg:references
estleg:KOKS_Par_32_1_Lg_5,estleg:KOKS_Par_32,estleg:references
estleg:KOKS_Par_32_1_Lg_8,estleg:KOKS_Par_32,estleg:references
estleg:KOKS_Par_32_Lg_1,estleg:HALDUS_2_Par_6,estleg:referencedBy
estleg:KOKS_Par_32_Lg_1,estleg:HALDUS_2_Par_6_Lg_2,estleg:referencedBy
estleg:KOKS_Par_32_Lg_2_2,estleg:ETH_Par_7_Lg_7,estleg:references
estleg:KOKS_Par_34_Lg_3_1,estleg:RIIGIV_Par_33,estleg:references
estleg:KOKS_Par_35_Lg_3_1,estleg:KOFS_Par_2,estleg:references
estleg:KOKS_Par_35_Lg_3_1,estleg:VPTS_Par_9,estleg:references
estleg:KOKS_Par_35_Lg_4_1,estleg:SAS_Par_5_Lg_5,estleg:references
estleg:KOKS_Par_35_Lg_4_2,estleg:MTUS_Par_14_Lg_2,estleg:references
estleg:KOKS_Par_36_Lg_2,estleg:Reg_1049593_Par_4,estleg:referencedBy
estleg:KOKS_Par_36_Lg_3,estleg:Reg_1042178_Par_7,estleg:referencedBy
estleg:KOKS_Par_36_Lg_3,estleg:Reg_1044939_Par_6,estleg:referencedBy
estleg:KOKS_Par_36_Lg_3,estleg:Reg_1046108_Par_10,estleg:referencedBy
estleg:KOKS_Par_37,estleg:Reg_1002747_Par_3,estleg:referencedBy
estleg:KOKS_Par_37,estleg:Reg_1044692_Par_2,estleg:referencedBy
estleg:KOKS_Par_37_3,estleg:KOKS_Par_61,estleg:references
estleg:KOKS_Par_37_3_Lg_1,estleg:KOKS_Par_61,estleg:references
estleg:KOKS_Par_37_4_Lg_3,estleg:KOKS_Par_61,estleg:references
estleg:KOKS_Par_37_Lg_2,estleg:Reg_1042515_Par_4,estleg:referencedBy
estleg:KOKS_Par_37_Lg_2,estleg:Reg_1042809_Par_9,estleg:referencedBy
estleg:KOKS_Par_37_Lg_2,estleg:Reg_1042908_Par_5,estleg:referencedBy
estleg:KOKS_Par_37_Lg_2,estleg:Reg_1044414_Par_5,estleg:referencedBy
estleg:KOKS_Par_37_Lg_2,estleg:Reg_1046193_Par_8,estleg:referencedBy
estleg:KOKS_Par_37_Lg_2,estleg:Reg_1046926_Par_8,estleg:referencedBy
estleg:KOKS_Par_37_Lg_2,estleg:Reg_1057079_Par_5,estleg:referencedBy
estleg:KOKS_Par_41,estleg:Keeleseadus_Par_11,estleg:references
estleg:KOKS_Par_41_Lg_3,estleg:Keeleseadus_Par_11,estleg:references
estleg:KOKS_Par_42,estleg:Reg_1041082_Par_10,estleg:referencedBy
estleg:KOKS_Par_42,estleg:Reg_1043504_Par_15,estleg:referencedBy
estleg:KOKS_Par_42,estleg:Reg_1056549_Par_2,estleg:referencedBy
estleg:KOKS_Par_42,estleg:Reg_1060737_Par_11,estleg:referencedBy
estleg:KOKS_Par_43,estleg:KOKS_Par_52,estleg:references
estleg:KOKS_Par_43_Lg_1,estleg:KOKS_Par_52,estleg:references
estleg:KOKS_Par_43_Lg_2_1,estleg:KOKS_Par_52,estleg:references
estleg:KOKS_Par_44_Lg_3,estleg:KOKS_Par_52,estleg:references
estleg:KOKS_Par_44_Lg_3,estleg:Reg_1041082_Par_11,estleg:referencedBy
estleg:KOKS_Par_45_Lg_5,estleg:KOKS_Par_22_Lg_1,estleg:references
estleg:KOKS_Par_45_Lg_5,estleg:Reg_1040943_Par_33,estleg:referencedBy
estleg:KOKS_Par_45_Lg_5,estleg:Reg_1040980_Par_28,estleg:referencedBy
estleg:KOKS_Par_45_Lg_5,estleg:Reg_1041120_Par_25,estleg:referencedBy
estleg:KOKS_Par_45_Lg_5,estleg:Reg_1042447_Par_27,estleg:referencedBy
estleg:KOKS_Par_45_Lg_5,estleg:Reg_1042591_Par_36,estleg:referencedBy
estleg:KOKS_Par_45_Lg_5,estleg:Reg_1042690_Par_30,estleg:referencedBy
estleg:KOKS_Par_45_Lg_5,estleg:Reg_1042722_Par_24,estleg:referencedBy
estleg:KOKS_Par_45_Lg_5,estleg:Reg_1042794_Par_19,estleg:referencedBy
estleg:KOKS_Par_45_Lg_5,estleg:Reg_1047077_Par_39,estleg:referencedBy
estleg:KOKS_Par_45_Lg_5,estleg:pohiseaduslikkuse_jarelevalve_kohtumenet_Par_7,estleg:references
estleg:KOKS_Par_45_Lg_6,estleg:KOKS_Par_57_Lg_13,estleg:referencedBy
estleg:KOKS_Par_46,estleg:Reg_1042591_Par_38,estleg:referencedBy
estleg:KOKS_Par_46,estleg:Reg_1043504_Par_27,estleg:referencedBy
estleg:KOKS_Par_46,estleg:Reg_1061608_Par_23,estleg:referencedBy
estleg:KOKS_Par_46_1,estleg:Reg_1042591_Par_39,estleg:referencedBy
estleg:KOKS_Par_46_Lg_6,estleg:KOKS_Par_28,estleg:references
estleg:KOKS_Par_46_Lg_6,estleg:KOKS_Par_49,estleg:references
estleg:KOKS_Par_46_Lg_7,estleg:KOKS_Par_49,estleg:references
estleg:KOKS_Par_47,estleg:KOKS_Par_48,estleg:referencedBy
estleg:KOKS_Par_47,estleg:KOKS_Par_48_Lg_2,estleg:referencedBy
estleg:KOKS_Par_47,estleg:KOKS_Par_72_2,estleg:referencedBy
estleg:KOKS_Par_47,estleg:KOKS_Par_72_2_Lg_1,estleg:referencedBy
estleg:KOKS_Par_47,estleg:Reg_1044438_Par_5,estleg:referencedBy
estleg:KOKS_Par_48,estleg:KOKS_Par_47,estleg:references
estleg:KOKS_Par_48,estleg:KOKS_Par_62_3_Lg_3,estleg:referencedBy
estleg:KOKS_Par_48,estleg:KOKS_Par_70_5,estleg:referencedBy
estleg:KOKS_Par_48,estleg:KOKS_Par_70_5_Lg_1,estleg:referencedBy
estleg:KOKS_Par_48,estleg:Reg_1002747_Par_19,estleg:referencedBy
estleg:KOKS_Par_48,estleg:Reg_1041766_Par_19,estleg:referencedBy
estleg:KOKS_Par_48,estleg:Reg_1043504_Par_22,estleg:referencedBy
estleg:KOKS_Par_48,estleg:Reg_1060737_Par_18,estleg:referencedBy
estleg:KOKS_Par_48_1,estleg:KOKS_Par_22_Lg_1,estleg:references
estleg:KOKS_Par_48_1_Lg_3,estleg:KOKS_Par_22_Lg_1,estleg:references
estleg:KOKS_Par_48_2,estleg:Reg_1042822_Par_35,estleg:referencedBy
estleg:KOKS_Par_48_2,estleg:Reg_1042822_Par_40,estleg:referencedBy
estleg:KOKS_Par_48_2,estleg:Reg_1054561_Par_31,estleg:referencedBy
estleg:KOKS_Par_48_2_Lg_1,estleg:Reg_1042543_Par_52,estleg:referencedBy
estleg:KOKS_Par_48_2_Lg_1,estleg:Reg_1043001_Par_69,estleg:referencedBy
estleg:KOKS_Par_48_Lg_2,estleg:KOKS_Par_47,estleg:references
estleg:KOKS_Par_48_Lg_3,estleg:Reg_1016570_Par_2,estleg:referencedBy
estleg:KOKS_Par_48_Lg_7,estleg:KOFS_Par_29_Lg_10,estleg:referencedBy
estleg:KOKS_Par_49,estleg:KOKS_Par_46_Lg_6,estleg:referencedBy
estleg:KOKS_Par_49,estleg:KOKS_Par_46_Lg_7,estleg:referencedBy
estleg:KOKS_Par_49_Lg_4_3,estleg:TOOLEP_Par_54,estleg:references
estleg:KOKS_Par_50,estleg:Reg_1041082_Par_18,estleg:referencedBy
estleg:KOKS_Par_50,estleg:Reg_1060737_Par_21,estleg:referencedBy
estleg:KOKS_Par_50_Lg_2,estleg:AVALIK_Par_89_Lg_4,estleg:referencedBy
estleg:KOKS_Par_52,estleg:KOFS_Par_58,estleg:referencedBy
estleg:KOKS_Par_52,estleg:KOFS_Par_58_Lg_1,estleg:referencedBy
estleg:KOKS_Par_52,estleg:KOKS_Par_43,estleg:referencedBy
estleg:KOKS_Par_52,estleg:KOKS_Par_43_Lg_1,estleg:referencedBy
estleg:KOKS_Par_52,estleg:KOKS_Par_43_Lg_2_1,estleg:referencedBy
estleg:KOKS_Par_52,estleg:KOKS_Par_44_Lg_3,estleg:referencedBy
estleg:KOKS_Par_52,estleg:Reg_1042812_Par_11,estleg:referencedBy
estleg:KOKS_Par_52,estleg:Reg_1042812_Par_23,estleg:referencedBy
estleg:KOKS_Par_52,estleg:Reg_1043504_Par_29,estleg:referencedBy
estleg:KOKS_Par_52,estleg:Reg_1061601_Par_10,estleg:referencedBy
estleg:KOKS_Par_52_Lg_1,estleg:KOFS_Par_46,estleg:references
estleg:KOKS_Par_52_Lg_2,estleg:KOKS_Par_20,estleg:references
estleg:KOKS_Par_52_Lg_2,estleg:Reg_1012560_Par_21,estleg:referencedBy
estleg:KOKS_Par_52_Lg_3,estleg:KOKS_Par_22,estleg:references
estleg:KOKS_Par_54_1_Lg_3_1,estleg:KOKS_Par_22_Lg_1,estleg:references
estleg:KOKS_Par_54_2_Lg_2,estleg:AVALIK_Par_23_Lg_2,estleg:references
estleg:KOKS_Par_55,estleg:EVH_Par_28,estleg:references
estleg:KOKS_Par_55_Lg_2,estleg:AVALIK_Par_2,estleg:references
estleg:KOKS_Par_55_Lg_2,estleg:EVH_Par_28,estleg:references
estleg:KOKS_Par_55_Lg_2,estleg:KOKS_Par_70_1,estleg:referencedBy
estleg:KOKS_Par_55_Lg_2,estleg:KOKS_Par_70_1_Lg_1,estleg:referencedBy
estleg:KOKS_Par_55_Lg_2,estleg:Reg_1040824_Par_17,estleg:referencedBy
estleg:KOKS_Par_55_Lg_2,estleg:Reg_1040836_Par_2,estleg:referencedBy
estleg:KOKS_Par_55_Lg_2,estleg:Reg_1040839_Par_15,estleg:referencedBy
estleg:KOKS_Par_55_Lg_2,estleg:Reg_1040892_Par_2,estleg:referencedBy
estleg:KOKS_Par_55_Lg_2,estleg:Reg_1041532_Par_16,estleg:referencedBy
estleg:KOKS_Par_55_Lg_4,estleg:KRIMIN_2_Par_141,estleg:references
estleg:KOKS_Par_55_Lg_5,estleg:KOVVS_Par_14,estleg:referencedBy
estleg:KOKS_Par_55_Lg_5,estleg:KOVVS_Par_14_Lg_4,estleg:referencedBy
estleg:KOKS_Par_57_1,estleg:AVALIK_Par_16,estleg:references
estleg:KOKS_Par_57_1,estleg:AVALIK_Par_17,estleg:references
estleg:KOKS_Par_57_1,estleg:AVALIK_Par_18,estleg:references
estleg:KOKS_Par_57_1,estleg:AVALIK_Par_19,estleg:references
estleg:KOKS_Par_57_1,estleg:AVALIK_Par_20,estleg:references
estleg:KOKS_Par_57_1_Lg_1_2,estleg:AVALIK_Par_16,estleg:references
estleg:KOKS_Par_57_1_Lg_1_2,estleg:AVALIK_Par_17,estleg:references
estleg:KOKS_Par_57_1_Lg_1_2,estleg:AVALIK_Par_18,estleg:references
estleg:KOKS_Par_57_1_Lg_1_2,estleg:AVALIK_Par_19,estleg:references
estleg:KOKS_Par_57_1_Lg_1_2,estleg:AVALIK_Par_20,estleg:references
estleg:KOKS_Par_57_Lg_13,estleg:KOKS_Par_45_Lg_6,estleg:references
estleg:KOKS_Par_57_Lg_2,estleg:HALDUS_2_Par_15,estleg:referencedBy
estleg:KOKS_Par_57_Lg_2,estleg:HALDUS_2_Par_15_Lg_1,estleg:referencedBy
estleg:KOKS_Par_57_Lg_6,estleg:KOKS_Par_31,estleg:references
estleg:KOKS_Par_59,estleg:KOKS_Par_67_Lg_2,estleg:referencedBy
estleg:KOKS_Par_6,estleg:KOFS_Par_37,estleg:referencedBy
estleg:KOKS_Par_6,estleg:KOFS_Par_37_Lg_1,estleg:referencedBy
estleg:KOKS_Par_6,estleg:KOFS_Par_37_Lg_3,estleg:referencedBy
estleg:KOKS_Par_6,estleg:RIIGIV_Par_96_Lg_1,estleg:referencedBy
estleg:KOKS_Par_6,estleg:Reg_1009764_Par_2,estleg:referencedBy
estleg:KOKS_Par_6,estleg:Reg_1041875_Par_48,estleg:referencedBy
estleg:KOKS_Par_6,estleg:Reg_1041903_Par_3,estleg:referencedBy
estleg:KOKS_Par_6,estleg:Reg_1042439_Par_3,estleg:referencedBy
estleg:KOKS_Par_6,estleg:Reg_1042888_Par_4,estleg:referencedBy
estleg:KOKS_Par_6,estleg:Reg_1043901_Par_4,estleg:referencedBy
estleg:KOKS_Par_6,estleg:Reg_1043994_Par_4,estleg:referencedBy
estleg:KOKS_Par_6,estleg:Reg_1044430_Par_2,estleg:referencedBy
estleg:KOKS_Par_6,estleg:Reg_1044767_Par_51,estleg:referencedBy
estleg:KOKS_Par_6,estleg:Reg_1048469_Par_28,estleg:referencedBy
estleg:KOKS_Par_6,estleg:Reg_1049601_Par_4,estleg:referencedBy
estleg:KOKS_Par_6,estleg:Reg_1055300_Par_8,estleg:referencedBy
estleg:KOKS_Par_6,estleg:Reg_1055380_Par_7,estleg:referencedBy
estleg:KOKS_Par_6,estleg:Reg_1055779_Par_4,estleg:referencedBy
estleg:KOKS_Par_6,estleg:Reg_1058069_Par_4,estleg:referencedBy
estleg:KOKS_Par_6,estleg:Reg_1060831_Par_7,estleg:referencedBy
estleg:KOKS_Par_6,estleg:Reg_1062664_Par_3,estleg:referencedBy
estleg:KOKS_Par_61,estleg:HKTS_Par_13_Lg_1_1,estleg:referencedBy
estleg:KOKS_Par_61,estleg:KOKS_Par_37_3,estleg:referencedBy
estleg:KOKS_Par_61,estleg:KOKS_Par_37_3_Lg_1,estleg:referencedBy
estleg:KOKS_Par_61,estleg:KOKS_Par_37_4_Lg_3,estleg:referencedBy
estleg:KOKS_Par_61,estleg:KOKS_Par_70_4,estleg:referencedBy
estleg:KOKS_Par_61,estleg:KOKS_Par_70_4_Lg_1,estleg:referencedBy
estleg:KOKS_Par_61,estleg:KOKS_Par_70_4_Lg_1_1,estleg:referencedBy
estleg:KOKS_Par_61,estleg:KOKS_Par_70_4_Lg_1_2,estleg:referencedBy
estleg:KOKS_Par_61,estleg:KOKS_Par_70_4_Lg_1_3,estleg:referencedBy
estleg:KOKS_Par_61,estleg:Reg_1041183_Par_2,estleg:referencedBy
estleg:KOKS_Par_61,estleg:Reg_1043040_Par_1,estleg:referencedBy
estleg:KOKS_Par_61,estleg:Reg_1055172_Par_1,estleg:referencedBy
estleg:KOKS_Par_62,estleg:JaatS_Par_66_6,estleg:referencedBy
estleg:KOKS_Par_62,estleg:JaatS_Par_66_6_Lg_2,estleg:referencedBy
estleg:KOKS_Par_62,estleg:JaatS_Par_71_2_Lg_2,estleg:referencedBy
estleg:KOKS_Par_62,estleg:KOKS_Par_6_1,estleg:referencedBy
estleg:KOKS_Par_62,estleg:KOKS_Par_6_1_Lg_2,estleg:referencedBy
estleg:KOKS_Par_62,estleg:PakS_Par_15_1_Lg_5,estleg:referencedBy
estleg:KOKS_Par_62,estleg:Reg_1061001_Par_10,estleg:referencedBy
estleg:KOKS_Par_62_3_Lg_3,estleg:KOKS_Par_48,estleg:references
estleg:KOKS_Par_62_Lg_1,estleg:RIIGIH_Par_42_Lg_7,estleg:referencedBy
estleg:KOKS_Par_66,estleg:Reg_1004353_Par_13,estleg:referencedBy
estleg:KOKS_Par_66,estleg:Reg_1043431_Par_7,estleg:referencedBy
estleg:KOKS_Par_66,estleg:Reg_1050548_Par_11,estleg:referencedBy
estleg:KOKS_Par_66,estleg:VABARI_Par_105,estleg:references
estleg:KOKS_Par_66_1,estleg:Reg_1052603_Par_7,estleg:referencedBy
estleg:KOKS_Par_66_2,estleg:KOKS_Par_22_Lg_1,estleg:references
estleg:KOKS_Par_66_2,estleg:Reg_1002913_Par_10,estleg:referencedBy
estleg:KOKS_Par_66_2,estleg:Reg_1004353_Par_12,estleg:referencedBy
estleg:KOKS_Par_66_2,estleg:Reg_1010469_Par_9,estleg:referencedBy
estleg:KOKS_Par_66_2,estleg:Reg_1012575_Par_13,estleg:referencedBy
estleg:KOKS_Par_66_2,estleg:Reg_1014187_Par_20,estleg:referencedBy
estleg:KOKS_Par_66_2,estleg:Reg_1022857_Par_9,estleg:referencedBy
estleg:KOKS_Par_66_2,estleg:Reg_1030527_Par_11,estleg:referencedBy
estleg:KOKS_Par_66_2,estleg:Reg_1039864_Par_18,estleg:referencedBy
estleg:KOKS_Par_66_2,estleg:Reg_1043374_Par_22,estleg:referencedBy
estleg:KOKS_Par_66_2,estleg:Reg_1044621_Par_15,estleg:referencedBy
estleg:KOKS_Par_66_2,estleg:Reg_1049363_Par_11,estleg:referencedBy
estleg:KOKS_Par_66_2,estleg:Reg_1049643_Par_16,estleg:referencedBy
estleg:KOKS_Par_66_2,estleg:Reg_1050548_Par_10,estleg:referencedBy
estleg:KOKS_Par_66_2,estleg:Reg_1050932_Par_6,estleg:referencedBy
estleg:KOKS_Par_66_2,estleg:Reg_1052603_Par_7,estleg:referencedBy
estleg:KOKS_Par_66_2,estleg:Reg_1054353_Par_10,estleg:referencedBy
estleg:KOKS_Par_66_2,estleg:Reg_1060690_Par_12,estleg:referencedBy
estleg:KOKS_Par_66_2_Lg_1,estleg:KOKS_Par_22_Lg_1,estleg:references
estleg:KOKS_Par_66_3,estleg:KOKS_Par_22_Lg_1,estleg:references
estleg:KOKS_Par_66_3,estleg:Reg_1002898_Par_6,estleg:referencedBy
estleg:KOKS_Par_66_3,estleg:Reg_1020455_Par_6,estleg:referencedBy
estleg:KOKS_Par_66_3,estleg:Reg_1043353_Par_5,estleg:referencedBy
estleg:KOKS_Par_66_3,estleg:Reg_1044162_Par_8,estleg:referencedBy
estleg:KOKS_Par_66_3,estleg:Reg_1049594_Par_5,estleg:referencedBy
estleg:KOKS_Par_66_3,estleg:Reg_1049644_Par_7,estleg:referencedBy
estleg:KOKS_Par_66_3,estleg:Reg_1059589_Par_6,estleg:referencedBy
estleg:KOKS_Par_66_3_Lg_1,estleg:KOKS_Par_22_Lg_1,estleg:references
estleg:KOKS_Par_66_4,estleg:Reg_1049643_Par_17,estleg:referencedBy
estleg:KOKS_Par_66_Lg_1,estleg:Reg_1045690_Par_1,estleg:referencedBy
estleg:KOKS_Par_66_Lg_1,estleg:VABARI_Par_105,estleg:references
estleg:KOKS_Par_66_Lg_2,estleg:Reg_1057788_Par_9,estleg:referencedBy
estleg:KOKS_Par_67,estleg:KOKS_Par_74,estleg:referencedBy
estleg:KOKS_Par_67,estleg:KOKS_Par_74_Lg_1,estleg:referencedBy
estleg:KOKS_Par_67_Lg_2,estleg:KOKS_Par_59,estleg:references
estleg:KOKS_Par_6_1,estleg:KOKS_Par_62,estleg:references
estleg:KOKS_Par_6_1_Lg_2,estleg:KOKS_Par_62,estleg:references
estleg:KOKS_Par_6_1_Lg_3_1,estleg:HKTS_Par_13,estleg:references
estleg:KOKS_Par_6_1_Lg_3_1,estleg:HKTS_Par_5,estleg:references
estleg:KOKS_Par_6_Lg_1,estleg:Reg_1035825_Par_4,estleg:referencedBy
estleg:KOKS_Par_6_Lg_1,estleg:Reg_1052572_Par_2,estleg:referencedBy
estleg:KOKS_Par_6_Lg_1,estleg:Reg_1059280_Par_3,estleg:referencedBy
estleg:KOKS_Par_6_Lg_2,estleg:alusharidusseadus_Par_66,estleg:referencedBy
estleg:KOKS_Par_6_Lg_3,estleg:Reg_1045108_Par_1,estleg:referencedBy
estleg:KOKS_Par_70_1,estleg:KOKS_Par_55_Lg_2,estleg:references
estleg:KOKS_Par_70_1_Lg_1,estleg:KOKS_Par_55_Lg_2,estleg:references
estleg:KOKS_Par_70_4,estleg:KOKS_Par_61,estleg:references
estleg:KOKS_Par_70_4_Lg_1,estleg:KOKS_Par_61,estleg:references
estleg:KOKS_Par_70_4_Lg_1_1,estleg:KOKS_Par_61,estleg:references
estleg:KOKS_Par_70_4_Lg_1_2,estleg:KOKS_Par_61,estleg:references
estleg:KOKS_Par_70_4_Lg_1_3,estleg:KOKS_Par_61,estleg:references
estleg:KOKS_Par_70_5,estleg:KOKS_Par_48,estleg:references
estleg:KOKS_Par_70_5_Lg_1,estleg:KOKS_Par_48,estleg:references
estleg:KOKS_Par_72_2,estleg:KOKS_Par_47,estleg:references
estleg:KOKS_Par_72_2_Lg_1,estleg:KOKS_Par_47,estleg:references
estleg:KOKS_Par_74,estleg:KOKS_Par_67,estleg:references
estleg:KOKS_Par_74_Lg_1,estleg:KOKS_Par_67,estleg:references
estleg:KOKS_Par_7_Lg_4,estleg:Reg_1047077_Par_33,estleg:referencedBy
estleg:Reg_1006236_Map,estleg:KalmS_Par_11,estleg:references
estleg:Reg_1006236_Par_6,estleg:KalmS_Par_11,estleg:references
estleg:Reg_1033307_Map,estleg:TOOVOI_Par_6_Lg_4,estleg:references
estleg:Reg_1033307_Par_2,estleg:TOOVOI_Par_6_Lg_4,estleg:references
estleg:Reg_1049579_Map,estleg:POHIKO_Par_58_Lg_3,estleg:references
estleg:Reg_1049579_Par_4,estleg:POHIKO_Par_58_Lg_3,estleg:references
estleg:Reg_1053078_Map,estleg:KARIST_2_Osa2_Par_209,estleg:references
estleg:Reg_1053078_Map,estleg:KARIST_2_Osa2_Par_210,estleg:references
estleg:Reg_1053078_Map,estleg:KARIST_2_Osa2_Par_211,estleg:references
estleg:Reg_1053078_Map,estleg:KARIST_2_Osa2_Par_212,estleg:references
estleg:Reg_1053078_Map,estleg:KonkS_Par_33,estleg:references
estleg:Reg_1053078_Map,estleg:STS2014_2020_Par_45,estleg:references
estleg:Reg_1053078_Map,estleg:haldusmenetluse_seadus_Par_73,estleg:references
estleg:Reg_1053078_Par_13,estleg:KonkS_Par_33,estleg:references
estleg:Reg_1053078_Par_20,estleg:KARIST_2_Osa2_Par_209,estleg:references
estleg:Reg_1053078_Par_20,estleg:KARIST_2_Osa2_Par_210,estleg:references
estleg:Reg_1053078_Par_20,estleg:KARIST_2_Osa2_Par_211,estleg:references
estleg:Reg_1053078_Par_20,estleg:KARIST_2_Osa2_Par_212,estleg:references
estleg:Reg_1053078_Par_30,estleg:STS2014_2020_Par_45,estleg:references
estleg:Reg_1053078_Par_4,estleg:haldusmenetluse_seadus_Par_73,estleg:references
estleg:TUIS_Map,estleg:AUS_Par_22,estleg:referencedBy
estleg:TUIS_Map,estleg:AUS_Par_22_Lg_1,estleg:referencedBy
estleg:TUIS_Map,estleg:AUS_Par_24_1,estleg:referencedBy
estleg:TUIS_Map,estleg:AUS_Par_24_1_Lg_2,estleg:referencedBy
estleg:TUIS_Map,estleg:INVEST_Par_375_Lg_6,estleg:referencedBy
estleg:TUIS_Map,estleg:KORS_Par_30,estleg:references
estleg:TUIS_Map,estleg:KORS_Par_31,estleg:references
estleg:TUIS_Map,estleg:KORS_Par_32,estleg:references
estleg:TUIS_Map,estleg:RAAMAT_Par_24_Lg_2,estleg:references
estleg:TUIS_Map,estleg:RAAMAT_Par_3,estleg:references
estleg:TUIS_Map,estleg:TOOLEP_Par_90,estleg:referencedBy
estleg:TUIS_Map,estleg:TOOLEP_Par_90_Lg_2,estleg:referencedBy
estleg:TUIS_Map,estleg:TUIS_Par_11,estleg:references
estleg:TUIS_Map,estleg:TUIS_Par_12,estleg:referencedBy
estleg:TUIS_Map,estleg:TUIS_Par_12_Lg_1,estleg:referencedBy
estleg:TUIS_Map,estleg:TUIS_Par_12_Lg_2,estleg:referencedBy
estleg:TUIS_Map,estleg:TUIS_Par_13,estleg:references
estleg:TUIS_Map,estleg:TUIS_Par_14_1,estleg:referencedBy
estleg:TUIS_Map,estleg:TUIS_Par_14_1_Lg_1,estleg:referencedBy
estleg:TUIS_Map,estleg:TUIS_Par_15_1,estleg:referencedBy
estleg:TUIS_Map,estleg:TUIS_Par_15_1_Lg_1,estleg:referencedBy
estleg:TUIS_Map,estleg:TUIS_Par_17,estleg:references
estleg:TUIS_Map,estleg:TUIS_Par_19,estleg:references
estleg:TUIS_Map,estleg:TUIS_Par_20_Lg_1,estleg:references
estleg:TUIS_Map,estleg:TUIS_Par_22,estleg:referencedBy
estleg:TUIS_Map,estleg:TUIS_Par_22_Lg_1,estleg:referencedBy
estleg:TUIS_Map,estleg:TUIS_Par_22_Lg_2,estleg:referencedBy
estleg:TUIS_Map,estleg:TUIS_Par_24,estleg:references
estleg:TUIS_Map,estleg:TUIS_Par_26,estleg:referencedBy
estleg:TUIS_Map,estleg:TUIS_Par_26_Lg_2,estleg:referencedBy
estleg:TUIS_Map,estleg:TUIS_Par_9,estleg:references
estleg:TUIS_Map,estleg:TUIS_Par_9_Lg_1,estleg:referencedBy
estleg:TUIS_Map,estleg:volaoigusseadus_Osa1_Par_181,estleg:references
estleg:TUIS_Par_11,estleg:TUIS_Par_12,estleg:referencedBy
estleg:TUIS_Par_11,estleg:TUIS_Par_12_Lg_1,estleg:referencedBy
estleg:TUIS_Par_11,estleg:TUIS_Par_12_Lg_2,estleg:referencedBy
estleg:TUIS_Par_12,estleg:TUIS_Par_11,estleg:references
estleg:TUIS_Par_12_Lg_1,estleg:TUIS_Par_11,estleg:references
estleg:TUIS_Par_12_Lg_2,estleg:TUIS_Par_11,estleg:references
estleg:TUIS_Par_13,estleg:TUIS_Par_14_1,estleg:referencedBy
estleg:TUIS_Par_13,estleg:TUIS_Par_14_1_Lg_1,estleg:referencedBy
estleg:TUIS_Par_14,estleg:TUIS_Par_9_Lg_1,estleg:referencedBy
estleg:TUIS_Par_14_1,estleg:TUIS_Par_13,estleg:references
estleg:TUIS_Par_14_1_Lg_1,estleg:TUIS_Par_13,estleg:references
estleg:TUIS_Par_15_1,estleg:RAAMAT_Par_24_Lg_2,estleg:references
estleg:TUIS_Par_15_1,estleg:RAAMAT_Par_3,estleg:references
estleg:TUIS_Par_15_1,estleg:TUIS_Par_19,estleg:references
estleg:TUIS_Par_15_1_Lg_1,estleg:RAAMAT_Par_24_Lg_2,estleg:references
estleg:TUIS_Par_15_1_Lg_1,estleg:RAAMAT_Par_3,estleg:references
estleg:TUIS_Par_15_1_Lg_1,estleg:TUIS_Par_19,estleg:references
estleg:TUIS_Par_17,estleg:AUS_Par_22,estleg:referencedBy
estleg:TUIS_Par_17,estleg:AUS_Par_22_Lg_1,estleg:referencedBy
estleg:TUIS_Par_17,estleg:TUIS_Par_22,estleg:referencedBy
estleg:TUIS_Par_17,estleg:TUIS_Par_22_Lg_2,estleg:referencedBy
estleg:TUIS_Par_18,estleg:AUS_Par_22,estleg:referencedBy
estleg:TUIS_Par_18,estleg:AUS_Par_22_Lg_1,estleg:referencedBy
estleg:TUIS_Par_18,estleg:TOOLEP_Par_90,estleg:referencedBy
estleg:TUIS_Par_18,estleg:TOOLEP_Par_90_Lg_2,estleg:referencedBy
estleg:TUIS_Par_18,estleg:TUIS_Par_20_Lg_1,estleg:references
estleg:TUIS_Par_18_Lg_1,estleg:TUIS_Par_20_Lg_1,estleg:references
estleg:TUIS_Par_19,estleg:AUS_Par_22,estleg:referencedBy
estleg:TUIS_Par_19,estleg:AUS_Par_22_Lg_1,estleg:referencedBy
estleg:TUIS_Par_19,estleg:TUIS_Par_15_1,estleg:referencedBy
estleg:TUIS_Par_19,estleg:TUIS_Par_15_1_Lg_1,estleg:referencedBy
estleg:TUIS_Par_19_Lg_2,estleg:TUIS_Par_20_Lg_1,estleg:references
estleg:TUIS_Par_2,estleg:INVEST_Par_375_Lg_6,estleg:referencedBy
estleg:TUIS_Par_20,estleg:AUS_Par_22,estleg:referencedBy
estleg:TUIS_Par_20,estleg:AUS_Par_22_Lg_1,estleg:referencedBy
estleg:TUIS_Par_20_Lg_1,estleg:TUIS_Par_18,estleg:referencedBy
estleg:TUIS_Par_20_Lg_1,estleg:TUIS_Par_18_Lg_1,estleg:referencedBy
estleg:TUIS_Par_20_Lg_1,estleg:TUIS_Par_19_Lg_2,estleg:referencedBy
estleg:TUIS_Par_21,estleg:AUS_Par_22,estleg:referencedBy
estleg:TUIS_Par_21,estleg:AUS_Par_22_Lg_1,estleg:referencedBy
estleg:TUIS_Par_22,estleg:AUS_Par_24_1,estleg:referencedBy
estleg:TUIS_Par_22,estleg:AUS_Par_24_1_Lg_2,estleg:referencedBy
estleg:TUIS_Par_22,estleg:KORS_Par_30,estleg:references
estleg:TUIS_Par_22,estleg:KORS_Par_31,estleg:references
estleg:TUIS_Par_22,estleg:KORS_Par_32,estleg:references
estleg:TUIS_Par_22,estleg:TUIS_Par_17,estleg:references
estleg:TUIS_Par_22,estleg:TUIS_Par_9,estleg:references
estleg:TUIS_Par_22_Lg_1,estleg:TUIS_Par_9,estleg:references
estleg:TUIS_Par_22_Lg_2,estleg:TUIS_Par_17,estleg:references
estleg:TUIS_Par_22_Lg_3,estleg:KORS_Par_30,estleg:references
estleg:TUIS_Par_22_Lg_3,estleg:KORS_Par_31,estleg:references
estleg:TUIS_Par_22_Lg_3,estleg:KORS_Par_32,estleg:references
estleg:TUIS_Par_24,estleg:TUIS_Par_26,estleg:referencedBy
estleg:TUIS_Par_24,estleg:TUIS_Par_26_Lg_2,estleg:referencedBy
estleg:TUIS_Par_26,estleg:TUIS_Par_24,estleg:references
estleg:TUIS_Par_26_Lg_2,estleg:TUIS_Par_24,estleg:references
estleg:TUIS_Par_8,estleg:volaoigusseadus_Osa1_Par_181,estleg:references
estleg:TUIS_Par_8_Lg_3,estleg:volaoigusseadus_Osa1_Par_181,estleg:references
estleg:TUIS_Par_9,estleg:TUIS_Par_22,estleg:referencedBy
estleg:TUIS_Par_9,estleg:TUIS_Par_22_Lg_1,estleg:referencedBy
estleg:TUIS_Par_9_Lg_1,estleg:TUIS_Par_14,estleg:references
