provision,institution,competence_type,competence,competence_area,granted_by
estleg:ABIPOL_Par_40,estleg:Institution_politsei_ja_piirivalveamet,general,estleg:Institution_politsei_ja_piirivalveamet_competence_general,internal_security,estleg:RelvS_Map
estleg:ABIPOL_Par_40_Lg_1_1,estleg:Institution_politsei_ja_piirivalveamet,general,estleg:Institution_politsei_ja_piirivalveamet_competence_general,internal_security,estleg:RelvS_Map
estleg:ABIPOL_Par_40_Lg_2,estleg:Institution_politsei_ja_piirivalveamet,general,estleg:Institution_politsei_ja_piirivalveamet_competence_general,internal_security,estleg:RelvS_Map
estleg:ABIPOL_Par_42_2,estleg:Institution_vabariigivalitsus,general,estleg:Institution_vabariigivalitsus_competence_general,data_protection,estleg:KORKS_Map
estleg:ABIPOL_Par_42_2_Lg_1,estleg:Institution_vabariigivalitsus,general,estleg:Institution_vabariigivalitsus_competence_general,data_protection,estleg:KORKS_Map
estleg:ABIPOL_Par_43,estleg:Institution_kohus,general,estleg:Institution_kohus_competence_general,data_protection,estleg:tsiviilkohtumenetluse_seadustik_Osa11
estleg:ABIPOL_Par_43_Lg_2,estleg:Institution_kohus,general,estleg:Institution_kohus_competence_general,data_protection,estleg:tsiviilkohtumenetluse_seadustik_Osa11
estleg:ABIPOL_Par_8,estleg:Institution_politsei_ja_piirivalveamet,enforcement,estleg:Institution_politsei_ja_piirivalveamet_competence_enforcement,internal_security,
estleg:ABIPOL_Par_8_Lg_7,estleg:Institution_politsei_ja_piirivalveamet,enforcement,estleg:Institution_politsei_ja_piirivalveamet_competence_enforcement,internal_security,
estleg:AVTS_Par_11,estleg:Institution_vabariigivalitsus,regulation,estleg:Institution_vabariigivalitsus_competence_regulation,labour,estleg:KORKS_Map
estleg:AVTS_Par_11_Lg_2,estleg:Institution_vabariigivalitsus,regulation,estleg:Institution_vabariigivalitsus_competence_regulation,labour,estleg:KORKS_Map
estleg:AVTS_Par_43_9,estleg:Institution_vabariigivalitsus,regulation,estleg:Institution_vabariigivalitsus_competence_regulation,labour,estleg:KORKS_Map
estleg:AVTS_Par_43_9_Lg_1,estleg:Institution_vabariigivalitsus,regulation,estleg:Institution_vabariigivalitsus_competence_regulation,labour,estleg:KORKS_Map
estleg:AVTS_Par_44,estleg:Institution_andmekaitseinspektsioon,supervision,estleg:Institution_andmekaitseinspektsioon_competence_supervision,data_protection,
estleg:AVTS_Par_44,estleg:Institution_statistikaamet,supervision,estleg:Institution_statistikaamet_competence_supervision,general,estleg:AVTS_Map
estleg:AVTS_Par_44,estleg:Institution_tarbijakaitse_ja_tehnilise_jarelevalve_amet,supervision,estleg:Institution_tarbijakaitse_ja_tehnilise_jarelevalve_amet_competence_supervision,transport,estleg:ESS_Map
estleg:AVTS_Par_44_Lg_1,estleg:Institution_andmekaitseinspektsioon,supervision,estleg:Institution_andmekaitseinspektsioon_competence_supervision,data_protection,
estleg:AVTS_Par_44_Lg_1,estleg:Institution_statistikaamet,supervision,estleg:Institution_statistikaamet_competence_supervision,general,estleg:AVTS_Map
estleg:AVTS_Par_44_Lg_1,estleg:Institution_tarbijakaitse_ja_tehnilise_jarelevalve_amet,supervision,estleg:Institution_tarbijakaitse_ja_tehnilise_jarelevalve_amet_competence_supervision,transport,estleg:ESS_Map
estleg:AVTS_Par_45,estleg:Institution_andmekaitseinspektsioon,enforcement,estleg:Institution_andmekaitseinspektsioon_competence_enforcement,data_protection,estleg:ISIKUA_Map
estleg:AVTS_Par_45_Lg_1,estleg:Institution_andmekaitseinspektsioon,enforcement,estleg:Institution_andmekaitseinspektsioon_competence_enforcement,data_protection,estleg:ISIKUA_Map
estleg:AVTS_Par_45_Lg_4,estleg:Institution_andmekaitseinspektsioon,general,estleg:Institution_andmekaitseinspektsioon_competence_general,data_protection,estleg:ISIKUA_Map
estleg:AVTS_Par_51,estleg:Institution_andmekaitseinspektsioon,enforcement,estleg:Institution_andmekaitseinspektsioon_competence_enforcement,data_protection,estleg:ISIKUA_Map
estleg:AVTS_Par_51_Lg_1,estleg:Institution_andmekaitseinspektsioon,enforcement,estleg:Institution_andmekaitseinspektsioon_competence_enforcement,data_protection,estleg:ISIKUA_Map
estleg:AVTS_Par_53_2,estleg:Institution_statistikaamet,enforcement,estleg:Institution_statistikaamet_competence_enforcement,general,
estleg:AVTS_Par_53_2_Lg_1,estleg:Institution_statistikaamet,enforcement,estleg:Institution_statistikaamet_competence_enforcement,general,
estleg:AVTS_Par_53_3,estleg:Institution_tarbijakaitse_ja_tehnilise_jarelevalve_amet,enforcement,estleg:Institution_tarbijakaitse_ja_tehnilise_jarelevalve_amet_competence_enforcement,tax,estleg:ESS_Map
estleg:AVTS_Par_53_3_Lg_1,estleg:Institution_tarbijakaitse_ja_tehnilise_jarelevalve_amet,enforcement,estleg:Institution_tarbijakaitse_ja_tehnilise_jarelevalve_amet_competence_enforcement,tax,estleg:ESS_Map
estleg:AVTS_Par_53_3_Lg_2,estleg:Institution_tarbijakaitse_ja_tehnilise_jarelevalve_amet,general,estleg:Institution_tarbijakaitse_ja_tehnilise_jarelevalve_amet_competence_general,transport,estleg:ESS_Map
estleg:AVTS_Par_58,estleg:Institution_vabariigivalitsus,regulation,estleg:Institution_vabariigivalitsus_competence_regulation,labour,estleg:KORKS_Map
estleg:AVTS_Par_58_Lg_1,estleg:Institution_vabariigivalitsus,regulation,estleg:Institution_vabariigivalitsus_competence_regulation,labour,estleg:KORKS_Map
estleg:ISIKUA_Par_2_1,estleg:Institution_andmekaitseinspektsioon,general,estleg:Institution_andmekaitseinspektsioon_competence_general,data_protection,estleg:ISIKUA_Map
estleg:ISIKUA_Par_2_1_Lg_1,estleg:Institution_andmekaitseinspektsioon,general,estleg:Institution_andmekaitseinspektsioon_competence_general,data_protection,estleg:ISIKUA_Map
estleg:ISIKUA_Par_39,estleg:Institution_andmekaitseinspektsioon,general,estleg:Institution_andmekaitseinspektsioon_competence_general,data_protection,estleg:ISIKUA_Map
estleg:ISIKUA_Par_39_Lg_3,estleg:Institution_andmekaitseinspektsioon,general,estleg:Institution_andmekaitseinspektsioon_competence_general,data_protection,estleg:ISIKUA_Map
estleg:ISIKUA_Par_39_Lg_4,estleg:Institution_andmekaitseinspektsioon,general,estleg:Institution_andmekaitseinspektsioon_competence_general,data_protection,estleg:ISIKUA_Map
estleg:ISIKUA_Par_56,estleg:Institution_andmekaitseinspektsioon,enforcement,estleg:Institution_andmekaitseinspektsioon_competence_enforcement,data_protection,estleg:ISIKUA_Map
estleg:ISIKUA_Par_56_Lg_1,estleg:Institution_andmekaitseinspektsioon,enforcement,estleg:Institution_andmekaitseinspektsioon_competence_enforcement,data_protection,estleg:ISIKUA_Map
estleg:ISIKUA_Par_6,estleg:Institution_andmekaitseinspektsioon,enforcement,estleg:Institution_andmekaitseinspektsioon_competence_enforcement,data_protection,estleg:ISIKUA_Map
estleg:ISIKUA_Par_61,estleg:Institution_andmekaitseinspektsioon,general,estleg:Institution_andmekaitseinspektsioon_competence_general,data_protection,estleg:ISIKUA_Map
estleg:ISIKUA_Par_61_Lg_1,estleg:Institution_andmekaitseinspektsioon,general,estleg:Institution_andmekaitseinspektsioon_competence_general,data_protection,estleg:ISIKUA_Map
estleg:ISIKUA_Par_6_Lg_4,estleg:Institution_andmekaitseinspektsioon,enforcement,estleg:Institution_andmekaitseinspektsioon_competence_enforcement,data_protection,estleg:ISIKUA_Map
estleg:ISIKUA_Par_6_Lg_5,estleg:Institution_andmekaitseinspektsioon,enforcement,estleg:Institution_andmekaitseinspektsioon_competence_enforcement,data_protection,estleg:ISIKUA_Map
estleg:KOKS_Par_35,estleg:Institution_linn,regulation,estleg:Institution_linn_competence_regulation,general,
estleg:KOKS_Par_35,estleg:Institution_vald,regulation,estleg:Institution_vald_competence_regulation,general,
estleg:KOKS_Par_35_Lg_3,estleg:Institution_linn,general,estleg:Institution_linn_competence_general,general,
estleg:KOKS_Par_35_Lg_3,estleg:Institution_vald,general,estleg:Institution_vald_competence_general,general,
estleg:KOKS_Par_35_Lg_3_3,estleg:Institution_linn,regulation,estleg:Institution_linn_competence_regulation,general,
estleg:KOKS_Par_35_Lg_3_3,estleg:Institution_vald,regulation,estleg:Institution_vald_competence_regulation,general,
estleg:KOKS_Par_35_Lg_4,estleg:Institution_linn,general,estleg:Institution_linn_competence_general,general,
estleg:KOKS_Par_35_Lg_4,estleg:Institution_vald,general,estleg:Institution_vald_competence_general,general,
estleg:KOKS_Par_66,estleg:Institution_justiits_ja_digiministeerium,supervision,estleg:Institution_justiits_ja_digiministeerium_competence_supervision,justice,
estleg:KOKS_Par_66_Lg_1,estleg:Institution_justiits_ja_digiministeerium,supervision,estleg:Institution_justiits_ja_digiministeerium_competence_supervision,justice,
estleg:Reg_1048498_Par_3,estleg:Institution_siseministeerium,enforcement,estleg:Institution_siseministeerium_competence_enforcement,internal_security,estleg:VALISM_Map
estleg:Reg_1048498_Par_3_Lg_1,estleg:Institution_siseministeerium,enforcement,estleg:Institution_siseministeerium_competence_enforcement,internal_security,estleg:VALISM_Map
estleg:Reg_1048498_Par_3_Lg_3,estleg:Institution_siseministeerium,enforcement,estleg:Institution_siseministeerium_competence_enforcement,internal_security,estleg:VALISM_Map
estleg:Reg_1048498_Par_4,estleg:Institution_siseministeerium,general,estleg:Institution_siseministeerium_competence_general,internal_security,estleg:Reg_1060711_Map
estleg:Reg_1048498_Par_4_Lg_1,estleg:Institution_siseministeerium,general,estleg:Institution_siseministeerium_competence_general,internal_security,estleg:Reg_1060711_Map
estleg:Reg_1049606_Par_6,estleg:Institution_siseministeerium,general,estleg:Institution_siseministeerium_competence_general,internal_security,estleg:Reg_1060711_Map
estleg:Reg_1049606_Par_6_Lg_6,estleg:Institution_siseministeerium,general,estleg:Institution_siseministeerium_competence_general,internal_security,estleg:Reg_1060711_Map
estleg:Reg_1055820_Par_1,estleg:Institution_kohalik_omavalitsus,regulation,estleg:Institution_kohalik_omavalitsus_competence_regulation,environment,estleg:LIIKLU_2_Map
estleg:TUIS_Par_22,estleg:Institution_tooinspektsioon,enforcement,estleg:Institution_tooinspektsioon_competence_enforcement,labour,estleg:GMMOKS_Map
estleg:TUIS_Par_22_Lg_1,estleg:Institution_tooinspektsioon,enforcement,estleg:Institution_tooinspektsioon_competence_enforcement,labour,estleg:GMMOKS_Map
estleg:TUIS_Par_22_Lg_2,estleg:Institution_tooinspektsioon,enforcement,estleg:Institution_tooinspektsioon_competence_enforcement,labour,estleg:GMMOKS_Map
