iri,caseNumber,date,ecli,chamber
estleg:RK_1_06_9135_67,1-06-9135/67,2020-04-15,ECLI:EE:RK:2020:1.06.9135.67,Kriminaalkolleegium
estleg:RK_1_09_3703_83,1-09-3703/83,2020-10-30,ECLI:EE:RK:2020:1.09.3703.83,Kriminaalkolleegium
estleg:RK_1_09_4486_1021,1-09-4486/1021,2020-05-22,ECLI:EE:RK:2020:1.09.4486.1021,Kriminaalkolleegium
estleg:RK_1_14_189_65,1-14-189/65,2020-02-19,ECLI:EE:RK:2020:1.14.189.65,Kriminaalkolleegium
estleg:RK_1_14_5339_95,1-14-5339/95,2020-06-19,ECLI:EE:RK:2020:1.14.5339.95,Kriminaalkolleegium
estleg:RK_1_15_10026_166,1-15-10026/166,2020-11-09,ECLI:EE:RK:2020:1.15.10026.166,Kriminaalkolleegium
estleg:RK_1_15_2666_492,1-15-2666/492,2020-12-11,ECLI:EE:RK:2020:1.15.2666.492,Kriminaalkolleegium
estleg:RK_1_15_330_45,1-15-330/45,2020-01-30,ECLI:EE:RK:2020:1.15.330.45,Kriminaalkolleegium
estleg:RK_1_15_400_52,1-15-400/52,2020-11-05,ECLI:EE:RK:2020:1.15.400.52,Kriminaalkolleegium
estleg:RK_1_15_6483_415,1-15-6483/415,2020-04-08,ECLI:EE:RK:2020:1.15.6483.415,Kriminaalkolleegium
estleg:RK_1_16_4665_257,1-16-4665/257,2020-05-28,ECLI:EE:RK:2020:1.16.4665.257,Kriminaalkolleegium
estleg:RK_1_16_9171_1408,1-16-9171/1408,2020-06-18,ECLI:EE:RK:2020:1.16.9171.1408,Kriminaalkolleegium
estleg:RK_1_16_9171_1411,1-16-9171/1411,2020-06-19,ECLI:EE:RK:2020:1.16.9171.1411,Kriminaalkolleegium
estleg:RK_1_16_9323_410,1-16-9323/410,2020-07-24,ECLI:EE:RK:2020:1.16.9323.410,Kriminaalkolleegium
estleg:RK_1_17_11182_201,1-17-11182/201,2020-06-05,ECLI:EE:RK:2020:1.17.11182.201,Kriminaalkolleegium
estleg:RK_1_17_11682_102,1-17-11682/102,2020-03-13,ECLI:EE:RK:2020:1.17.11682.102,Kriminaalkolleegium
estleg:RK_1_17_2359_113,1-17-2359/113,2020-10-08,ECLI:EE:RK:2020:1.17.2359.113,Kriminaalkolleegium
estleg:RK_1_17_2359_115,1-17-2359/115,2020-11-24,ECLI:EE:RK:2020:1.17.2359.115,Erikogu
estleg:RK_1_17_3371_311,1-17-3371/311,2020-12-07,ECLI:EE:RK:2020:1.17.3371.311,Kriminaalkolleegium
estleg:RK_1_17_4309_132,1-17-4309/132,2020-06-18,ECLI:EE:RK:2020:1.17.4309.132,Kriminaalkolleegium
estleg:RK_1_17_4942_31,1-17-4942/31,2020-05-20,ECLI:EE:RK:2020:1.17.4942.31,Kriminaalkolleegium
estleg:RK_1_17_6021_333,1-17-6021/333,2020-03-05,ECLI:EE:RK:2020:1.17.6021.333,Kriminaalkolleegium
estleg:RK_1_17_7212_27,1-17-7212/27,2020-10-23,ECLI:EE:RK:2020:1.17.7212.27,Kriminaalkolleegium
estleg:RK_1_17_8089_43,1-17-8089/43,2020-05-19,ECLI:EE:RK:2020:1.17.8089.43,Kriminaalkolleegium
estleg:RK_1_17_8311_19,1-17-8311/19,2020-02-19,ECLI:EE:RK:2020:1.17.8311.19,Kriminaalkolleegium
estleg:RK_1_17_9149_520,1-17-9149/520,2020-05-29,ECLI:EE:RK:2020:1.17.9149.520,Kriminaalkolleegium
estleg:RK_1_17_9149_626,1-17-9149/626,2020-12-04,ECLI:EE:RK:2020:1.17.9149.626,Kriminaalkolleegium
estleg:RK_1_17_9722_141,1-17-9722/141,2020-11-16,ECLI:EE:RK:2020:1.17.9722.141,Kriminaalkolleegium
estleg:RK_1_18_2232_179,1-18-2232/179,2020-04-03,ECLI:EE:RK:2020:1.18.2232.179,Kriminaalkolleegium
estleg:RK_1_18_4226_253,1-18-4226/253,2020-11-27,ECLI:EE:RK:2020:1.18.4226.253,Kriminaalkolleegium
estleg:RK_1_18_4590_82,1-18-4590/82,2020-05-15,ECLI:EE:RK:2020:1.18.4590.82,Kriminaalkolleegium
estleg:RK_1_18_5815_389,1-18-5815/389,2020-11-25,ECLI:EE:RK:2020:1.18.5815.389,Kriminaalkolleegium
estleg:RK_1_18_5815_397,1-18-5815/397,2020-12-01,ECLI:EE:RK:2020:1.18.5815.397,Kriminaalkolleegium
estleg:RK_1_18_7273_118,1-18-7273/118,2024-04-04,ECLI:EE:RK:2024:1.18.7273.118,Kriminaalkolleegium
estleg:RK_1_18_7408_62,1-18-7408/62,2020-05-08,ECLI:EE:RK:2020:1.18.7408.62,Kriminaalkolleegium
estleg:RK_1_18_7807_58,1-18-7807/58,2020-05-07,ECLI:EE:RK:2020:1.18.7807.58,Kriminaalkolleegium
estleg:RK_1_18_8101_63,1-18-8101/63,2020-06-25,ECLI:EE:RK:2020:1.18.8101.63,Kriminaalkolleegium
estleg:RK_1_18_86_145,1-18-86/145,2020-06-16,ECLI:EE:RK:2020:1.18.86.145,Kriminaalkolleegium
estleg:RK_1_18_9594_31,1-18-9594/31,2020-05-29,ECLI:EE:RK:2020:1.18.9594.31,Kriminaalkolleegium
estleg:RK_1_19_1849_43,1-19-1849/43,2020-02-06,ECLI:EE:RK:2020:1.19.1849.43,Kriminaalkolleegium
estleg:RK_1_19_2113_27,1-19-2113/27,2020-02-20,ECLI:EE:RK:2020:1.19.2113.27,Kriminaalkolleegium
estleg:RK_1_19_2118_226,1-19-2118/226,2024-06-03,ECLI:EE:RK:2024:1.19.2118.226,Kriminaalkolleegium
estleg:RK_1_19_2279_437,1-19-2279/437,2020-12-17,ECLI:EE:RK:2020:1.19.2279.437,Kriminaalkolleegium
estleg:RK_1_19_2550_99,1-19-2550/99,2020-01-27,ECLI:EE:RK:2020:1.19.2550.99,Kriminaalkolleegium
estleg:RK_1_19_2627_29,1-19-2627/29,2020-03-27,ECLI:EE:RK:2020:1.19.2627.29,Kriminaalkolleegium
estleg:RK_1_19_2759_5,1-19-2759/5,2020-01-16,ECLI:EE:RK:2020:1.19.2759.5,Kriminaalkolleegium
estleg:RK_1_19_31_63,1-19-31/63,2020-06-18,ECLI:EE:RK:2020:1.19.31.63,Kriminaalkolleegium
estleg:RK_1_19_3377_32,1-19-3377/32,2020-03-09,ECLI:EE:RK:2020:1.19.3377.32,Kriminaalkolleegium
estleg:RK_1_19_3707_10,1-19-3707/10,2020-11-27,ECLI:EE:RK:2020:1.19.3707.10,Kriminaalkolleegium
estleg:RK_1_19_4422_107,1-19-4422/107,2020-12-23,ECLI:EE:RK:2020:1.19.4422.107,Kriminaalkolleegium
estleg:RK_1_19_5146_52,1-19-5146/52,2020-05-14,ECLI:EE:RK:2020:1.19.5146.52,Kriminaalkolleegium
estleg:RK_1_19_5631_41,1-19-5631/41,2020-10-23,ECLI:EE:RK:2020:1.19.5631.41,Kriminaalkolleegium
estleg:RK_1_19_6227_27,1-19-6227/27,2020-02-27,ECLI:EE:RK:2020:1.19.6227.27,Kriminaalkolleegium
estleg:RK_1_19_6490_21,1-19-6490/21,2020-03-02,ECLI:EE:RK:2020:1.19.6490.21,Kriminaalkolleegium
estleg:RK_1_19_7121_38,1-19-7121/38,2020-05-05,ECLI:EE:RK:2020:1.19.7121.38,Kriminaalkolleegium
estleg:RK_1_19_7935_31,1-19-7935/31,2020-04-20,ECLI:EE:RK:2020:1.19.7935.31,Kriminaalkolleegium
estleg:RK_1_19_8007_33,1-19-8007/33,2020-10-13,ECLI:EE:RK:2020:1.19.8007.33,Kriminaalkolleegium
estleg:RK_1_19_8038_67,1-19-8038/67,2020-12-14,ECLI:EE:RK:2020:1.19.8038.67,Kriminaalkolleegium
estleg:RK_1_19_8262_17,1-19-8262/17,2020-04-16,ECLI:EE:RK:2020:1.19.8262.17,Kriminaalkolleegium
estleg:RK_1_19_8357_34,1-19-8357/34,2020-10-15,ECLI:EE:RK:2020:1.19.8357.34,Kriminaalkolleegium
estleg:RK_1_19_8757_33,1-19-8757/33,2020-10-06,ECLI:EE:RK:2020:1.19.8757.33,Kriminaalkolleegium
estleg:RK_1_19_8835_26,1-19-8835/26,2020-03-03,ECLI:EE:RK:2020:1.19.8835.26,Kriminaalkolleegium
estleg:RK_1_19_8852_13,1-19-8852/13,2020-06-12,ECLI:EE:RK:2020:1.19.8852.13,Kriminaalkolleegium
estleg:RK_1_19_9021_14,1-19-9021/14,2020-12-18,ECLI:EE:RK:2020:1.19.9021.14,Kriminaalkolleegium
estleg:RK_1_19_9448_32,1-19-9448/32,2020-03-13,ECLI:EE:RK:2020:1.19.9448.32,Kriminaalkolleegium
estleg:RK_1_19_9575_46,1-19-9575/46,2020-06-26,ECLI:EE:RK:2020:1.19.9575.46,Kriminaalkolleegium
estleg:RK_1_20_1149_34,1-20-1149/34,2020-09-17,ECLI:EE:RK:2020:1.20.1149.34,Kriminaalkolleegium
estleg:RK_1_20_1367_31,1-20-1367/31,2020-10-09,ECLI:EE:RK:2020:1.20.1367.31,Kriminaalkolleegium
estleg:RK_1_20_1503_111,1-20-1503/111,2024-05-09,ECLI:EE:RK:2024:1.20.1503.111,Kriminaalkolleegium
estleg:RK_1_20_1599_78,1-20-1599/78,2024-04-26,ECLI:EE:RK:2024:1.20.1599.78,Kriminaalkolleegium
estleg:RK_1_20_1975_28,1-20-1975/28,2020-11-30,ECLI:EE:RK:2020:1.20.1975.28,Kriminaalkolleegium
estleg:RK_1_20_2341_9,1-20-2341/9,2020-10-23,ECLI:EE:RK:2020:1.20.2341.9,Kriminaalkolleegium
estleg:RK_1_20_2476_18,1-20-2476/18,2020-10-15,ECLI:EE:RK:2020:1.20.2476.18,Kriminaalkolleegium
estleg:RK_1_20_252_9,1-20-252/9,2020-06-12,ECLI:EE:RK:2020:1.20.252.9,Kriminaalkolleegium
estleg:RK_1_20_2611_12,1-20-2611/12,2020-11-13,ECLI:EE:RK:2020:1.20.2611.12,Kriminaalkolleegium
estleg:RK_1_20_282_63,1-20-282/63,2020-09-29,ECLI:EE:RK:2020:1.20.282.63,Kriminaalkolleegium
estleg:RK_1_20_3101_99,1-20-3101/99,2024-06-28,ECLI:EE:RK:2024:1.20.3101.99,Kriminaalkolleegium
estleg:RK_1_20_3487_398,1-20-3487/398,2024-01-29,ECLI:EE:RK:2024:1.20.3487.398,Kriminaalkolleegium
estleg:RK_1_20_3925_21,1-20-3925/21,2020-12-23,ECLI:EE:RK:2020:1.20.3925.21,Kriminaalkolleegium
estleg:RK_1_20_3926_24,1-20-3926/24,2020-12-23,ECLI:EE:RK:2020:1.20.3926.24,Kriminaalkolleegium
estleg:RK_1_20_3927_22,1-20-3927/22,2020-12-23,ECLI:EE:RK:2020:1.20.3927.22,Kriminaalkolleegium
estleg:RK_1_20_4729_25,1-20-4729/25,2020-12-04,ECLI:EE:RK:2020:1.20.4729.25,Kriminaalkolleegium
estleg:RK_1_20_5036_28,1-20-5036/28,2020-09-24,ECLI:EE:RK:2020:1.20.5036.28,Kriminaalkolleegium
estleg:RK_1_20_79_9,1-20-79/9,2020-05-21,ECLI:EE:RK:2020:1.20.79.9,Kriminaalkolleegium
estleg:RK_1_21_2651_101,1-21-2651/101,2024-02-16,ECLI:EE:RK:2024:1.21.2651.101,Kriminaalkolleegium
estleg:RK_1_21_5115_53,1-21-5115/53,2024-12-09,ECLI:EE:RK:2024:1.21.5115.53,Kriminaalkolleegium
estleg:RK_1_21_5438_66,1-21-5438/66,2024-11-08,ECLI:EE:RK:2024:1.21.5438.66,Kriminaalkolleegium
estleg:RK_1_21_5728_113,1-21-5728/113,2024-06-13,ECLI:EE:RK:2024:1.21.5728.113,Kriminaalkolleegium
estleg:RK_1_21_5728_116,1-21-5728/116,2024-10-21,ECLI:EE:RK:2024:1.21.5728.116,Kriminaalkolleegium
estleg:RK_1_21_6603_211,1-21-6603/211,2024-10-03,ECLI:EE:RK:2024:1.21.6603.211,Kriminaalkolleegium
estleg:RK_1_21_69_178,1-21-69/178,2024-04-04,ECLI:EE:RK:2024:1.21.69.178,Kriminaalkolleegium
estleg:RK_1_21_7128_152,1-21-7128/152,2024-12-12,ECLI:EE:RK:2024:1.21.7128.152,Kriminaalkolleegium
estleg:RK_1_21_7780_260,1-21-7780/260,2024-10-30,ECLI:EE:RK:2024:1.21.7780.260,Kriminaalkolleegium
estleg:RK_1_21_8596_83,1-21-8596/83,2024-04-16,ECLI:EE:RK:2024:1.21.8596.83,Kriminaalkolleegium
estleg:RK_1_21_8803_138,1-21-8803/138,2024-12-23,ECLI:EE:RK:2024:1.21.8803.138,Kriminaalkolleegium
estleg:RK_1_21_8941_64,1-21-8941/64,2024-03-07,ECLI:EE:RK:2024:1.21.8941.64,Kriminaalkolleegium
estleg:RK_1_21_957_72,1-21-957/72,2024-11-08,ECLI:EE:RK:2024:1.21.957.72,Kriminaalkolleegium
estleg:RK_1_22_1990_69,1-22-1990/69,2024-04-11,ECLI:EE:RK:2024:1.22.1990.69,Kriminaalkolleegium
estleg:RK_1_22_2429_42,1-22-2429/42,2024-04-01,ECLI:EE:RK:2024:1.22.2429.42,Kriminaalkolleegium
estleg:RK_1_22_312_179,1-22-312/179,2024-05-14,ECLI:EE:RK:2024:1.22.312.179,Kriminaalkolleegium
estleg:RK_1_22_3234_49,1-22-3234/49,2024-10-24,ECLI:EE:RK:2024:1.22.3234.49,Kriminaalkolleegium
estleg:RK_1_22_3897_47,1-22-3897/47,2024-12-18,ECLI:EE:RK:2024:1.22.3897.47,Kriminaalkolleegium
estleg:RK_1_22_454_58,1-22-454/58,2024-01-26,ECLI:EE:RK:2024:1.22.454.58,Kriminaalkolleegium
estleg:RK_1_22_5373_115,1-22-5373/115,2024-09-19,ECLI:EE:RK:2024:1.22.5373.115,Kriminaalkolleegium
estleg:RK_1_22_5408_64,1-22-5408/64,2024-03-01,ECLI:EE:RK:2024:1.22.5408.64,Kriminaalkolleegium
estleg:RK_1_22_5835_33,1-22-5835/33,2024-04-22,ECLI:EE:RK:2024:1.22.5835.33,Kriminaalkolleegium
estleg:RK_1_22_6248_51,1-22-6248/51,2024-10-17,ECLI:EE:RK:2024:1.22.6248.51,Kriminaalkolleegium
estleg:RK_1_22_6710_83,1-22-6710/83,2024-10-04,ECLI:EE:RK:2024:1.22.6710.83,Kriminaalkolleegium
estleg:RK_1_22_7339_22,1-22-7339/22,2024-02-09,ECLI:EE:RK:2024:1.22.7339.22,Kriminaalkolleegium
estleg:RK_1_22_8046_56,1-22-8046/56,2024-01-26,ECLI:EE:RK:2024:1.22.8046.56,Kriminaalkolleegium
estleg:RK_1_23_1176_70,1-23-1176/70,2024-12-12,ECLI:EE:RK:2024:1.23.1176.70,Kriminaalkolleegium
estleg:RK_1_23_1212_48,1-23-1212/48,2024-07-10,ECLI:EE:RK:2024:1.23.1212.48,Kriminaalkolleegium
estleg:RK_1_23_1658_46,1-23-1658/46,2024-10-25,ECLI:EE:RK:2024:1.23.1658.46,Kriminaalkolleegium
estleg:RK_1_23_1763_24,1-23-1763/24,2024-03-20,ECLI:EE:RK:2024:1.23.1763.24,Kriminaalkolleegium
estleg:RK_1_23_2480_86,1-23-2480/86,2024-01-30,ECLI:EE:RK:2024:1.23.2480.86,Kriminaalkolleegium
estleg:RK_1_23_2872_59,1-23-2872/59,2024-10-31,ECLI:EE:RK:2024:1.23.2872.59,Kriminaalkolleegium
estleg:RK_1_23_295_29,1-23-295/29,2024-02-19,ECLI:EE:RK:2024:1.23.295.29,Kriminaalkolleegium
estleg:RK_1_23_3265_13,1-23-3265/13,2024-03-14,ECLI:EE:RK:2024:1.23.3265.13,Kriminaalkolleegium
estleg:RK_1_23_3860_45,1-23-3860/45,2024-12-19,ECLI:EE:RK:2024:1.23.3860.45,Kriminaalkolleegium
estleg:RK_1_23_4013_49,1-23-4013/49,2024-12-17,ECLI:EE:RK:2024:1.23.4013.49,Kriminaalkolleegium
estleg:RK_1_23_4295_82,1-23-4295/82,2024-10-31,ECLI:EE:RK:2024:1.23.4295.82,Kriminaalkolleegium
estleg:RK_1_23_5055_16,1-23-5055/16,2024-03-07,ECLI:EE:RK:2024:1.23.5055.16,Kriminaalkolleegium
estleg:RK_1_23_5287_47,1-23-5287/47,2024-10-22,ECLI:EE:RK:2024:1.23.5287.47,Kriminaalkolleegium
estleg:RK_1_23_6360_9,1-23-6360/9,2024-03-14,ECLI:EE:RK:2024:1.23.6360.9,Kriminaalkolleegium
estleg:RK_1_23_7139_7,1-23-7139/7,2024-04-23,ECLI:EE:RK:2024:1.23.7139.7,Kriminaalkolleegium
estleg:RK_1_24_4333_18,1-24-4333/18,2024-12-20,ECLI:EE:RK:2024:1.24.4333.18,Kriminaalkolleegium
estleg:RK_1_24_5013_17,1-24-5013/17,2024-12-19,ECLI:EE:RK:2024:1.24.5013.17,Kriminaalkolleegium
estleg:RK_2_08_1069_311,2-08-1069/311,2020-06-16,ECLI:EE:RK:2020:2.08.1069.311,Tsiviilkolleegium
estleg:RK_2_08_1314_71,2-08-1314/71,2024-02-12,ECLI:EE:RK:2024:2.08.1314.71,Tsiviilkolleegium
estleg:RK_2_11_33697_311,2-11-33697/311,2024-12-11,ECLI:EE:RK:2024:2.11.33697.311,Tsiviilkolleegium
estleg:RK_2_12_46735_185,2-12-46735/185,2020-01-15,ECLI:EE:RK:2020:2.12.46735.185,Tsiviilkolleegium
estleg:RK_2_13_70131_109,2-13-70131/109,2020-03-11,ECLI:EE:RK:2020:2.13.70131.109,Tsiviilkolleegium
estleg:RK_2_14_14536_153,2-14-14536/153,2020-02-05,ECLI:EE:RK:2020:2.14.14536.153,Tsiviilkolleegium
estleg:RK_2_14_52540_18,2-14-52540/18,2020-06-03,ECLI:EE:RK:2020:2.14.52540.18,Tsiviilkolleegium
estleg:RK_2_15_12148_339,2-15-12148/339,2024-11-06,ECLI:EE:RK:2024:2.15.12148.339,Tsiviilkolleegium
estleg:RK_2_15_17699_113,2-15-17699/113,2020-05-15,ECLI:EE:RK:2020:2.15.17699.113,
estleg:RK_2_15_19525_58,2-15-19525/58,2020-06-03,ECLI:EE:RK:2020:2.15.19525.58,Tsiviilkolleegium
estleg:RK_2_15_505_180,2-15-505/180,2020-11-13,ECLI:EE:RK:2020:2.15.505.180,Tsiviilkolleegium
estleg:RK_2_15_505_181,2-15-505/181,2020-11-13,ECLI:EE:RK:2020:2.15.505.181,Tsiviilkolleegium
estleg:RK_2_15_7163_191,2-15-7163/191,2020-02-19,ECLI:EE:RK:2020:2.15.7163.191,Tsiviilkolleegium
estleg:RK_2_15_9117_149,2-15-9117/149,2020-01-13,ECLI:EE:RK:2020:2.15.9117.149,Tsiviilkolleegium
estleg:RK_2_15_9117_160,2-15-9117/160,2020-11-11,ECLI:EE:RK:2020:2.15.9117.160,Tsiviilkolleegium
estleg:RK_2_16_14152_67,2-16-14152/67,2020-03-31,ECLI:EE:RK:2020:2.16.14152.67,Tsiviilkolleegium
estleg:RK_2_16_14644_50,2-16-14644/50,2020-03-25,ECLI:EE:RK:2020:2.16.14644.50,Tsiviilkolleegium
estleg:RK_2_16_14960_61,2-16-14960/61,2020-02-14,ECLI:EE:RK:2020:2.16.14960.61,Tsiviilkolleegium
estleg:RK_2_16_15449_154,2-16-15449/154,2020-02-19,ECLI:EE:RK:2020:2.16.15449.154,
estleg:RK_2_16_15722_123,2-16-15722/123,2020-04-22,ECLI:EE:RK:2020:2.16.15722.123,Tsiviilkolleegium
estleg:RK_2_16_16510_193,2-16-16510/193,2020-06-10,ECLI:EE:RK:2020:2.16.16510.193,Tsiviilkolleegium
estleg:RK_2_16_17207_84,2-16-17207/84,2020-11-25,ECLI:EE:RK:2020:2.16.17207.84,Tsiviilkolleegium
estleg:RK_2_16_18957_75,2-16-18957/75,2020-09-30,ECLI:EE:RK:2020:2.16.18957.75,Tsiviilkolleegium
estleg:RK_2_16_2060_614,2-16-2060/614,2020-12-16,ECLI:EE:RK:2020:2.16.2060.614,Tsiviilkolleegium
estleg:RK_2_16_5794_201,2-16-5794/201,2020-05-13,ECLI:EE:RK:2020:2.16.5794.201,Tsiviilkolleegium
estleg:RK_2_16_8751_184,2-16-8751/184,2020-09-28,ECLI:EE:RK:2020:2.16.8751.184,Tsiviilkolleegium
estleg:RK_2_16_9796_46,2-16-9796/46,2020-04-15,ECLI:EE:RK:2020:2.16.9796.46,Tsiviilkolleegium
estleg:RK_2_16_9803_49,2-16-9803/49,2020-04-29,ECLI:EE:RK:2020:2.16.9803.49,Tsiviilkolleegium
estleg:RK_2_17_11890_95,2-17-11890/95,2024-06-19,ECLI:EE:RK:2024:2.17.11890.95,Tsiviilkolleegium
estleg:RK_2_17_124505_53,2-17-124505/53,2020-05-25,ECLI:EE:RK:2020:2.17.124505.53,Tsiviilkolleegium
estleg:RK_2_17_124505_94,2-17-124505/94,2024-04-17,ECLI:EE:RK:2024:2.17.124505.94,Tsiviilkolleegium
estleg:RK_2_17_12857_119,2-17-12857/119,2020-03-04,ECLI:EE:RK:2020:2.17.12857.119,Tsiviilkolleegium
estleg:RK_2_17_13190_83,2-17-13190/83,2020-05-13,ECLI:EE:RK:2020:2.17.13190.83,Tsiviilkolleegium
estleg:RK_2_17_13244_121,2-17-13244/121,2020-02-19,ECLI:EE:RK:2020:2.17.13244.121,Tsiviilkolleegium
estleg:RK_2_17_13855_81,2-17-13855/81,2020-01-03,ECLI:EE:RK:2020:2.17.13855.81,Tsiviilkolleegium
estleg:RK_2_17_1453_135,2-17-1453/135,2020-12-17,ECLI:EE:RK:2020:2.17.1453.135,Tsiviilkolleegium
estleg:RK_2_17_14766_106,2-17-14766/106,2020-04-09,ECLI:EE:RK:2020:2.17.14766.106,Tsiviilkolleegium
estleg:RK_2_17_15677_173,2-17-15677/173,2024-02-21,ECLI:EE:RK:2024:2.17.15677.173,Tsiviilkolleegium
estleg:RK_2_17_15677_175,2-17-15677/175,2024-06-19,ECLI:EE:RK:2024:2.17.15677.175,Tsiviilkolleegium
estleg:RK_2_17_16812_57,2-17-16812/57,2020-05-27,ECLI:EE:RK:2020:2.17.16812.57,Tsiviilkolleegium
estleg:RK_2_17_17756_159,2-17-17756/159,2020-10-28,ECLI:EE:RK:2020:2.17.17756.159,Tsiviilkolleegium
estleg:RK_2_17_17756_160,2-17-17756/160,2020-10-28,ECLI:EE:RK:2020:2.17.17756.160,Tsiviilkolleegium
estleg:RK_2_17_18027_149,2-17-18027/149,2024-10-02,ECLI:EE:RK:2024:2.17.18027.149,Tsiviilkolleegium
estleg:RK_2_17_18069_322,2-17-18069/322,2020-01-29,ECLI:EE:RK:2020:2.17.18069.322,Tsiviilkolleegium
estleg:RK_2_17_18305_45,2-17-18305/45,2020-10-21,ECLI:EE:RK:2020:2.17.18305.45,Tsiviilkolleegium
estleg:RK_2_17_19454_78,2-17-19454/78,2020-03-25,ECLI:EE:RK:2020:2.17.19454.78,Tsiviilkolleegium
estleg:RK_2_17_2152_74,2-17-2152/74,2020-04-30,ECLI:EE:RK:2020:2.17.2152.74,Tsiviilkolleegium
estleg:RK_2_17_3860_34,2-17-3860/34,2020-03-27,ECLI:EE:RK:2020:2.17.3860.34,Tsiviilkolleegium
estleg:RK_2_17_5110_111,2-17-5110/111,2020-12-02,ECLI:EE:RK:2020:2.17.5110.111,Tsiviilkolleegium
estleg:RK_2_17_6487_155,2-17-6487/155,2020-12-09,ECLI:EE:RK:2020:2.17.6487.155,Tsiviilkolleegium
estleg:RK_2_17_7157_40,2-17-7157/40,2020-11-18,ECLI:EE:RK:2020:2.17.7157.40,Tsiviilkolleegium
estleg:RK_2_17_7502_66,2-17-7502/66,2020-06-03,ECLI:EE:RK:2020:2.17.7502.66,Tsiviilkolleegium
estleg:RK_2_18_10961_41,2-18-10961/41,2020-11-25,ECLI:EE:RK:2020:2.18.10961.41,Tsiviilkolleegium
estleg:RK_2_18_109972_115,2-18-109972/115,2020-10-21,ECLI:EE:RK:2020:2.18.109972.115,Tsiviilkolleegium
estleg:RK_2_18_11036_53,2-18-11036/53,2020-03-04,ECLI:EE:RK:2020:2.18.11036.53,Tsiviilkolleegium
estleg:RK_2_18_11279_33,2-18-11279/33,2020-10-29,ECLI:EE:RK:2020:2.18.11279.33,Tsiviilkolleegium
estleg:RK_2_18_11359_87,2-18-11359/87,2020-10-07,ECLI:EE:RK:2020:2.18.11359.87,Tsiviilkolleegium
estleg:RK_2_18_11489_91,2-18-11489/91,2024-07-03,ECLI:EE:RK:2024:2.18.11489.91,Tsiviilkolleegium
estleg:RK_2_18_11489_92,2-18-11489/92,2024-09-18,ECLI:EE:RK:2024:2.18.11489.92,Tsiviilkolleegium
estleg:RK_2_18_1221_56,2-18-1221/56,2020-04-29,ECLI:EE:RK:2020:2.18.1221.56,Tsiviilkolleegium
estleg:RK_2_18_13213_48,2-18-13213/48,2020-10-19,ECLI:EE:RK:2020:2.18.13213.48,Tsiviilkolleegium
estleg:RK_2_18_15197_75,2-18-15197/75,2020-11-18,ECLI:EE:RK:2020:2.18.15197.75,Tsiviilkolleegium
estleg:RK_2_18_15284_52,2-18-15284/52,2020-11-25,ECLI:EE:RK:2020:2.18.15284.52,Tsiviilkolleegium
estleg:RK_2_18_15384_109,2-18-15384/109,2020-11-18,ECLI:EE:RK:2020:2.18.15384.109,Tsiviilkolleegium
estleg:RK_2_18_15388_49,2-18-15388/49,2020-05-13,ECLI:EE:RK:2020:2.18.15388.49,Tsiviilkolleegium
estleg:RK_2_18_15686_183,2-18-15686/183,2020-02-19,ECLI:EE:RK:2020:2.18.15686.183,Tsiviilkolleegium
estleg:RK_2_18_17536_29,2-18-17536/29,2020-05-13,ECLI:EE:RK:2020:2.18.17536.29,Tsiviilkolleegium
estleg:RK_2_18_17703_88,2-18-17703/88,2020-06-10,ECLI:EE:RK:2020:2.18.17703.88,Tsiviilkolleegium
estleg:RK_2_18_18362_32,2-18-18362/32,2020-11-25,ECLI:EE:RK:2020:2.18.18362.32,Tsiviilkolleegium
estleg:RK_2_18_18420_26,2-18-18420/26,2020-04-03,ECLI:EE:RK:2020:2.18.18420.26,Tsiviilkolleegium
estleg:RK_2_18_187_134,2-18-187/134,2024-02-05,ECLI:EE:RK:2024:2.18.187.134,Tsiviilkolleegium
estleg:RK_2_18_18932_28,2-18-18932/28,2020-04-14,ECLI:EE:RK:2020:2.18.18932.28,Tsiviilkolleegium
estleg:RK_2_18_19202_90,2-18-19202/90,2020-06-17,ECLI:EE:RK:2020:2.18.19202.90,
estleg:RK_2_18_19295_30,2-18-19295/30,2020-04-29,ECLI:EE:RK:2020:2.18.19295.30,Tsiviilkolleegium
estleg:RK_2_18_255_53,2-18-255/53,2020-04-29,ECLI:EE:RK:2020:2.18.255.53,Tsiviilkolleegium
estleg:RK_2_18_3445_46,2-18-3445/46,2020-03-18,ECLI:EE:RK:2020:2.18.3445.46,Tsiviilkolleegium
estleg:RK_2_18_3761_70,2-18-3761/70,2020-04-06,ECLI:EE:RK:2020:2.18.3761.70,Tsiviilkolleegium
estleg:RK_2_18_4090_24,2-18-4090/24,2020-03-11,ECLI:EE:RK:2020:2.18.4090.24,Tsiviilkolleegium
estleg:RK_2_18_5263_29,2-18-5263/29,2020-01-22,ECLI:EE:RK:2020:2.18.5263.29,
estleg:RK_2_18_6499_63,2-18-6499/63,2020-06-19,ECLI:EE:RK:2020:2.18.6499.63,Tsiviilkolleegium
estleg:RK_2_18_6908_47,2-18-6908/47,2020-05-20,ECLI:EE:RK:2020:2.18.6908.47,Tsiviilkolleegium
estleg:RK_2_18_7073_35,2-18-7073/35,2020-12-17,ECLI:EE:RK:2020:2.18.7073.35,Tsiviilkolleegium
estleg:RK_2_18_7550_80,2-18-7550/80,2020-05-27,ECLI:EE:RK:2020:2.18.7550.80,Tsiviilkolleegium
estleg:RK_2_18_7821_71,2-18-7821/71,2020-06-15,ECLI:EE:RK:2020:2.18.7821.71,Tsiviilkolleegium
estleg:RK_2_18_7948_81,2-18-7948/81,2020-06-17,ECLI:EE:RK:2020:2.18.7948.81,Tsiviilkolleegium
estleg:RK_2_18_8743_162,2-18-8743/162,2024-05-28,ECLI:EE:RK:2024:2.18.8743.162,Tsiviilkolleegium
estleg:RK_2_18_8886_64,2-18-8886/64,2020-02-05,ECLI:EE:RK:2020:2.18.8886.64,Tsiviilkolleegium
estleg:RK_2_18_8890_46,2-18-8890/46,2020-10-28,ECLI:EE:RK:2020:2.18.8890.46,Tsiviilkolleegium
estleg:RK_2_18_9099_65,2-18-9099/65,2020-06-17,ECLI:EE:RK:2020:2.18.9099.65,Tsiviilkolleegium
estleg:RK_2_18_9218_40,2-18-9218/40,2020-09-16,ECLI:EE:RK:2020:2.18.9218.40,Tsiviilkolleegium
estleg:RK_2_18_9475_52,2-18-9475/52,2020-12-02,ECLI:EE:RK:2020:2.18.9475.52,Tsiviilkolleegium
estleg:RK_2_19_10050_23,2-19-10050/23,2020-05-15,ECLI:EE:RK:2020:2.19.10050.23,Tsiviilkolleegium
estleg:RK_2_19_10326_24,2-19-10326/24,2020-01-29,ECLI:EE:RK:2020:2.19.10326.24,Tsiviilkolleegium
estleg:RK_2_19_10449_83,2-19-10449/83,2024-05-29,ECLI:EE:RK:2024:2.19.10449.83,Tsiviilkolleegium
estleg:RK_2_19_10760_30,2-19-10760/30,2020-11-04,ECLI:EE:RK:2020:2.19.10760.30,Tsiviilkolleegium
estleg:RK_2_19_11532_18,2-19-11532/18,2020-01-30,ECLI:EE:RK:2020:2.19.11532.18,Tsiviilkolleegium
estleg:RK_2_19_13540_43,2-19-13540/43,2020-04-01,ECLI:EE:RK:2020:2.19.13540.43,Tsiviilkolleegium
estleg:RK_2_19_13673_134,2-19-13673/134,2024-12-11,ECLI:EE:RK:2024:2.19.13673.134,Tsiviilkolleegium
estleg:RK_2_19_13966_21,2-19-13966/21,2020-04-15,ECLI:EE:RK:2020:2.19.13966.21,Tsiviilkolleegium
estleg:RK_2_19_14126_12,2-19-14126/12,2020-04-08,ECLI:EE:RK:2020:2.19.14126.12,Tsiviilkolleegium
estleg:RK_2_19_1488_79,2-19-1488/79,2024-05-08,ECLI:EE:RK:2024:2.19.1488.79,Tsiviilkolleegium
estleg:RK_2_19_15672_125,2-19-15672/125,2024-10-23,ECLI:EE:RK:2024:2.19.15672.125,Tsiviilkolleegium
estleg:RK_2_19_16249_17,2-19-16249/17,2020-10-07,ECLI:EE:RK:2020:2.19.16249.17,Tsiviilkolleegium
estleg:RK_2_19_17384_22,2-19-17384/22,2020-05-21,ECLI:EE:RK:2020:2.19.17384.22,Tsiviilkolleegium
estleg:RK_2_19_17970_20,2-19-17970/20,2020-11-18,ECLI:EE:RK:2020:2.19.17970.20,Tsiviilkolleegium
estleg:RK_2_19_18271_13,2-19-18271/13,2020-11-04,ECLI:EE:RK:2020:2.19.18271.13,Tsiviilkolleegium
estleg:RK_2_19_18463_69,2-19-18463/69,2024-03-13,ECLI:EE:RK:2024:2.19.18463.69,Tsiviilkolleegium
estleg:RK_2_19_19495_9,2-19-19495/9,2020-06-08,ECLI:EE:RK:2020:2.19.19495.9,Tsiviilkolleegium
estleg:RK_2_19_19561_13,2-19-19561/13,2020-04-22,ECLI:EE:RK:2020:2.19.19561.13,Tsiviilkolleegium
estleg:RK_2_19_3645_39,2-19-3645/39,2020-09-30,ECLI:EE:RK:2020:2.19.3645.39,Tsiviilkolleegium
estleg:RK_2_19_4765_21,2-19-4765/21,2020-02-19,ECLI:EE:RK:2020:2.19.4765.21,Tsiviilkolleegium
estleg:RK_2_19_6210_26,2-19-6210/26,2020-01-28,ECLI:EE:RK:2020:2.19.6210.26,Tsiviilkolleegium
estleg:RK_2_19_6222_30,2-19-6222/30,2020-02-03,ECLI:EE:RK:2020:2.19.6222.30,Tsiviilkolleegium
estleg:RK_2_19_7148_87,2-19-7148/87,2024-12-04,ECLI:EE:RK:2024:2.19.7148.87,Tsiviilkolleegium
estleg:RK_2_19_8472_39,2-19-8472/39,2020-10-07,ECLI:EE:RK:2020:2.19.8472.39,Tsiviilkolleegium
estleg:RK_2_19_9046_10,2-19-9046/10,2020-03-16,ECLI:EE:RK:2020:2.19.9046.10,Tsiviilkolleegium
estleg:RK_2_19_9918_31,2-19-9918/31,2020-10-21,ECLI:EE:RK:2020:2.19.9918.31,Tsiviilkolleegium
estleg:RK_2_20_10127_86,2-20-10127/86,2024-11-27,ECLI:EE:RK:2024:2.20.10127.86,Tsiviilkolleegium
estleg:RK_2_20_10384_125,2-20-10384/125,2024-07-01,ECLI:EE:RK:2024:2.20.10384.125,Tsiviilkolleegium
estleg:RK_2_20_10878_52,2-20-10878/52,2024-06-26,ECLI:EE:RK:2024:2.20.10878.52,Tsiviilkolleegium
estleg:RK_2_20_11098_57,2-20-11098/57,2024-03-20,ECLI:EE:RK:2024:2.20.11098.57,Tsiviilkolleegium
estleg:RK_2_20_13187_54,2-20-13187/54,2024-02-07,ECLI:EE:RK:2024:2.20.13187.54,Tsiviilkolleegium
estleg:RK_2_20_1490_103,2-20-1490/103,2024-10-09,ECLI:EE:RK:2024:2.20.1490.103,Tsiviilkolleegium
estleg:RK_2_20_154_24,2-20-154/24,2020-10-28,ECLI:EE:RK:2020:2.20.154.24,Tsiviilkolleegium
estleg:RK_2_20_19001_70,2-20-19001/70,2024-06-12,ECLI:EE:RK:2024:2.20.19001.70,Tsiviilkolleegium
estleg:RK_2_20_19001_71,2-20-19001/71,2024-06-12,ECLI:EE:RK:2024:2.20.19001.71,Tsiviilkolleegium
estleg:RK_2_20_19179_81,2-20-19179/81,2024-10-23,ECLI:EE:RK:2024:2.20.19179.81,Tsiviilkolleegium
estleg:RK_2_20_2050_26,2-20-2050/26,2020-10-14,ECLI:EE:RK:2020:2.20.2050.26,Tsiviilkolleegium
estleg:RK_2_20_2328_112,2-20-2328/112,2024-07-03,ECLI:EE:RK:2024:2.20.2328.112,Tsiviilkolleegium
estleg:RK_2_20_3847_48,2-20-3847/48,2024-04-10,ECLI:EE:RK:2024:2.20.3847.48,Tsiviilkolleegium
estleg:RK_2_20_5086_52,2-20-5086/52,2020-12-21,ECLI:EE:RK:2020:2.20.5086.52,Tsiviilkolleegium
estleg:RK_2_20_5526_26,2-20-5526/26,2024-12-18,ECLI:EE:RK:2024:2.20.5526.26,Tsiviilkolleegium
estleg:RK_2_20_7210_87,2-20-7210/87,2024-06-26,ECLI:EE:RK:2024:2.20.7210.87,Tsiviilkolleegium
estleg:RK_2_20_7328_8,2-20-7328/8,2020-12-16,ECLI:EE:RK:2020:2.20.7328.8,Tsiviilkolleegium
estleg:RK_2_20_7985_69,2-20-7985/69,2024-03-27,ECLI:EE:RK:2024:2.20.7985.69,Tsiviilkolleegium
estleg:RK_2_20_896_31,2-20-896/31,2020-06-17,ECLI:EE:RK:2020:2.20.896.31,Erikogu
estleg:RK_2_20_9824_111,2-20-9824/111,2024-01-17,ECLI:EE:RK:2024:2.20.9824.111,Tsiviilkolleegium
estleg:RK_2_21_10188_113,2-21-10188/113,2024-03-27,ECLI:EE:RK:2024:2.21.10188.113,Tsiviilkolleegium
estleg:RK_2_21_12706_92,2-21-12706/92,2024-03-12,ECLI:EE:RK:2024:2.21.12706.92,Tsiviilkolleegium
estleg:RK_2_21_13451_53,2-21-13451/53,2024-12-18,ECLI:EE:RK:2024:2.21.13451.53,Tsiviilkolleegium
estleg:RK_2_21_13719_58,2-21-13719/58,2024-11-13,ECLI:EE:RK:2024:2.21.13719.58,Tsiviilkolleegium
estleg:RK_2_21_141014_56,2-21-141014/56,2024-11-27,ECLI:EE:RK:2024:2.21.141014.56,Tsiviilkolleegium
estleg:RK_2_21_1582_97,2-21-1582/97,2024-02-07,ECLI:EE:RK:2024:2.21.1582.97,Erikogu
estleg:RK_2_21_16508_42,2-21-16508/42,2024-06-26,ECLI:EE:RK:2024:2.21.16508.42,Tsiviilkolleegium
estleg:RK_2_21_1758_64,2-21-1758/64,2024-02-14,ECLI:EE:RK:2024:2.21.1758.64,Tsiviilkolleegium
estleg:RK_2_21_19325_63,2-21-19325/63,2024-03-13,ECLI:EE:RK:2024:2.21.19325.63,Tsiviilkolleegium
estleg:RK_2_21_20188_48,2-21-20188/48,2024-10-10,ECLI:EE:RK:2024:2.21.20188.48,Tsiviilkolleegium
estleg:RK_2_21_2998_69,2-21-2998/69,2024-06-28,ECLI:EE:RK:2024:2.21.2998.69,Tsiviilkolleegium
estleg:RK_2_21_3088_31,2-21-3088/31,2024-05-27,ECLI:EE:RK:2024:2.21.3088.31,Tsiviilkolleegium
estleg:RK_2_21_4251_36,2-21-4251/36,2024-04-10,ECLI:EE:RK:2024:2.21.4251.36,Tsiviilkolleegium
estleg:RK_2_21_5364_37,2-21-5364/37,2024-04-10,ECLI:EE:RK:2024:2.21.5364.37,Tsiviilkolleegium
estleg:RK_2_21_6015_36,2-21-6015/36,2024-04-30,ECLI:EE:RK:2024:2.21.6015.36,Tsiviilkolleegium
estleg:RK_2_21_6200_67,2-21-6200/67,2024-10-30,ECLI:EE:RK:2024:2.21.6200.67,Tsiviilkolleegium
estleg:RK_2_21_7518_93,2-21-7518/93,2024-04-03,ECLI:EE:RK:2024:2.21.7518.93,Tsiviilkolleegium
estleg:RK_2_21_7681_54,2-21-7681/54,2024-03-11,ECLI:EE:RK:2024:2.21.7681.54,Tsiviilkolleegium
estleg:RK_2_21_7855_57,2-21-7855/57,2024-01-31,ECLI:EE:RK:2024:2.21.7855.57,Tsiviilkolleegium
estleg:RK_2_21_9796_80,2-21-9796/80,2024-01-29,ECLI:EE:RK:2024:2.21.9796.80,Tsiviilkolleegium
estleg:RK_2_21_9962_62,2-21-9962/62,2024-04-03,ECLI:EE:RK:2024:2.21.9962.62,Tsiviilkolleegium
estleg:RK_2_22_100795_12,2-22-100795/12,2024-02-21,ECLI:EE:RK:2024:2.22.100795.12,Tsiviilkolleegium
estleg:RK_2_22_10127_20,2-22-10127/20,2024-05-20,ECLI:EE:RK:2024:2.22.10127.20,Tsiviilkolleegium
estleg:RK_2_22_10417_73,2-22-10417/73,2024-06-25,ECLI:EE:RK:2024:2.22.10417.73,Tsiviilkolleegium
estleg:RK_2_22_10693_39,2-22-10693/39,2024-01-10,ECLI:EE:RK:2024:2.22.10693.39,Tsiviilkolleegium
estleg:RK_2_22_10813_50,2-22-10813/50,2024-05-22,ECLI:EE:RK:2024:2.22.10813.50,Tsiviilkolleegium
estleg:RK_2_22_10897_31,2-22-10897/31,2024-06-19,ECLI:EE:RK:2024:2.22.10897.31,Tsiviilkolleegium
estleg:RK_2_22_115921_32,2-22-115921/32,2024-04-17,ECLI:EE:RK:2024:2.22.115921.32,Tsiviilkolleegium
estleg:RK_2_22_11970_29,2-22-11970/29,2024-07-03,ECLI:EE:RK:2024:2.22.11970.29,Tsiviilkolleegium
estleg:RK_2_22_130552_18,2-22-130552/18,2024-09-11,ECLI:EE:RK:2024:2.22.130552.18,Tsiviilkolleegium
estleg:RK_2_22_13312_38,2-22-13312/38,2024-06-03,ECLI:EE:RK:2024:2.22.13312.38,Tsiviilkolleegium
estleg:RK_2_22_13354_109,2-22-13354/109,2024-10-16,ECLI:EE:RK:2024:2.22.13354.109,Tsiviilkolleegium
estleg:RK_2_22_139256_27,2-22-139256/27,2024-07-03,ECLI:EE:RK:2024:2.22.139256.27,Tsiviilkolleegium
estleg:RK_2_22_14182_32,2-22-14182/32,2024-03-20,ECLI:EE:RK:2024:2.22.14182.32,Tsiviilkolleegium
estleg:RK_2_22_16497_30,2-22-16497/30,2024-10-11,ECLI:EE:RK:2024:2.22.16497.30,Tsiviilkolleegium
estleg:RK_2_22_16722_36,2-22-16722/36,2024-10-16,ECLI:EE:RK:2024:2.22.16722.36,Tsiviilkolleegium
estleg:RK_2_22_17383_39,2-22-17383/39,2024-04-04,ECLI:EE:RK:2024:2.22.17383.39,Tsiviilkolleegium
estleg:RK_2_22_18155_63,2-22-18155/63,2024-11-06,ECLI:EE:RK:2024:2.22.18155.63,Tsiviilkolleegium
estleg:RK_2_22_18337_67,2-22-18337/67,2024-09-04,ECLI:EE:RK:2024:2.22.18337.67,Tsiviilkolleegium
estleg:RK_2_22_2159_98,2-22-2159/98,2024-10-23,ECLI:EE:RK:2024:2.22.2159.98,Tsiviilkolleegium
estleg:RK_2_22_2313_65,2-22-2313/65,2024-06-28,ECLI:EE:RK:2024:2.22.2313.65,Tsiviilkolleegium
estleg:RK_2_22_2316_49,2-22-2316/49,2024-12-27,ECLI:EE:RK:2024:2.22.2316.49,Tsiviilkolleegium
estleg:RK_2_22_2918_77,2-22-2918/77,2024-04-03,ECLI:EE:RK:2024:2.22.2918.77,Tsiviilkolleegium
estleg:RK_2_22_3718_21,2-22-3718/21,2024-04-22,ECLI:EE:RK:2024:2.22.3718.21,Tsiviilkolleegium
estleg:RK_2_22_4074_29,2-22-4074/29,2024-06-19,ECLI:EE:RK:2024:2.22.4074.29,Tsiviilkolleegium
estleg:RK_2_23_10402_26,2-23-10402/26,2024-06-28,ECLI:EE:RK:2024:2.23.10402.26,Tsiviilkolleegium
estleg:RK_2_23_10406_29,2-23-10406/29,2024-06-28,ECLI:EE:RK:2024:2.23.10406.29,Tsiviilkolleegium
estleg:RK_2_23_10408_21,2-23-10408/21,2024-06-28,ECLI:EE:RK:2024:2.23.10408.21,Tsiviilkolleegium
estleg:RK_2_23_11584_18,2-23-11584/18,2024-06-12,ECLI:EE:RK:2024:2.23.11584.18,Tsiviilkolleegium
estleg:RK_2_23_116386_18,2-23-116386/18,2024-06-12,ECLI:EE:RK:2024:2.23.116386.18,Tsiviilkolleegium
estleg:RK_2_23_116531_33,2-23-116531/33,2024-11-27,ECLI:EE:RK:2024:2.23.116531.33,Tsiviilkolleegium
estleg:RK_2_23_14266_7,2-23-14266/7,2024-04-30,ECLI:EE:RK:2024:2.23.14266.7,Tsiviilkolleegium
estleg:RK_2_23_14277_7,2-23-14277/7,2024-04-30,ECLI:EE:RK:2024:2.23.14277.7,Tsiviilkolleegium
estleg:RK_2_23_14464_21,2-23-14464/21,2024-04-10,ECLI:EE:RK:2024:2.23.14464.21,Tsiviilkolleegium
estleg:RK_2_23_14994_20,2-23-14994/20,2024-06-05,ECLI:EE:RK:2024:2.23.14994.20,Tsiviilkolleegium
estleg:RK_2_23_16934_7,2-23-16934/7,2024-07-03,ECLI:EE:RK:2024:2.23.16934.7,Tsiviilkolleegium
estleg:RK_2_23_17002_34,2-23-17002/34,2024-10-17,ECLI:EE:RK:2024:2.23.17002.34,Tsiviilkolleegium
estleg:RK_2_23_7156_29,2-23-7156/29,2024-12-18,ECLI:EE:RK:2024:2.23.7156.29,Tsiviilkolleegium
estleg:RK_2_23_9580_17,2-23-9580/17,2024-06-28,ECLI:EE:RK:2024:2.23.9580.17,Tsiviilkolleegium
estleg:RK_2_23_9874_43,2-23-9874/43,2024-12-11,ECLI:EE:RK:2024:2.23.9874.43,Tsiviilkolleegium
estleg:RK_2_24_1054_22,2-24-1054/22,2024-11-27,ECLI:EE:RK:2024:2.24.1054.22,Tsiviilkolleegium
estleg:RK_2_24_3641_36,2-24-3641/36,2024-12-11,ECLI:EE:RK:2024:2.24.3641.36,Tsiviilkolleegium
estleg:RK_2_24_4962_38,2-24-4962/38,2024-10-09,ECLI:EE:RK:2024:2.24.4962.38,Tsiviilkolleegium
estleg:RK_2_24_5907_34,2-24-5907/34,2024-12-11,ECLI:EE:RK:2024:2.24.5907.34,Tsiviilkolleegium
estleg:RK_2_24_6208_7,2-24-6208/7,2024-12-11,ECLI:EE:RK:2024:2.24.6208.7,Tsiviilkolleegium
estleg:RK_3_12_1512_140,3-12-1512/140,2020-02-21,ECLI:EE:RK:2020:3.12.1512.140,Halduskolleegium
estleg:RK_3_14_51567_70,3-14-51567/70,2020-06-09,ECLI:EE:RK:2020:3.14.51567.70,Halduskolleegium
estleg:RK_3_16_1634_24,3-16-1634/24,2020-03-23,ECLI:EE:RK:2020:3.16.1634.24,Halduskolleegium
estleg:RK_3_16_1864_65,3-16-1864/65,2020-09-28,ECLI:EE:RK:2020:3.16.1864.65,Halduskolleegium
estleg:RK_3_16_1903_62,3-16-1903/62,2020-04-23,ECLI:EE:RK:2020:3.16.1903.62,Halduskolleegium
estleg:RK_3_16_1903_69,3-16-1903/69,2020-06-18,ECLI:EE:RK:2020:3.16.1903.69,Halduskolleegium
estleg:RK_3_16_2267_45,3-16-2267/45,2020-02-20,ECLI:EE:RK:2020:3.16.2267.45,Halduskolleegium
estleg:RK_3_16_2653_64,3-16-2653/64,2020-12-17,ECLI:EE:RK:2020:3.16.2653.64,Halduskolleegium
estleg:RK_3_17_1343_45,3-17-1343/45,2020-02-17,ECLI:EE:RK:2020:3.17.1343.45,Halduskolleegium
estleg:RK_3_17_1503_36,3-17-1503/36,2020-02-28,ECLI:EE:RK:2020:3.17.1503.36,Halduskolleegium
estleg:RK_3_17_1646_53,3-17-1646/53,2020-10-05,ECLI:EE:RK:2020:3.17.1646.53,Halduskolleegium
estleg:RK_3_17_2250_28,3-17-2250/28,2020-08-28,ECLI:EE:RK:2020:3.17.2250.28,Halduskolleegium
estleg:RK_3_17_2452_36,3-17-2452/36,2020-08-11,ECLI:EE:RK:2020:3.17.2452.36,Halduskolleegium
estleg:RK_3_17_2637_37,3-17-2637/37,2020-05-07,ECLI:EE:RK:2020:3.17.2637.37,Halduskolleegium
estleg:RK_3_17_2766_33,3-17-2766/33,2020-06-19,ECLI:EE:RK:2020:3.17.2766.33,Halduskolleegium
estleg:RK_3_17_2859_47,3-17-2859/47,2020-09-22,ECLI:EE:RK:2020:3.17.2859.47,Halduskolleegium
estleg:RK_3_17_378_56,3-17-378/56,2020-09-28,ECLI:EE:RK:2020:3.17.378.56,Halduskolleegium
estleg:RK_3_17_572_39,3-17-572/39,2020-06-17,ECLI:EE:RK:2020:3.17.572.39,Halduskolleegium
estleg:RK_3_17_98_44,3-17-98/44,2020-01-31,ECLI:EE:RK:2020:3.17.98.44,Halduskolleegium
estleg:RK_3_17_98_49,3-17-98/49,2020-04-03,ECLI:EE:RK:2020:3.17.98.49,Halduskolleegium
estleg:RK_3_18_1168_52,3-18-1168/52,2020-03-31,ECLI:EE:RK:2020:3.18.1168.52,Halduskolleegium
estleg:RK_3_18_121_16,3-18-121/16,2020-10-15,ECLI:EE:RK:2020:3.18.121.16,Halduskolleegium
estleg:RK_3_18_1432_93,3-18-1432/93,2020-12-29,ECLI:EE:RK:2020:3.18.1432.93,Halduskolleegium
estleg:RK_3_18_1537_47,3-18-1537/47,2020-03-30,ECLI:EE:RK:2020:3.18.1537.47,Halduskolleegium
estleg:RK_3_18_1612_31,3-18-1612/31,2020-06-16,ECLI:EE:RK:2020:3.18.1612.31,Halduskolleegium
estleg:RK_3_18_1672_26,3-18-1672/26,2020-04-07,ECLI:EE:RK:2020:3.18.1672.26,Halduskolleegium
estleg:RK_3_18_1672_38,3-18-1672/38,2020-10-19,ECLI:EE:RK:2020:3.18.1672.38,Üldkogu
estleg:RK_3_18_1699_25,3-18-1699/25,2020-06-19,ECLI:EE:RK:2020:3.18.1699.25,Halduskolleegium
estleg:RK_3_18_1725_18,3-18-1725/18,2020-11-17,ECLI:EE:RK:2020:3.18.1725.18,Halduskolleegium
estleg:RK_3_18_1740_36,3-18-1740/36,2020-03-04,ECLI:EE:RK:2020:3.18.1740.36,Halduskolleegium
estleg:RK_3_18_1747_25,3-18-1747/25,2020-10-19,ECLI:EE:RK:2020:3.18.1747.25,Halduskolleegium
estleg:RK_3_18_1988_27,3-18-1988/27,2020-02-17,ECLI:EE:RK:2020:3.18.1988.27,Halduskolleegium
estleg:RK_3_18_1988_31,3-18-1988/31,2020-04-29,ECLI:EE:RK:2020:3.18.1988.31,Halduskolleegium
estleg:RK_3_18_207_35,3-18-207/35,2020-10-01,ECLI:EE:RK:2020:3.18.207.35,Halduskolleegium
estleg:RK_3_18_2099_20,3-18-2099/20,2020-12-09,ECLI:EE:RK:2020:3.18.2099.20,Halduskolleegium
estleg:RK_3_18_2351_39,3-18-2351/39,2020-02-06,ECLI:EE:RK:2020:3.18.2351.39,Halduskolleegium
estleg:RK_3_18_305_38,3-18-305/38,2020-09-29,ECLI:EE:RK:2020:3.18.305.38,Halduskolleegium
estleg:RK_3_18_360_41,3-18-360/41,2020-04-15,ECLI:EE:RK:2020:3.18.360.41,Halduskolleegium
estleg:RK_3_18_495_38,3-18-495/38,2020-03-02,ECLI:EE:RK:2020:3.18.495.38,Halduskolleegium
estleg:RK_3_18_529_137,3-18-529/137,2020-05-19,ECLI:EE:RK:2020:3.18.529.137,Halduskolleegium
estleg:RK_3_18_562_32,3-18-562/32,2020-06-19,ECLI:EE:RK:2020:3.18.562.32,Halduskolleegium
estleg:RK_3_18_81_28,3-18-81/28,2020-11-23,ECLI:EE:RK:2020:3.18.81.28,Halduskolleegium
estleg:RK_3_18_830_23,3-18-830/23,2020-08-11,ECLI:EE:RK:2020:3.18.830.23,Halduskolleegium
estleg:RK_3_18_830_65,3-18-830/65,2024-11-27,ECLI:EE:RK:2024:3.18.830.65,Halduskolleegium
estleg:RK_3_18_853_59,3-18-853/59,2020-12-15,ECLI:EE:RK:2020:3.18.853.59,Halduskolleegium
estleg:RK_3_18_989_47,3-18-989/47,2020-05-12,ECLI:EE:RK:2020:3.18.989.47,Halduskolleegium
estleg:RK_3_19_1022_18,3-19-1022/18,2020-03-24,ECLI:EE:RK:2020:3.19.1022.18,Halduskolleegium
estleg:RK_3_19_104_22,3-19-104/22,2020-12-03,ECLI:EE:RK:2020:3.19.104.22,Halduskolleegium
estleg:RK_3_19_1068_39,3-19-1068/39,2020-04-17,ECLI:EE:RK:2020:3.19.1068.39,Halduskolleegium
estleg:RK_3_19_116_21,3-19-116/21,2020-07-03,ECLI:EE:RK:2020:3.19.116.21,Halduskolleegium
estleg:RK_3_19_1178_14,3-19-1178/14,2020-03-18,ECLI:EE:RK:2020:3.19.1178.14,Halduskolleegium
estleg:RK_3_19_1207_17,3-19-1207/17,2020-10-20,ECLI:EE:RK:2020:3.19.1207.17,Halduskolleegium
estleg:RK_3_19_1565_14,3-19-1565/14,2020-10-07,ECLI:EE:RK:2020:3.19.1565.14,Halduskolleegium
estleg:RK_3_19_1627_28,3-19-1627/28,2020-05-28,ECLI:EE:RK:2020:3.19.1627.28,Halduskolleegium
estleg:RK_3_19_1656_78,3-19-1656/78,2020-10-27,ECLI:EE:RK:2020:3.19.1656.78,Halduskolleegium
estleg:RK_3_19_1672_28,3-19-1672/28,2020-02-12,ECLI:EE:RK:2020:3.19.1672.28,Halduskolleegium
estleg:RK_3_19_1825_50,3-19-1825/50,2020-03-16,ECLI:EE:RK:2020:3.19.1825.50,Halduskolleegium
estleg:RK_3_19_1884_12,3-19-1884/12,2020-01-20,ECLI:EE:RK:2020:3.19.1884.12,Erikogu
estleg:RK_3_19_2221_22,3-19-2221/22,2020-03-05,ECLI:EE:RK:2020:3.19.2221.22,Halduskolleegium
estleg:RK_3_19_2255_16,3-19-2255/16,2020-10-13,ECLI:EE:RK:2020:3.19.2255.16,Halduskolleegium
estleg:RK_3_19_2347_7,3-19-2347/7,2020-04-23,ECLI:EE:RK:2020:3.19.2347.7,Erikogu
estleg:RK_3_19_2448_18,3-19-2448/18,2020-12-07,ECLI:EE:RK:2020:3.19.2448.18,Halduskolleegium
estleg:RK_3_19_882_22,3-19-882/22,2020-10-14,ECLI:EE:RK:2020:3.19.882.22,Halduskolleegium
estleg:RK_3_19_92_20,3-19-92/20,2020-11-18,ECLI:EE:RK:2020:3.19.92.20,Halduskolleegium
estleg:RK_3_19_990_28,3-19-990/28,2020-09-09,ECLI:EE:RK:2020:3.19.990.28,Halduskolleegium
estleg:RK_3_19_990_30,3-19-990/30,2020-11-05,ECLI:EE:RK:2020:3.19.990.30,Halduskolleegium
estleg:RK_3_20_1044_5,3-20-1044/5,2020-06-19,ECLI:EE:RK:2020:3.20.1044.5,Üldkogu
estleg:RK_3_20_1198_58,3-20-1198/58,2020-12-11,ECLI:EE:RK:2020:3.20.1198.58,Halduskolleegium
estleg:RK_3_20_129_22,3-20-129/22,2024-04-30,ECLI:EE:RK:2024:3.20.129.22,Halduskolleegium
estleg:RK_3_20_1313_52,3-20-1313/52,2024-04-18,ECLI:EE:RK:2024:3.20.1313.52,Halduskolleegium
estleg:RK_3_20_1329_48,3-20-1329/48,2024-03-20,ECLI:EE:RK:2024:3.20.1329.48,Halduskolleegium
estleg:RK_3_20_1374_20,3-20-1374/20,2024-03-05,ECLI:EE:RK:2024:3.20.1374.20,Halduskolleegium
estleg:RK_3_20_1657_78,3-20-1657/78,2024-03-14,ECLI:EE:RK:2024:3.20.1657.78,Halduskolleegium
estleg:RK_3_20_17_11,3-20-17/11,2020-03-12,ECLI:EE:RK:2020:3.20.17.11,Erikogu
estleg:RK_3_20_2201_44,3-20-2201/44,2024-06-21,ECLI:EE:RK:2024:3.20.2201.44,Halduskolleegium
estleg:RK_3_20_2291_63,3-20-2291/63,2024-12-30,ECLI:EE:RK:2024:3.20.2291.63,Halduskolleegium
estleg:RK_3_20_349_51,3-20-349/51,2020-11-13,ECLI:EE:RK:2020:3.20.349.51,Halduskolleegium
estleg:RK_3_20_580_47,3-20-580/47,2020-10-28,ECLI:EE:RK:2020:3.20.580.47,Halduskolleegium
estleg:RK_3_20_605_61,3-20-605/61,2020-12-11,ECLI:EE:RK:2020:3.20.605.61,Halduskolleegium
estleg:RK_3_20_664_10,3-20-664/10,2020-10-15,ECLI:EE:RK:2020:3.20.664.10,Halduskolleegium
estleg:RK_3_20_718_28,3-20-718/28,2020-11-05,ECLI:EE:RK:2020:3.20.718.28,Halduskolleegium
estleg:RK_3_20_924_24,3-20-924/24,2020-11-04,ECLI:EE:RK:2020:3.20.924.24,Halduskolleegium
estleg:RK_3_21_101_29,3-21-101/29,2024-02-14,ECLI:EE:RK:2024:3.21.101.29,Halduskolleegium
estleg:RK_3_21_1243_47,3-21-1243/47,2024-09-20,ECLI:EE:RK:2024:3.21.1243.47,Halduskolleegium
estleg:RK_3_21_1366_45,3-21-1366/45,2024-10-10,ECLI:EE:RK:2024:3.21.1366.45,Halduskolleegium
estleg:RK_3_21_1370_35,3-21-1370/35,2024-03-28,ECLI:EE:RK:2024:3.21.1370.35,Halduskolleegium
estleg:RK_3_21_150_64,3-21-150/64,2024-01-15,ECLI:EE:RK:2024:3.21.150.64,Halduskolleegium
estleg:RK_3_21_1658_35,3-21-1658/35,2024-12-18,ECLI:EE:RK:2024:3.21.1658.35,Halduskolleegium
estleg:RK_3_21_1862_20,3-21-1862/20,2024-12-23,ECLI:EE:RK:2024:3.21.1862.20,Halduskolleegium
estleg:RK_3_21_2074_43,3-21-2074/43,2024-06-10,ECLI:EE:RK:2024:3.21.2074.43,Halduskolleegium
estleg:RK_3_21_2196_41,3-21-2196/41,2024-10-23,ECLI:EE:RK:2024:3.21.2196.41,Halduskolleegium
estleg:RK_3_21_2398_89,3-21-2398/89,2024-06-21,ECLI:EE:RK:2024:3.21.2398.89,Halduskolleegium
estleg:RK_3_21_2607_24,3-21-2607/24,2024-11-20,ECLI:EE:RK:2024:3.21.2607.24,Halduskolleegium
estleg:RK_3_21_2682_25,3-21-2682/25,2024-03-22,ECLI:EE:RK:2024:3.21.2682.25,Halduskolleegium
estleg:RK_3_21_459_55,3-21-459/55,2024-02-26,ECLI:EE:RK:2024:3.21.459.55,Halduskolleegium
estleg:RK_3_21_615_44,3-21-615/44,2024-10-16,ECLI:EE:RK:2024:3.21.615.44,Halduskolleegium
estleg:RK_3_21_939_64,3-21-939/64,2024-04-30,ECLI:EE:RK:2024:3.21.939.64,Halduskolleegium
estleg:RK_3_21_958_25,3-21-958/25,2024-01-24,ECLI:EE:RK:2024:3.21.958.25,Halduskolleegium
estleg:RK_3_22_1072_28,3-22-1072/28,2024-05-17,ECLI:EE:RK:2024:3.22.1072.28,Halduskolleegium
estleg:RK_3_22_1389_64,3-22-1389/64,2024-01-31,ECLI:EE:RK:2024:3.22.1389.64,Halduskolleegium
estleg:RK_3_22_1526_26,3-22-1526/26,2024-11-07,ECLI:EE:RK:2024:3.22.1526.26,Halduskolleegium
estleg:RK_3_22_157_25,3-22-157/25,2024-06-21,ECLI:EE:RK:2024:3.22.157.25,Halduskolleegium
estleg:RK_3_22_2022_37,3-22-2022/37,2024-06-21,ECLI:EE:RK:2024:3.22.2022.37,Halduskolleegium
estleg:RK_3_22_2187_26,3-22-2187/26,2024-02-20,ECLI:EE:RK:2024:3.22.2187.26,Halduskolleegium
estleg:RK_3_22_2197_26,3-22-2197/26,2024-02-28,ECLI:EE:RK:2024:3.22.2197.26,Halduskolleegium
estleg:RK_3_22_2296_13,3-22-2296/13,2024-01-18,ECLI:EE:RK:2024:3.22.2296.13,Halduskolleegium
estleg:RK_3_22_2321_45,3-22-2321/45,2024-02-08,ECLI:EE:RK:2024:3.22.2321.45,Halduskolleegium
estleg:RK_3_22_246_13,3-22-246/13,2024-11-07,ECLI:EE:RK:2024:3.22.246.13,Halduskolleegium
estleg:RK_3_22_2477_15,3-22-2477/15,2024-06-21,ECLI:EE:RK:2024:3.22.2477.15,Halduskolleegium
estleg:RK_3_22_717_17,3-22-717/17,2024-09-26,ECLI:EE:RK:2024:3.22.717.17,Halduskolleegium
estleg:RK_3_22_722_26,3-22-722/26,2024-06-20,ECLI:EE:RK:2024:3.22.722.26,Halduskolleegium
estleg:RK_3_23_1278_26,3-23-1278/26,2024-09-10,ECLI:EE:RK:2024:3.23.1278.26,Halduskolleegium
estleg:RK_3_23_1543_24,3-23-1543/24,2024-01-15,ECLI:EE:RK:2024:3.23.1543.24,Halduskolleegium
estleg:RK_3_23_1578_29,3-23-1578/29,2024-10-14,ECLI:EE:RK:2024:3.23.1578.29,Halduskolleegium
estleg:RK_3_23_2195_28,3-23-2195/28,2024-04-17,ECLI:EE:RK:2024:3.23.2195.28,Halduskolleegium
estleg:RK_3_23_2204_41,3-23-2204/41,2024-04-12,ECLI:EE:RK:2024:3.23.2204.41,Halduskolleegium
estleg:RK_3_23_2232_38,3-23-2232/38,2024-04-12,ECLI:EE:RK:2024:3.23.2232.38,Halduskolleegium
estleg:RK_3_23_2480_16,3-23-2480/16,2024-06-03,ECLI:EE:RK:2024:3.23.2480.16,Halduskolleegium
estleg:RK_3_23_2818_24,3-23-2818/24,2024-09-27,ECLI:EE:RK:2024:3.23.2818.24,Halduskolleegium
estleg:RK_3_23_671_33,3-23-671/33,2024-05-23,ECLI:EE:RK:2024:3.23.671.33,Halduskolleegium
estleg:RK_3_23_885_54,3-23-885/54,2024-06-21,ECLI:EE:RK:2024:3.23.885.54,Halduskolleegium
estleg:RK_3_23_935_27,3-23-935/27,2024-12-13,ECLI:EE:RK:2024:3.23.935.27,Halduskolleegium
estleg:RK_3_24_1014_37,3-24-1014/37,2024-06-21,ECLI:EE:RK:2024:3.24.1014.37,Halduskolleegium
estleg:RK_3_24_1273_5,3-24-1273/5,2024-05-20,ECLI:EE:RK:2024:3.24.1273.5,Üldkogu
estleg:RK_3_24_1540_7,3-24-1540/7,2024-06-20,ECLI:EE:RK:2024:3.24.1540.7,Erikogu
estleg:RK_3_24_2036_10,3-24-2036/10,2024-11-11,ECLI:EE:RK:2024:3.24.2036.10,Üldkogu
estleg:RK_3_24_2147_7,3-24-2147/7,2024-09-09,ECLI:EE:RK:2024:3.24.2147.7,Üldkogu
estleg:RK_3_24_601_7,3-24-601/7,2024-04-11,ECLI:EE:RK:2024:3.24.601.7,Erikogu
estleg:RK_3_24_647_12,3-24-647/12,2024-10-18,ECLI:EE:RK:2024:3.24.647.12,Halduskolleegium
estleg:RK_3_24_977_11,3-24-977/11,2024-05-29,ECLI:EE:RK:2024:3.24.977.11,Erikogu
estleg:RK_4_18_4523_37,4-18-4523/37,2020-03-10,ECLI:EE:RK:2020:4.18.4523.37,Kriminaalkolleegium
estleg:RK_4_19_1132_31,4-19-1132/31,2020-01-13,ECLI:EE:RK:2020:4.19.1132.31,Kriminaalkolleegium
estleg:RK_4_19_1809_48,4-19-1809/48,2020-05-25,ECLI:EE:RK:2020:4.19.1809.48,Kriminaalkolleegium
estleg:RK_4_19_2526_19,4-19-2526/19,2020-03-17,ECLI:EE:RK:2020:4.19.2526.19,Kriminaalkolleegium
estleg:RK_4_19_3994_31,4-19-3994/31,2020-02-17,ECLI:EE:RK:2020:4.19.3994.31,Kriminaalkolleegium
estleg:RK_4_19_4092_26,4-19-4092/26,2020-05-28,ECLI:EE:RK:2020:4.19.4092.26,Kriminaalkolleegium
estleg:RK_4_19_4337_24,4-19-4337/24,2020-03-04,ECLI:EE:RK:2020:4.19.4337.24,Kriminaalkolleegium
estleg:RK_4_19_447_47,4-19-447/47,2020-04-27,ECLI:EE:RK:2020:4.19.447.47,Kriminaalkolleegium
estleg:RK_4_19_4632_23,4-19-4632/23,2020-05-04,ECLI:EE:RK:2020:4.19.4632.23,Kriminaalkolleegium
estleg:RK_4_20_1259_16,4-20-1259/16,2020-09-28,ECLI:EE:RK:2020:4.20.1259.16,Kriminaalkolleegium
estleg:RK_4_20_215_14,4-20-215/14,2020-06-25,ECLI:EE:RK:2020:4.20.215.14,Kriminaalkolleegium
estleg:RK_4_20_2705_20,4-20-2705/20,2020-12-15,ECLI:EE:RK:2020:4.20.2705.20,Kriminaalkolleegium
estleg:RK_4_20_758_27,4-20-758/27,2020-11-05,ECLI:EE:RK:2020:4.20.758.27,Kriminaalkolleegium
estleg:RK_4_23_2162_41,4-23-2162/41,2024-02-21,ECLI:EE:RK:2024:4.23.2162.41,Kriminaalkolleegium
estleg:RK_4_23_2240_17,4-23-2240/17,2024-02-20,ECLI:EE:RK:2024:4.23.2240.17,Kriminaalkolleegium
estleg:RK_4_23_2342_11,4-23-2342/11,2024-05-03,ECLI:EE:RK:2024:4.23.2342.11,Kriminaalkolleegium
estleg:RK_4_23_2703_17,4-23-2703/17,2024-02-06,ECLI:EE:RK:2024:4.23.2703.17,Kriminaalkolleegium
estleg:RK_4_23_3152_19,4-23-3152/19,2024-04-24,ECLI:EE:RK:2024:4.23.3152.19,Kriminaalkolleegium
estleg:RK_4_23_3193_28,4-23-3193/28,2024-06-21,ECLI:EE:RK:2024:4.23.3193.28,Kriminaalkolleegium
estleg:RK_4_23_3306_16,4-23-3306/16,2024-05-03,ECLI:EE:RK:2024:4.23.3306.16,Kriminaalkolleegium
estleg:RK_4_23_742_78,4-23-742/78,2024-06-20,ECLI:EE:RK:2024:4.23.742.78,Kriminaalkolleegium
estleg:RK_4_24_1237_24,4-24-1237/24,2024-10-23,ECLI:EE:RK:2024:4.24.1237.24,Kriminaalkolleegium
estleg:RK_4_24_1323_15,4-24-1323/15,2024-11-15,ECLI:EE:RK:2024:4.24.1323.15,Kriminaalkolleegium
estleg:RK_4_24_1678_24,4-24-1678/24,2024-11-12,ECLI:EE:RK:2024:4.24.1678.24,Kriminaalkolleegium
estleg:RK_4_24_1840_11,4-24-1840/11,2024-11-28,ECLI:EE:RK:2024:4.24.1840.11,Kriminaalkolleegium
estleg:RK_4_24_3055_22,4-24-3055/22,2024-12-17,ECLI:EE:RK:2024:4.24.3055.22,Kriminaalkolleegium
estleg:RK_4_24_37_31,4-24-37/31,2024-11-28,ECLI:EE:RK:2024:4.24.37.31,Kriminaalkolleegium
estleg:RK_4_24_394_42,4-24-394/42,2024-10-17,ECLI:EE:RK:2024:4.24.394.42,
estleg:RK_4_24_941_48,4-24-941/48,2024-11-28,ECLI:EE:RK:2024:4.24.941.48,Kriminaalkolleegium
estleg:RK_5_18_5_33,5-18-5/33,2020-04-09,ECLI:EE:RK:2020:5.18.5.33,Üldkogu
estleg:RK_5_19_44_9,5-19-44/9,2020-02-04,ECLI:EE:RK:2020:5.19.44.9,Põhiseaduslikkuse järelevalve kolleegium
estleg:RK_5_19_45_9,5-19-45/9,2020-04-17,ECLI:EE:RK:2020:5.19.45.9,Põhiseaduslikkuse järelevalve kolleegium
estleg:RK_5_20_1_15,5-20-1/15,2020-05-05,ECLI:EE:RK:2020:5.20.1.15,Põhiseaduslikkuse järelevalve kolleegium
estleg:RK_5_20_2_11,5-20-2/11,2020-05-26,ECLI:EE:RK:2020:5.20.2.11,Põhiseaduslikkuse järelevalve kolleegium
estleg:RK_5_20_3_18,5-20-3/18,2020-06-09,ECLI:EE:RK:2020:5.20.3.18,Põhiseaduslikkuse järelevalve kolleegium
estleg:RK_5_20_3_43,5-20-3/43,2020-10-20,ECLI:EE:RK:2020:5.20.3.43,Üldkogu
estleg:RK_5_20_4_2,5-20-4/2,2020-05-12,ECLI:EE:RK:2020:5.20.4.2,Põhiseaduslikkuse järelevalve kolleegium
estleg:RK_5_20_5_10,5-20-5/10,2020-09-07,ECLI:EE:RK:2020:5.20.5.10,Põhiseaduslikkuse järelevalve kolleegium
estleg:RK_5_20_6_11,5-20-6/11,2020-12-22,ECLI:EE:RK:2020:5.20.6.11,Põhiseaduslikkuse järelevalve kolleegium
estleg:RK_5_20_8_2,5-20-8/2,2020-12-14,ECLI:EE:RK:2020:5.20.8.2,Põhiseaduslikkuse järelevalve kolleegium
estleg:RK_5_20_9_2,5-20-9/2,2020-12-22,ECLI:EE:RK:2020:5.20.9.2,Põhiseaduslikkuse järelevalve kolleegium
estleg:RK_5_23_38_27,5-23-38/27,2024-02-12,ECLI:EE:RK:2024:5.23.38.27,Põhiseaduslikkuse järelevalve kolleegium
estleg:RK_5_23_38_48,5-23-38/48,2024-07-05,ECLI:EE:RK:2024:5.23.38.48,Üldkogu
estleg:RK_5_23_41_5,5-23-41/5,2024-02-14,ECLI:EE:RK:2024:5.23.41.5,Põhiseaduslikkuse järelevalve kolleegium
estleg:RK_5_24_10_2,5-24-10/2,2024-06-14,ECLI:EE:RK:2024:5.24.10.2,Põhiseaduslikkuse järelevalve kolleegium
estleg:RK_5_24_11_2,5-24-11/2,2024-06-14,ECLI:EE:RK:2024:5.24.11.2,Põhiseaduslikkuse järelevalve kolleegium
estleg:RK_5_24_12_2,5-24-12/2,2024-06-21,ECLI:EE:RK:2024:5.24.12.2,Põhiseaduslikkuse järelevalve kolleegium
estleg:RK_5_24_13_3,5-24-13/3,2024-06-21,ECLI:EE:RK:2024:5.24.13.3,Põhiseaduslikkuse järelevalve kolleegium
estleg:RK_5_24_14_5,5-24-14/5,2024-06-28,ECLI:EE:RK:2024:5.24.14.5,Põhiseaduslikkuse järelevalve kolleegium
estleg:RK_5_24_15_2,5-24-15/2,2024-07-04,ECLI:EE:RK:2024:5.24.15.2,Põhiseaduslikkuse järelevalve kolleegium
estleg:RK_5_24_16_2,5-24-16/2,2024-07-04,ECLI:EE:RK:2024:5.24.16.2,Põhiseaduslikkuse järelevalve kolleegium
estleg:RK_5_24_17_2,5-24-17/2,2024-06-28,ECLI:EE:RK:2024:5.24.17.2,Põhiseaduslikkuse järelevalve kolleegium
estleg:RK_5_24_18_2,5-24-18/2,2024-07-02,ECLI:EE:RK:2024:5.24.18.2,Põhiseaduslikkuse järelevalve kolleegium
estleg:RK_5_24_19_2,5-24-19/2,2024-07-02,ECLI:EE:RK:2024:5.24.19.2,Põhiseaduslikkuse järelevalve kolleegium
estleg:RK_5_24_1_23,5-24-1/23,2024-04-18,ECLI:EE:RK:2024:5.24.1.23,Põhiseaduslikkuse järelevalve kolleegium
estleg:RK_5_24_20_2,5-24-20/2,2024-06-28,ECLI:EE:RK:2024:5.24.20.2,Põhiseaduslikkuse järelevalve kolleegium
estleg:RK_5_24_21_2,5-24-21/2,2024-07-02,ECLI:EE:RK:2024:5.24.21.2,Põhiseaduslikkuse järelevalve kolleegium
estleg:RK_5_24_22_16,5-24-22/16,2024-12-02,ECLI:EE:RK:2024:5.24.22.16,Põhiseaduslikkuse järelevalve kolleegium
estleg:RK_5_24_23_2,5-24-23/2,2024-07-04,ECLI:EE:RK:2024:5.24.23.2,Põhiseaduslikkuse järelevalve kolleegium
estleg:RK_5_24_24_2,5-24-24/2,2024-07-04,ECLI:EE:RK:2024:5.24.24.2,Põhiseaduslikkuse järelevalve kolleegium
estleg:RK_5_24_27_3,5-24-27/3,2024-10-28,ECLI:EE:RK:2024:5.24.27.3,Põhiseaduslikkuse järelevalve kolleegium
estleg:RK_5_24_2_3,5-24-2/3,2024-06-13,ECLI:EE:RK:2024:5.24.2.3,Põhiseaduslikkuse järelevalve kolleegium
estleg:RK_5_24_31_2,5-24-31/2,2024-12-19,ECLI:EE:RK:2024:5.24.31.2,Põhiseaduslikkuse järelevalve kolleegium
estleg:RK_5_24_3_18,5-24-3/18,2024-08-27,ECLI:EE:RK:2024:5.24.3.18,Põhiseaduslikkuse järelevalve kolleegium
estleg:RK_5_24_3_23,5-24-3/23,2024-12-19,ECLI:EE:RK:2024:5.24.3.23,Üldkogu
estleg:RK_5_24_4_2,5-24-4/2,2024-06-20,ECLI:EE:RK:2024:5.24.4.2,Põhiseaduslikkuse järelevalve kolleegium
estleg:RK_5_24_5_13,5-24-5/13,2024-05-14,ECLI:EE:RK:2024:5.24.5.13,Põhiseaduslikkuse järelevalve kolleegium
estleg:RK_5_24_5_16,5-24-5/16,2024-05-31,ECLI:EE:RK:2024:5.24.5.16,Põhiseaduslikkuse järelevalve kolleegium
estleg:RK_5_24_5_3,5-24-5/3,2024-05-06,ECLI:EE:RK:2024:5.24.5.3,Põhiseaduslikkuse järelevalve kolleegium
estleg:RK_5_24_6_3,5-24-6/3,2024-06-11,ECLI:EE:RK:2024:5.24.6.3,Põhiseaduslikkuse järelevalve kolleegium
estleg:RK_5_24_7_13,5-24-7/13,2024-09-23,ECLI:EE:RK:2024:5.24.7.13,Põhiseaduslikkuse järelevalve kolleegium
estleg:RK_5_24_8_2,5-24-8/2,2024-06-07,ECLI:EE:RK:2024:5.24.8.2,Põhiseaduslikkuse järelevalve kolleegium
estleg:RK_5_24_9_3,5-24-9/3,2024-06-12,ECLI:EE:RK:2024:5.24.9.3,Põhiseaduslikkuse järelevalve kolleegium
