iri,eis_number,title,phase,draft_type,initiator,publication_date,change_type,amends_law,enacted_as,affected_laws,eis_link
estleg:Draft_0f699dbae70c4119,,"COM(2018) 473 REGULATION OF THE EUROPEAN PARLIAMENT AND OF THE COUNCIL establishing, as part of the Integrated Border Management Fund, the instrument for financial support for border management and visa - 9.3.1/18-2296 (14.09.2018)",Submission,Other,,,,,,,https://eelnoud.valitsus.ee/main/mount/docList/0f699dba-e70c-4119-9a6e-ac12076e45aa?activity=3
estleg:Draft_3127eb71fab64e63,,COM(2018) 92 DIRECTIVE OF THE EUROPEAN PARLIAMENT AND OF THE COUNCIL amending Directive 2009/65/EC of the European Parliament and of the Council and Directive 2011/61/EU of the European Parliament and of the Council with regard to cross-border distribution of collective investment funds - 6.1.1/18-0932 (01.05.2018),Submission,Other,,,,,,,https://eelnoud.valitsus.ee/main/mount/docList/3127eb71-fab6-4e63-8029-d2497e0347ee?activity=3
estleg:Draft_321238a8c4f94ce0,,Agriculture and Fisheries Council ; 22.10.2015 - 10.1.2/15-3211 (14.10.2015),Submission,Other,,,,,,,https://eelnoud.valitsus.ee/main/mount/docList/321238a8-c4f9-4ce0-a925-17dc9223b201?activity=1
estleg:Draft_473cb744666b44e0,,"Eesti seisukohad Euroopa Liidu Nõukogu direktiiv, millega kehtestatakse arvutusmeetodid ja aruandlusnõuded vastavalt bensiini ja diislikütuse kvaliteeti käsitlevale Euroopa Parlamendi ja nõukogu direktiivile 98/70/EÜ, eelnõu kohta - 19.1.1/14-3778 (05.11.2014)",Submission,EUPosition,,,,,,,https://eelnoud.valitsus.ee/main/mount/docList/473cb744-666b-44e0-8c27-27362961687b?activity=1
estleg:Draft_50e8f62bc13c4843,,COM(2017) 343 REGULATION OF THE EUROPEAN PARLIAMENT AND OF THE COUNCIL on a pan-European Personal Pension Product (PEPP) - 18.3/17-2718 (30.01.2018),Submission,Other,,,,,,,https://eelnoud.valitsus.ee/main/mount/docList/50e8f62b-c13c-4843-8f90-0e9949fb76b5?activity=3
estleg:Draft_679062402742471a,,COM(2025) 551 Proposal for a REGULATION OF THE EUROPEAN PARLIAMENT AND OF THE COUNCIL establishing Global Europe - 8.1.1/25-0517 (16.12.2025),Submission,Other,,,,,,,https://eelnoud.valitsus.ee/main/mount/docList/67906240-2742-471a-becb-4d839ff3b531?activity=3
estleg:Draft_HTM10_0043,HTM/10-0043,Eesti Vabariigi valitsuse ja Kanada valitsuse noortevahetuse kokkuleppe ratifitseerimise seadus,Enacted,Bill,Haridus- ja Teadusministeerium,2010-02-17,,estleg:eesti_vabariigi_valitsuse_ja_kanada_valitsuse_noor_Map,estleg:eesti_vabariigi_valitsuse_ja_kanada_valitsuse_noor_Map,Eesti Vabariigi valitsuse ja Kanada valitsuse noortevahetuse kokkuleppe ratifitseerimise seadus,https://eelnoud.valitsus.ee/main/mount/docList/f5253c64-759d-43d8-9f95-f74190157a52?activity=2
estleg:Draft_HTM12_0207,HTM/12-0207,"„Eesti Vabariigi haridusseaduse, halduskoostööseaduse, keeleseaduse, kodakondsuse seaduse, põhikooli- ja gümnaasiumiseaduse ning turvaseaduse muutmise seaduse“ eelnõu",Review,AmendmentBill,Haridus- ja Teadusministeerium,2012-03-12,amends,estleg:TurvaS_Map,,turvaseaduse,https://eelnoud.valitsus.ee/main/mount/docList/b47fa2e4-bc7e-4e88-810c-d80c50a80a8a?activity=2
estleg:Draft_HTM12_0380,HTM/12-0380,Täiskasvanute tööalast koolitust reguleerivate haridus- ja teadusministri määruste muutmine,Review,MinisterialRegulation,Haridus- ja Teadusministeerium,2012-03-23,amends,,,,https://eelnoud.valitsus.ee/main/mount/docList/c11881d8-1749-4de2-ba9d-2e324a1966a6?activity=1
estleg:Draft_HTM14_0322,HTM/14-0322,Kutseseaduse muutmise seaduse eelnõu väljatöötamise kavatsus,Review,DraftIntent,Haridus- ja Teadusministeerium,2014-04-24,amends,estleg:Kutseseadus_Map,,Kutseseaduse,https://eelnoud.valitsus.ee/main/mount/docList/3bcc9a26-8640-481f-afd0-5bf32a1dd570?activity=2
estleg:Draft_HTM14_0637,HTM/14-0637,"Vabariigi Valitsuse 20. juuni 2011. a määruse nr 84 „Ametniku, töötaja ning füüsilisest isikust ettevõtja eesti keele oskuse ja kasutamise nõuded“ muutmine",Review,GovernmentRegulation,Haridus- ja Teadusministeerium,2014-05-12,amends,,,,https://eelnoud.valitsus.ee/main/mount/docList/2c464d6f-10d8-4907-a054-4502a3031c8c?activity=1
estleg:Draft_HTM15_1408,HTM/15-1408,Põhikooli- ja gümnaasiumiseaduse ning erakooliseaduse muutmise seadus,Enacted,AmendmentBill,Haridus- ja Teadusministeerium,2015-10-05,amends,estleg:EraKS_Map,,ja gümnaasiumiseaduse;erakooliseaduse,https://eelnoud.valitsus.ee/main/mount/docList/05528b5f-b992-4ad1-91fd-b3aac87cdd49?activity=1
estleg:Draft_HTM15_1871,HTM/15-1871,"Haridus- ja teadusministri 05. augusti 2015 käskkirja nr 316 „Toetuse andmise tingimuste kehtestamine tegevuste „Praktikasüsteemi arendamine kutse- ja kõrghariduses sh õpetajakoolituse koolituspraktika“ ja „Kutsehariduse maine tõstmine, töökohapõhise õppe laiendamine“ elluviimiseks“ muutmine",Review,Other,Haridus- ja Teadusministeerium,2015-12-30,enacts,,,,https://eelnoud.valitsus.ee/main/mount/docList/b049a1d8-6753-4ba4-8929-14a828b789c0?activity=1
estleg:Draft_HTM16_0471,HTM/16-0471,"Ülikooliseaduse, rakenduskõrgkooli seaduse ja teiste seaduste muutmise seadus",Review,AmendmentBill,Haridus- ja Teadusministeerium,2016-06-06,amends,estleg:RakKKS_Map,,rakenduskõrgkooli seaduse,https://eelnoud.valitsus.ee/main/mount/docList/554a7800-f7ca-428e-b7d1-ed54265ab7a9?activity=2
estleg:Draft_HTM18_1197,HTM/18-1197,Haridus- ja teadusministri 7. mai 2015. a käskkirja nr 178 „Toetuste andmise tingimuste kehtestamine tegevuse „Kutsehariduse kvaliteedi tõstmine“ elluviimiseks“ muutmine,Review,Other,Haridus- ja Teadusministeerium,2018-11-21,enacts,,,,https://eelnoud.valitsus.ee/main/mount/docList/a39a3d19-8cd2-4577-999d-f874863c31d5?activity=1
estleg:Draft_HTM22_0538,HTM/22-0538,Kõrgharidusseaduse muutmise seaduse eelnõu,Review,AmendmentBill,Haridus- ja Teadusministeerium,2022-09-23,amends,estleg:KHaS_Map,,Kõrgharidusseaduse,https://eelnoud.valitsus.ee/main/mount/docList/24d40683-bb5c-4233-957b-49247c4d9376?activity=2
estleg:Draft_JDM10_0801,JDM/10-0801,Valitsuse määruse “Vabariigi Valitsuse 26. juuni 2008. aasta määruse nr 105 muutmise eelnõu,Review,GovernmentRegulation,Justiitsministeerium,2010-12-27,amends,,,,https://eelnoud.valitsus.ee/main/mount/docList/bc90b265-cd1e-49b4-a4fa-73ae06228977?activity=2
estleg:Draft_JDM13_1375,JDM/13-1375,Euroopa Parlamendi valimise seaduse muutmise seadus,Enacted,AmendmentBill,Justiitsministeerium,2013-10-14,amends,estleg:EPV_Map,,Euroopa Parlamendi valimise seaduse,https://eelnoud.valitsus.ee/main/mount/docList/70101512-7641-4c9e-b1f8-ad96de672abf?activity=1
estleg:Draft_JDM14_1432,JDM/14-1432,Riigisaladuse ja salastatud välisteabe seaduse muutmise seaduse eelnõu,Enacted,AmendmentBill,Justiitsministeerium,2014-10-23,amends,estleg:RSV_Map,,Riigisaladuse ja salastatud välisteabe seaduse,https://eelnoud.valitsus.ee/main/mount/docList/764a4edb-656d-4e02-bb02-ee299b532c23?activity=1
estleg:Draft_JDM15_1730,JDM/15-1730,Autoriõiguse seaduse muutmise seadus,Enacted,AmendmentBill,Justiitsministeerium,2015-12-04,amends,estleg:AUTORI_Map,,Autoriõiguse seaduse,https://eelnoud.valitsus.ee/main/mount/docList/0e55aadf-0ccb-4e8c-a2f6-368048756c31?activity=1
estleg:Draft_JDM16_0911,JDM/16-0911,Konkurentsiseaduse muutmise ja sellega seonduvalt teiste seaduste muutmise seaduse eelnõu,Enacted,AmendmentBill,Justiitsministeerium,2016-08-11,amends,estleg:KonkS_Map,,Konkurentsiseaduse,https://eelnoud.valitsus.ee/main/mount/docList/60d317f5-088c-481a-b394-6c8ff801fa44?activity=1
estleg:Draft_JDM17_0522,JDM/17-0522,Vabariigi Valitsuse seiskohad Gazpromi välja pakutud kohustuste osas seoses gaasi tarnimisega Kesk- ja Ida-Euroopa riikidesse,Submission,Other,Justiitsministeerium,2017-04-25,,,,,https://eelnoud.valitsus.ee/main/mount/docList/86a6098f-6efa-40d6-9d08-04540c156bb9?activity=1
estleg:Draft_JDM21_0562,JDM/21-0562,Karistusseadustiku ja perekonnaseaduse muutmise seadus (seksuaalse enesemääramise ja abiellumise eapiiri muutmine),Lapsed,AmendmentBill,Justiitsministeerium,2021-04-30,amends,estleg:KARIST_2_Map;estleg:PKS_Map,,Karistusseadustiku;perekonnaseaduse,https://eelnoud.valitsus.ee/main/mount/docList/c1620c42-e00b-4ade-ada0-23381cfb5b1b?activity=1
estleg:Draft_JDM21_1573,JDM/21-1573,Konkurentsiseaduse muutmise ja sellega seonduvalt teiste seaduste muutmise seadus,Review,AmendmentBill,Justiitsministeerium,2021-12-15,amends,estleg:KonkS_Map,,Konkurentsiseaduse,https://eelnoud.valitsus.ee/main/mount/docList/7536527c-707a-42c6-8ede-3d9d58560589?activity=1
estleg:Draft_JDM23_0907,JDM/23-0907,"Riigikogu valimise seaduse, kohaliku omavalitsuse volikogu valimise seaduse, Euroopa Parlamendi valimise seaduse ja rahvahääletuse seaduse muutmise seaduse eelnõu väljatöötamiskavatsus",Review,DraftIntent,Justiitsministeerium,2023-07-03,amends,estleg:EPV_Map;estleg:RAHVAH_Map;estleg:RIIGIK_2_Map;estleg:KOVVS_Map,,Euroopa Parlamendi valimise seaduse;rahvahääletuse seaduse;Riigikogu valimise seaduse;kohaliku omavalitsuse volikogu valimise seaduse,https://eelnoud.valitsus.ee/main/mount/docList/3fd1bb3b-e468-4cbb-a4dc-a858c5b7d58a?activity=1
estleg:Draft_JDM23_1693,JDM/23-1693,Vabariigi Valitsuse 26. veebruari 2004. a määruse nr 46 „ Ringkonnaprokuratuuride asukoha ja tööpiirkonna kehtestamine“ muutmine,Review,GovernmentRegulation,Justiitsministeerium,2023-12-27,enacts,,,,https://eelnoud.valitsus.ee/main/mount/docList/55794c72-0fd4-49a5-8db5-aa9905d56a4c?activity=1
estleg:Draft_JDM24_0094,JDM/24-0094,Vangistusseaduse muutmise seadus,Enacted,AmendmentBill,Justiitsministeerium,2024-02-01,amends,estleg:VANGIS_Map,,Vangistusseaduse,https://eelnoud.valitsus.ee/main/mount/docList/c9b91bf4-c210-47d2-b211-b964f257861f?activity=1
estleg:Draft_JDM25_1195,JDM/25-1195,"Geograafilise tähise kaitse seaduse, kaubamärgiseaduse ja riigilõivuseaduse muutmise seadus",RiigikoguProceeding,AmendmentBill,Justiitsministeerium,2025-10-31,amends,estleg:KAUBAM_Map;estleg:RIIGIL_2_Map,,kaubamärgiseaduse;riigilõivuseaduse,https://eelnoud.valitsus.ee/main/mount/docList/015e9365-9726-46bb-a5c1-2d11da6f648a?activity=1
estleg:Draft_KAM12_1392,KAM/12-1392,Ajateenijale ja reservväelasele tagatava toitlustuse ulatus ja kord,Review,Other,Kaitseministeerium,2012-11-09,,,,,https://eelnoud.valitsus.ee/main/mount/docList/d5123edf-d42f-489b-af22-93f25bb6e9e1?activity=1
estleg:Draft_KAM17_0689,KAM/17-0689,Kaitseväeteenistuse seaduse ja sellega seonduvalt teiste seaduste muutmise seadus,Review,AmendmentBill,Kaitseministeerium,2017-06-05,amends,estleg:KAITSE_3_Map,,Kaitseväeteenistuse seaduse,https://eelnoud.valitsus.ee/main/mount/docList/de8fdd98-d440-4cae-acd5-62573788a7bb?activity=1
estleg:Draft_KLIM10_0293,KLIM/10-0293,Põlevkivi kasutamise riikliku arengukava 2008–2015 rakendusplaan,Review,Other,Kliimaministeerium,2010-05-10,,,,,https://eelnoud.valitsus.ee/main/mount/docList/a13188d8-850f-45e6-babc-a077a21e7993?activity=1
estleg:Draft_KLIM10_0778,KLIM/10-0778,2006. aasta rahvusvahelise troopilise puidu lepingu ratifitseerimise seadus,Enacted,Bill,Kliimaministeerium,2010-12-15,,estleg:2006_aasta_rahvusvaheline_troopilise_pui_Map,,aasta rahvusvahelise troopilise puidu lepingu ratifitseerimise seadus,https://eelnoud.valitsus.ee/main/mount/docList/225e6ced-dcb5-484d-9886-5b2c826ccd21?activity=2
estleg:Draft_KLIM12_0498,KLIM/12-0498,Looduskaitseseaduse ja riigivaraseaduse muutmise seaduse eelnõu,Enacted,AmendmentBill,Kliimaministeerium,2012-04-17,amends,estleg:RIIGIV_Map,,riigivaraseaduse,https://eelnoud.valitsus.ee/main/mount/docList/ed2d07c4-641f-4c69-960f-b59659bae929?activity=1
estleg:Draft_KLIM12_0927,KLIM/12-0927,"Vabariigi Valitsuse määruse „Reovee puhastamise ning heit- ja sademevee suublasse juhtimise kohta esitatavad nõuded, heit- ja sademevee reostusnäitajate piirmäärad ning nende nõuete täitmise kontrollimise meetmed“ eelnõu",Review,GovernmentRegulation,Kliimaministeerium,2012-07-13,,,,,https://eelnoud.valitsus.ee/main/mount/docList/8831cdb0-194e-415d-a023-a6fb17a94a86?activity=1
estleg:Draft_KLIM14_1714,KLIM/14-1714,Haanja looduspargi kaitse-eeskiri,Review,Other,Kliimaministeerium,2014-12-09,,,,,https://eelnoud.valitsus.ee/main/mount/docList/70695bad-2526-4930-aab5-df027b37545a?activity=1
estleg:Draft_KLIM15_0037,KLIM/15-0037,Lahemaa rahvuspargi kaitse-eeskiri,Review,Other,Kliimaministeerium,2015-01-13,,,,,https://eelnoud.valitsus.ee/main/mount/docList/927793bf-a373-4894-8158-53a8f04e1b7d?activity=1
estleg:Draft_KLIM16_1184,KLIM/16-1184,Looduskaitseseaduse muutmise seadus,Review,AmendmentBill,Kliimaministeerium,2016-10-18,amends,estleg:LKS_Map,,Looduskaitseseaduse,https://eelnoud.valitsus.ee/main/mount/docList/bf91f0e3-f96f-4fca-97b8-7cd5257d636f?activity=1
estleg:Draft_KLIM16_1560,KLIM/16-1560,Keskkonnamõju hindamise ja keskkonnajuhtimissüsteemi seaduse muutmise seadus,Enacted,AmendmentBill,Kliimaministeerium,2017-02-13,amends,estleg:KeHJS_Map,,Keskkonnamõju hindamise ja keskkonnajuhtimissüsteemi seaduse,https://eelnoud.valitsus.ee/main/mount/docList/c3341b7f-8f4d-4378-8a53-709590cce124?activity=2
estleg:Draft_KLIM17_0589,KLIM/17-0589,Vabariigi Valitsuse 8. oktoobri 2015. a määruse nr 103 „Aadressiandmete süsteem“ muutmine,Review,GovernmentRegulation,Kliimaministeerium,2017-05-11,amends,,,,https://eelnoud.valitsus.ee/main/mount/docList/084eaf8e-ee6d-42b4-b047-4b0340e98f91?activity=1
estleg:Draft_KLIM20_0241,KLIM/20-0241,Nõusolek riigivara otsustuskorras tasuta võõrandamiseks (Vanamardi peatus),Submission,Other,Kliimaministeerium,2020-03-05,,,,,https://eelnoud.valitsus.ee/main/mount/docList/e8dbd073-3bec-47f6-a50d-38df79d79dd3?activity=1
estleg:Draft_KLIM20_0353,KLIM/20-0353,Maakatastriseaduse § 25² muutmise seadus,Submission,AmendmentBill,Kliimaministeerium,2020-03-31,amends,estleg:MaaKatS_Map,,Maakatastriseaduse,https://eelnoud.valitsus.ee/main/mount/docList/09319f2b-6d21-47f9-ad2f-e98b03c48fc6?activity=1
estleg:Draft_KLIM21_0380,KLIM/21-0380,Keskkonnaministri käskkirjade 18.04.2016 nr 1-2/16/336 ja 04.04.2019 nr 1-2/19/286 muutmine,Review,Other,Kliimaministeerium,2021-03-25,amends,,,,https://eelnoud.valitsus.ee/main/mount/docList/9e3b1ec8-1d2c-4c22-bfb9-14fcbd4e252f?activity=1
estleg:Draft_KLIM21_1206,KLIM/21-1206,Metsaseaduse ja planeerimisseaduse täiendamise seadus,RiigikoguProceeding,Bill,Kliimaministeerium,2022-05-12,supplements,estleg:METS_Map;estleg:PLANEE_2_Map,,Metsaseaduse;planeerimisseaduse,https://eelnoud.valitsus.ee/main/mount/docList/634d9035-95ab-4d36-af1c-db90779b2ff8?activity=2
estleg:Draft_KLIM23_1073,KLIM/23-1073,Veeseaduse muutmise seaduse eelnõu,Enacted,AmendmentBill,Kliimaministeerium,2023-08-14,amends,estleg:VEE_Map,,Veeseaduse,https://eelnoud.valitsus.ee/main/mount/docList/01792ce3-d329-4420-ab53-2883dbe1e0b5?activity=1
estleg:Draft_KLIM24_0619,KLIM/24-0619,Meresõiduohutuse seaduse muutmise seaduse eelnõu väljatöötamiskavatsus,Review,DraftIntent,Kliimaministeerium,2024-06-10,amends,estleg:MSOS_Map,,Meresõiduohutuse seaduse,https://eelnoud.valitsus.ee/main/mount/docList/9718f7e1-0074-4b75-942d-96b91fd2c5e1?activity=1
estleg:Draft_KLIM24_0950,KLIM/24-0950,Keskkonnatasude seaduse ja maapõueseaduse muutmise eelnõu väljatöötamiskavatsus,Review,DraftIntent,Kliimaministeerium,2024-09-20,amends,estleg:Maapueseadus_Map,,maapõueseaduse,https://eelnoud.valitsus.ee/main/mount/docList/bb1925a7-f244-4ee4-b839-2b3e4a4a64ad?activity=1
estleg:Draft_KUM21_1366,KUM/21-1366,Sidusa Eesti arengukava 2021–2030,Submission,Other,Kultuuriministeerium,2021-11-12,,,,,https://eelnoud.valitsus.ee/main/mount/docList/4020d635-8e28-4601-910c-23080a1ef5bb?activity=1
estleg:Draft_MKM10_0052,MKM/10-0052,"Korteriomandiseaduse, tsiviilkohtumenetluse seadustiku, kaugkütteseaduse ja sotsiaalhoolekande seaduse muutmise seaduse eelnõu",Review,AmendmentBill,Majandus- ja Kommunikatsiooniministeerium,2010-01-29,amends,estleg:KAUGKU_Map;estleg:SOTSIA_Map;estleg:KOS_Map;estleg:TsMS_Map,,kaugkütteseaduse;sotsiaalhoolekande seaduse;Korteriomandiseaduse;tsiviilkohtumenetluse seadustiku,https://eelnoud.valitsus.ee/main/mount/docList/0aa4dd15-8f80-405c-99ee-b8ae068b4771?activity=1
estleg:Draft_MKM11_0136,MKM/11-0136,Riigivaraseaduse muutmise seadus,Review,AmendmentBill,Majandus- ja Kommunikatsiooniministeerium,2011-07-08,amends,estleg:RIIGIV_Map,,Riigivaraseaduse,https://eelnoud.valitsus.ee/main/mount/docList/143a401b-6689-4455-8a73-63a8037749f8?activity=2
estleg:Draft_MKM11_0194,MKM/11-0194,"„Vabariigi Valitsuse 24. septembri 2002. a määruse nr 305 „Allkirja ning ärakirja, väljavõtte või väljatrüki õigsuse ametliku kinnitamise õigust omavate haldusorganite määramine“ muutmine“",Review,GovernmentRegulation,Majandus- ja Kommunikatsiooniministeerium,2011-05-13,amends,,,,https://eelnoud.valitsus.ee/main/mount/docList/e4ea61e9-af2e-42af-911d-52e4f303cdb3?activity=1
estleg:Draft_MKM11_0345,MKM/11-0345,"Majandus- ja kommunikatsiooniministri määruse „B-kategooria ja B1-alamkategooria mootorsõidukijuhi ettevalmistamise riiklik õppekava""",Review,MinisterialRegulation,Majandus- ja Kommunikatsiooniministeerium,2011-06-08,,,,,https://eelnoud.valitsus.ee/main/mount/docList/0703ff95-d653-4371-8831-3e8bfe839356?activity=1
estleg:Draft_MKM12_0117,MKM/12-0117,Alkoholiseaduse muutmise seaduse eelnõu,Review,AmendmentBill,Majandus- ja Kommunikatsiooniministeerium,2012-02-27,amends,estleg:AS_Map,,Alkoholiseaduse,https://eelnoud.valitsus.ee/main/mount/docList/215391d2-d255-49b0-baf1-4842c03dbefa?activity=2
estleg:Draft_MKM13_1427,MKM/13-1427,Ülemaailmse Postiliidu 25. kongressi lõppaktide ratifitseerimise seadus,Enacted,Bill,Majandus- ja Kommunikatsiooniministeerium,2013-12-10,,estleg:UPKLR_Map,estleg:UPKLR_3_Map,kongressi lõppaktide ratifitseerimise seadus,https://eelnoud.valitsus.ee/main/mount/docList/7b5f066e-4ca8-4873-903b-92b879d192c0?activity=2
estleg:Draft_MKM14_0203,MKM/14-0203,Elektroonilise side seaduse ning elektroonilise side seaduse ja riigilõivuseaduse muutmise seaduse muutmise seadus,Review,AmendmentBill,Majandus- ja Kommunikatsiooniministeerium,2014-02-19,amends,estleg:ESS_Map;estleg:RIIGIL_2_Map,,Elektroonilise side seaduse;riigilõivuseaduse,https://eelnoud.valitsus.ee/main/mount/docList/3422c902-f5af-477c-8da3-dbac0925f048?activity=1
estleg:Draft_MKM14_1466,MKM/14-1466,Lõhkematerjaliseaduse muutmise seadus,Enacted,AmendmentBill,Majandus- ja Kommunikatsiooniministeerium,2014-10-30,amends,estleg:LOHKEM_Map,,Lõhkematerjaliseaduse,https://eelnoud.valitsus.ee/main/mount/docList/58323476-ba9d-42b8-b427-093011334b6a?activity=1
estleg:Draft_MKM15_0716,MKM/15-0716,Majandus- ja kommunikatsiooniministri 23. mai 2012. a määruse nr 43 „Nõuded majutusettevõttele“ muutmine,Review,MinisterialRegulation,Majandus- ja Kommunikatsiooniministeerium,2015-05-21,amends,,,,https://eelnoud.valitsus.ee/main/mount/docList/3fce11fa-55d2-4d8d-ba00-84a065928d17?activity=1
estleg:Draft_MKM17_0782,MKM/17-0782,"Eesti Euroopa Liidu Nõukogu eesistumise transpordi, telekommunikatsiooni ja energeetika valdkonna programm ja teemalehed",Submission,EUPosition,Majandus- ja Kommunikatsiooniministeerium,2017-06-27,,,,,https://eelnoud.valitsus.ee/main/mount/docList/c0beb066-e7a3-48bb-936c-9a20d0ae502f?activity=1
estleg:Draft_MKM17_0965,MKM/17-0965,Euroopa Aatomienergiaühenduse tarneagentuuri nõuandva komitee liikme nimetamine,Submission,Other,Majandus- ja Kommunikatsiooniministeerium,2017-08-29,,,,,https://eelnoud.valitsus.ee/main/mount/docList/420bf217-5659-481f-8e29-ca3d4493f046?activity=1
estleg:Draft_MKM18_0219,MKM/18-0219,Hoonestusloa andmine ja riigipiiri ületava gaasitorustiku rajamise lubamine,Submission,Other,Majandus- ja Kommunikatsiooniministeerium,2018-03-06,,,,,https://eelnoud.valitsus.ee/main/mount/docList/40a0d8e2-10b4-4149-951a-ae2ce39bcc9c?activity=1
estleg:Draft_MKM18_0530,MKM/18-0530,Laeva lipuõiguse ja laevaregistrite seaduse muutmise ning tulumaksuseaduse ning nendega seonduvalt teiste seaduste muutmise seadus,Review,AmendmentBill,Majandus- ja Kommunikatsiooniministeerium,2018-05-28,amends,estleg:LaevaRS_Map,,Laeva lipuõiguse ja laevaregistrite seaduse,https://eelnoud.valitsus.ee/main/mount/docList/571077ba-91a3-43b6-81ef-e970bea17d90?activity=2
estleg:Draft_MKM19_0179,MKM/19-0179,Ettevõtlus- ja infotehnoloogiaministri 19. aprilli 2018. a määruse nr 18 „Välisvärbamise toetuse taotlemise ja kasutamise tingimused ning kord“ muutmine,Review,MinisterialRegulation,Majandus- ja Kommunikatsiooniministeerium,2019-02-21,amends,,,,https://eelnoud.valitsus.ee/main/mount/docList/dfd326aa-4845-49fb-bbcd-c485cea945ea?activity=1
estleg:Draft_MKM19_0215,MKM/19-0215,Orissaare sadama akvatooriumi piiride määramine,Submission,Other,Majandus- ja Kommunikatsiooniministeerium,2019-03-01,,,,,https://eelnoud.valitsus.ee/main/mount/docList/7eb5442b-58ba-4e4a-ac9d-9638a94106f1?activity=1
estleg:Draft_MKM19_0324,MKM/19-0324,"Ettevõtlus- ja infotehnoloogiaministri 11. detsembri 2018. a määruse nr 63 „Hoone energiatõhususe miinimumnõuded“ ja majandus- ja taristuministri 8. aprilli 2015. a määruse nr 28 „Elamu energiaauditile esitatavad nõuded“, 5. juuni 2015. a määruse nr 58 „Hoone energiatõhususe arvutamise metoodika“ ning 30. aprilli 2015. a määruse nr 36 „Nõuded energiamärgise andmisele ja energiamärgisele“ muutmine",Review,MinisterialRegulation,Majandus- ja Kommunikatsiooniministeerium,2019-04-05,amends,,,,https://eelnoud.valitsus.ee/main/mount/docList/d55ea709-7ce4-45c7-ab2c-69a2411cee76?activity=1
estleg:Draft_MKM19_0818,MKM/19-0818,"Autoveoseaduse, liiklusseaduse ja toote nõuetele vastavuse seaduse muutmise seadus",Review,AmendmentBill,Majandus- ja Kommunikatsiooniministeerium,2019-10-07,amends,estleg:LIIKLU_2_Map;estleg:TNV_Map;estleg:AUTOVE_Map,,liiklusseaduse;toote nõuetele vastavuse seaduse;Autoveoseaduse,https://eelnoud.valitsus.ee/main/mount/docList/bc31607d-aa31-4fea-add5-676aeb0b7b31?activity=2
estleg:Draft_MKM20_1418,MKM/20-1418,"„Eesti Vabariigi valitsuse ja Iiri Vabariigi valitsuse vaheline taastuvenergia koostöömehhanismide kasutamise leping, millega kehtestatakse raamistik taastuvatest energiaallikatest toodetud energia statistiliseks ülekandmiseks direktiivis 2009/28/EÜ (EL 2018/2010) sätestatud eesmärkide saavutamiseks“ eelnõu heakskiitmine ning volituse andmine",Review,Other,Majandus- ja Kommunikatsiooniministeerium,2020-11-19,,,,,https://eelnoud.valitsus.ee/main/mount/docList/b4b21614-c7eb-4d21-a38c-60d6f8ae6ad2?activity=1
estleg:Draft_MKM21_1364,MKM/21-1364,"Tarbijakaitseseaduse, täitemenetluse seadustiku ja riigilõivu seaduse muutmise seaduse eelnõu",Review,AmendmentBill,Majandus- ja Kommunikatsiooniministeerium,2022-07-04,amends,estleg:TMS_Map;estleg:TarbKS_Map,,täitemenetluse seadustiku;riigilõivu seaduse;Tarbijakaitseseaduse,https://eelnoud.valitsus.ee/main/mount/docList/9d36850e-7201-4c6b-bbdb-c1db87b9e80e?activity=2
estleg:Draft_MKM23_0065,MKM/23-0065,Väärismetalltoodete seaduse muutmise seaduse eelnõu väljatöötamiskavatsus,Review,DraftIntent,Majandus- ja Kommunikatsiooniministeerium,2023-01-19,amends,estleg:VMTS_Map,,Väärismetalltoodete seaduse,https://eelnoud.valitsus.ee/main/mount/docList/3ec4f26f-b060-47e1-88c8-74124d67e637?activity=1
estleg:Draft_MKM24_0797,MKM/24-0797,Tarbijakaitseseaduse muutmise seadus,Enacted,AmendmentBill,Majandus- ja Kommunikatsiooniministeerium,2024-11-22,amends,estleg:TarbKS_Map,,Tarbijakaitseseaduse,https://eelnoud.valitsus.ee/main/mount/docList/8acff6d8-da17-4325-a1b3-cee5346e1023?activity=2
estleg:Draft_MKM24_0920,MKM/24-0920,Turismisektori tarkvarade liitumis ja liidestamistoetuse taotlemise ja kasutamise tingimused ja kord,Review,Other,Majandus- ja Kommunikatsiooniministeerium,2024-09-16,,,,,https://eelnoud.valitsus.ee/main/mount/docList/625d60a4-bd89-4fe0-9be2-9901f9da284e?activity=1
estleg:Draft_MKM25_0823,MKM/25-0823,Kemikaaliseaduse muutmise seaduse eelnõu,Enacted,AmendmentBill,Majandus- ja Kommunikatsiooniministeerium,2025-07-21,amends,estleg:KEMIKA_Map,,Kemikaaliseaduse,https://eelnoud.valitsus.ee/main/mount/docList/04b765ad-79a2-4deb-ac10-79b581c4cad5?activity=1
estleg:Draft_MKM25_0966,MKM/25-0966,Majandus- ja infotehnoloogiaministri 7. septembri 2023. a käskkirja nr 138 „Põlevkivisektori töötajate tööle asumise ja oskuste arendamise toetamine“ muutmine,Review,Other,Majandus- ja Kommunikatsiooniministeerium,2025-09-04,amends,,,,https://eelnoud.valitsus.ee/main/mount/docList/3827b873-aedf-4f17-9806-7a3dd4cfbb70?activity=1
estleg:Draft_RAM10_0164,RAM/10-0164,Maksukorralduse seaduse muutmise seadus,Enacted,AmendmentBill,Rahandusministeerium,2010-04-07,amends,estleg:MKS_Map,,Maksukorralduse seaduse,https://eelnoud.valitsus.ee/main/mount/docList/f427cf4f-38f8-4620-8ee4-cc125240c57e?activity=2
estleg:Draft_RAM11_0183,RAM/11-0183,"Vabariigi Valitsuse 22. märtsi 2004. a määruse nr 79 “Valuuta-, krediidi-, likviidsusriskide ja muude stabiliseerimisreservi haldamisega seonduvate finantsriskide juhtimise põhimõtted ja üldised piirangud ning stabiliseerimisreservi varade koosseisu ja väärtuse aruande vorm” muutmine",Review,GovernmentRegulation,Rahandusministeerium,2011-03-21,amends,,,,https://eelnoud.valitsus.ee/main/mount/docList/629c7673-5d54-4c7e-8dd4-19f3a020c22f?activity=1
estleg:Draft_RAM11_0193,RAM/11-0193,"Vabariigi Valitsuse 25.06.2009. a määruse nr 110 „Töölähetuse kulude hüvitiste maksmise kord ning välislähetuse päevaraha alammäär, maksmise tingimused ja kord“ muutmise eelnõu",Review,GovernmentRegulation,Rahandusministeerium,2011-06-10,amends,,,,https://eelnoud.valitsus.ee/main/mount/docList/85994a0f-a84b-44a9-9e4c-4eb1a062f2cb?activity=2
estleg:Draft_RAM11_0859,RAM/11-0859,"2012. aasta riigieelarve seaduse, Eesti keskmise palgaga seotud ametipalkade maksmise ajutise korralduse seaduse, kõrgemate riigiteenijate ametipalkade seaduse, Kohtute Raamatupidamiskeskuse Rahandusministeeriumi valitsemisalasse üleviimisega seotud seaduste, riigieelarve seaduse ja Vabariigi Valitsuse seaduse ja sellega seonduvalt teiste seaduste muutmise seadus ning 2012. aasta riigieelarve seadusega seonduvalt alkoholi-, tubaka-, kütuse- ja elektriaktsiisi seaduse, Eesti Haigekassa seaduse, kohaliku omavalitsuse üksuse finantsjuhtimise seaduse, kunstliku viljastamise ja embrüokaitse seaduse, töötuskindlustuse seaduse ja prokuratuuriseaduse muutmise seadus.",Submission,AmendmentBill,Rahandusministeerium,2011-09-23,amends,estleg:REELS_Map;estleg:VABARI_Map;estleg:TKindlS_Map;estleg:ProkS_Map,,riigieelarve seaduse;Vabariigi Valitsuse seaduse;töötuskindlustuse seaduse;prokuratuuriseaduse,https://eelnoud.valitsus.ee/main/mount/docList/52a5a4c8-2c67-4570-88c4-be09c6a98aed?activity=1
estleg:Draft_RAM12_0857,RAM/12-0857,Ülevaade 21.juuni eurogrupi kohtumisest ja 22. juuni 2012.a Euroopa Liidu Nõukogu (ECOFIN) istungist,Submission,EUPosition,Rahandusministeerium,2012-06-26,,,,,https://eelnoud.valitsus.ee/main/mount/docList/ec68e6b4-e3bf-4185-938c-e0d05d3f3264?activity=1
estleg:Draft_RAM12_0892,RAM/12-0892,Informatsioon ja seisukohad Portugali finantsabi programmi neljanda ülevaatuse ja sellega seotud vastastikuse mõistmise programmi muudatuste kohta,Submission,Other,Rahandusministeerium,2012-07-03,,,,,https://eelnoud.valitsus.ee/main/mount/docList/0e6a5d20-2638-42c9-a07d-2f6fb63fd5b2?activity=1
estleg:Draft_RAM12_1600,RAM/12-1600,Raha eraldamine,Submission,Other,Rahandusministeerium,2012-12-18,,,,,https://eelnoud.valitsus.ee/main/mount/docList/c06dbcde-fa1a-4277-aac0-c387cfb0ade1?activity=1
estleg:Draft_RAM13_0623,RAM/13-0623,Finantsinspektsiooni seaduse ja investeerimisfondide seaduse muutmise ja sellega seonduvalt teiste seaduste muutmine,Submission,AmendmentBill,Rahandusministeerium,2013-05-01,amends,estleg:FIS_Map;estleg:INVEST_Map,,Finantsinspektsiooni seaduse;investeerimisfondide seaduse,https://eelnoud.valitsus.ee/main/mount/docList/d705eeee-e36e-473c-b8d1-996a905b97b0?activity=1
estleg:Draft_RAM13_0847,RAM/13-0847,Aktsiaseltsile Estonian Air laenulepingu pikendamine,Submission,Other,Rahandusministeerium,2013-06-12,,,,,https://eelnoud.valitsus.ee/main/mount/docList/5432c94d-0c1d-41c7-ba91-48ab0171498c?activity=1
estleg:Draft_RAM13_1320,RAM/13-1320,Maksukorralduse seaduse ja sellega seonduvalt teiste seaduste muutmise seadus,Enacted,AmendmentBill,Rahandusministeerium,2013-10-01,amends,estleg:MKS_Map,,Maksukorralduse seaduse,https://eelnoud.valitsus.ee/main/mount/docList/1458dd13-291f-47da-b5f6-276fbc3156cc?activity=1
estleg:Draft_RAM13_1391,RAM/13-1391,Vabariigi Valitsuse 29. detsembri 2011. a korralduse nr 570 „Välisabi sildfinantseerimine“ muutmine,Submission,GovernmentOrder,Rahandusministeerium,2013-10-18,amends,,,,https://eelnoud.valitsus.ee/main/mount/docList/44572c92-b06f-4af0-8e16-a7302bafdef2?activity=1
estleg:Draft_RAM13_1592,RAM/13-1592,Vabariigi Valitsuse 16. veebruari 2012. a korralduse nr 91 „Välisabi sildfinantseerimine“ muutmine,Submission,GovernmentOrder,Rahandusministeerium,2013-11-21,amends,,,,https://eelnoud.valitsus.ee/main/mount/docList/bc2d3ae6-e1e3-4691-abc5-b1d60c2f7f59?activity=1
estleg:Draft_RAM14_0553,RAM/14-0553,"Alkoholi-, tubaka-, kütuse- ja elektriaktsiisi seaduse ning vedelkütuse erimärgistamise seaduse muutmise seadus",Review,AmendmentBill,Rahandusministeerium,2014-04-23,amends,estleg:VEDELK_Map,,ja elektriaktsiisi seaduse;vedelkütuse erimärgistamise seaduse,https://eelnoud.valitsus.ee/main/mount/docList/8fb23828-68a4-4e44-998c-47db0fd80146?activity=1
estleg:Draft_RAM16_0982,RAM/16-0982,Finantsinspektsiooni seaduse ja teiste seaduste muutmise eelnõu väljatöötamise kavatsus,Review,DraftIntent,Rahandusministeerium,2016-09-01,amends,,,,https://eelnoud.valitsus.ee/main/mount/docList/68edd434-27e2-4140-aa83-bf333c6980d3?activity=1
estleg:Draft_RAM16_1259,RAM/16-1259,"Alkoholi-, tubaka-, kütuse- ja elektriaktsiisi seaduse ning tubakaseaduse muutmise seadus",Enacted,AmendmentBill,Rahandusministeerium,2016-11-01,amends,estleg:tubakaseadus_Map,,ja elektriaktsiisi seaduse;tubakaseaduse,https://eelnoud.valitsus.ee/main/mount/docList/6edcb241-b839-4e26-98e3-d7f9abbc15b3?activity=1
estleg:Draft_RAM17_0289,RAM/17-0289,Tulumaksuseaduse muutmise seadus,Review,AmendmentBill,Rahandusministeerium,2017-02-28,amends,estleg:TULUMA_Map,,Tulumaksuseaduse,https://eelnoud.valitsus.ee/main/mount/docList/67247389-6de4-4ef4-85b9-e738dc43cf48?activity=1
estleg:Draft_RAM18_0067,RAM/18-0067,Rahandusministri 18. jaanuari 2017. a määruse nr 8 „Nõuded avalikustamisele kuuluvate fondi aruannetele“ muutmine,Review,MinisterialRegulation,Rahandusministeerium,2018-01-25,amends,,,,https://eelnoud.valitsus.ee/main/mount/docList/5c609e22-949f-448c-910b-4399499a84aa?activity=1
estleg:Draft_RAM20_0235,RAM/20-0235,Käibemaksuseaduse muutmise seadus,Review,AmendmentBill,Rahandusministeerium,2020-05-21,amends,estleg:KMS_Map,,Käibemaksuseaduse,https://eelnoud.valitsus.ee/main/mount/docList/61b87ef2-810d-4a88-b3d7-4469295976ac?activity=2
estleg:Draft_RAM20_0859,RAM/20-0859,„Perioodi 2014–2020 struktuuritoetuse meetmete nimekirja“ kinnitamine,Review,Other,Rahandusministeerium,2020-07-07,,,,,https://eelnoud.valitsus.ee/main/mount/docList/e5755ccd-7f37-4d50-a22d-c245062be3e0?activity=1
estleg:Draft_RAM20_1175,RAM/20-1175,2020. aasta riigieelarve seaduse muutmise seadus,Enacted,AmendmentBill,Rahandusministeerium,2020-09-29,amends,,,aasta riigieelarve seaduse,https://eelnoud.valitsus.ee/main/mount/docList/ce37252b-22ae-4028-b27a-b1e9268ef28d?activity=1
estleg:Draft_RAM22_0552,RAM/22-0552,Raha eraldamine,Submission,Other,Rahandusministeerium,2022-05-09,,,,,https://eelnoud.valitsus.ee/main/mount/docList/619668fb-5269-4719-a71f-7467707145aa?activity=1
estleg:Draft_RAM23_1160,RAM/23-1160,Riigilõivuseaduse ja metsaseaduse muutmise seadus,Review,AmendmentBill,Rahandusministeerium,2023-09-05,amends,estleg:RIIGIL_2_Map;estleg:METS_Map,,Riigilõivuseaduse;metsaseaduse,https://eelnoud.valitsus.ee/main/mount/docList/092f8f4a-797e-4be6-bace-c1492b8a949c?activity=1
estleg:Draft_RAM23_1206,RAM/23-1206,Sotsiaalmaksuseaduse muutmise ja sellega seonduvalt teiste seaduste muutmise seadus,Review,AmendmentBill,Rahandusministeerium,2024-08-14,amends,estleg:SMS_Map,,Sotsiaalmaksuseaduse,https://eelnoud.valitsus.ee/main/mount/docList/a423b8a0-4d01-4ecb-9d11-8f2e73e4aed8?activity=2
estleg:Draft_REM11_0575,REM/11-0575,Põllumajandusministri 25. juuni 2007. a määruse nr 111 “Lindude gripi tõrje eeskiri” muutmine,Review,MinisterialRegulation,Regionaal- ja Põllumajandusministeerium,2011-07-13,amends,,,,https://eelnoud.valitsus.ee/main/mount/docList/e788b6b6-d9a1-4cd2-9dfa-9ef46784c8d1?activity=1
estleg:Draft_REM12_1281,REM/12-1281,"Vabariigi Valitsuse 3. jaanuari 2006. a korralduse nr 1 ""Riigi poolt korrashoitavate ühiseesvoolude loetelu"" muutmine",Review,GovernmentOrder,Regionaal- ja Põllumajandusministeerium,2012-10-17,amends,,,,https://eelnoud.valitsus.ee/main/mount/docList/cc193ae4-e47e-4e5a-9748-2b65882c67ce?activity=1
estleg:Draft_REM14_0211,REM/14-0211,Põllumajandusministri 24. juuli 2008. a määruse nr 74 „Euroopa Kalandusfondi 2007-2013 rakenduskavaˮ meetme 3.1 „Ühistegevused” tegevuse „Ühisinvesteeringud” raames toetuse andmise ja kasutamise tingimused ja kordˮ muutmine,Review,MinisterialRegulation,Regionaal- ja Põllumajandusministeerium,2014-02-20,amends,,,,https://eelnoud.valitsus.ee/main/mount/docList/b255b987-fc75-4c80-b429-6811254d809e?activity=1
estleg:Draft_REM14_1345,REM/14-1345,"Toidu ekstraheerimislahusti suhtes esitatavad nõuded, ekstraheerimis¬lahusti kasutamise tingimused ja viisid ning toidus lubatud jääksisalduse piirnormid1",Review,Other,Regionaal- ja Põllumajandusministeerium,2014-09-30,,,,,https://eelnoud.valitsus.ee/main/mount/docList/8d74372e-9afd-4208-b415-ec7ce3bf1cf7?activity=1
estleg:Draft_REM14_1467,REM/14-1467,Müügipakendisse pakendamata toidu toidualase teabe esitamise nõuded,Review,Other,Regionaal- ja Põllumajandusministeerium,2014-10-30,,,,,https://eelnoud.valitsus.ee/main/mount/docList/43a9821b-615b-4398-96fd-6bd5d64a4fa4?activity=1
estleg:Draft_REM15_0481,REM/15-0481,"Piimalehma, ammlehma ning ute ja kitse kasvatamise otsetoetus",Review,Other,Regionaal- ja Põllumajandusministeerium,2015-04-07,,,,,https://eelnoud.valitsus.ee/main/mount/docList/957b9671-1025-4c4e-943b-1148c739a2a2?activity=1
estleg:Draft_REM15_1178,REM/15-1178,Maaparandusseadus,Enacted,Bill,Regionaal- ja Põllumajandusministeerium,2017-03-07,,,estleg:MAAPAR_Map,,https://eelnoud.valitsus.ee/main/mount/docList/45da7576-9048-4aad-a645-7c4575975634?activity=3
estleg:Draft_REM15_1378,REM/15-1378,Kohaliku tegevusgrupi toetus ja LEADER-projektitoetus,Review,Other,Regionaal- ja Põllumajandusministeerium,2015-09-28,,,,,https://eelnoud.valitsus.ee/main/mount/docList/9f302369-8244-41f4-89d9-77151c79f097?activity=1
estleg:Draft_REM15_1451,REM/15-1451,„Eesti maaelu arengukava 2007–2013” muudatusettepanekute heakskiitmine ja volituse andmine,Review,Other,Regionaal- ja Põllumajandusministeerium,2015-10-16,,,,,https://eelnoud.valitsus.ee/main/mount/docList/06667256-3de3-4b76-b16d-695c34a526a2?activity=1
estleg:Draft_REM15_1840,REM/15-1840,2016. aastal maaelu ja põllumajandusturu korraldamiseks antavad toetused,Review,Other,Regionaal- ja Põllumajandusministeerium,2015-12-22,,,,,https://eelnoud.valitsus.ee/main/mount/docList/356820bf-cfab-4e97-820f-0a35ae3075a0?activity=1
estleg:Draft_REM17_0632,REM/17-0632,Põllumajandusministri määruste muutmine,Review,MinisterialRegulation,Regionaal- ja Põllumajandusministeerium,2017-05-24,amends,,,,https://eelnoud.valitsus.ee/main/mount/docList/ca544bee-31ba-4cb2-8e6b-a09e603379ab?activity=1
estleg:Draft_REM17_1411,REM/17-1411,veterinaarseaduse eelnõu ning toiduseaduse ja söödaseaduse muutmise seaduse eelnõu väljatöötamise kavatsus,Review,DraftIntent,Regionaal- ja Põllumajandusministeerium,2017-12-04,amends,estleg:Sdaseadus_Map,,söödaseaduse,https://eelnoud.valitsus.ee/main/mount/docList/bbe1518b-8cc9-442d-aaaa-18844cc08766?activity=1
estleg:Draft_REM19_0807,REM/19-0807,mahepõllumajanduse seaduse muutmise seaduse väljatöötamiskavatsus,Review,DraftIntent,Regionaal- ja Põllumajandusministeerium,2019-08-14,amends,estleg:MAHEPO_Map,,mahepõllumajanduse seaduse,https://eelnoud.valitsus.ee/main/mount/docList/0bb73698-14a4-4755-a8fa-143b2e224580?activity=1
estleg:Draft_REM20_1118,REM/20-1118,COVID-19 puhangust tingitud erakorraline toetus,Review,Other,Regionaal- ja Põllumajandusministeerium,2020-09-16,,,,,https://eelnoud.valitsus.ee/main/mount/docList/328e9907-f980-49ac-984d-6cfb44161942?activity=1
estleg:Draft_REM21_0469,REM/21-0469,Põllumajanduse ja kalanduse valdkonna arengukava aastani 2030,Submission,Other,Regionaal- ja Põllumajandusministeerium,2021-04-14,,,,,https://eelnoud.valitsus.ee/main/mount/docList/2547e45b-35bd-4cb3-aea3-d805902178b5?activity=1
estleg:Draft_REM21_0478,REM/21-0478,Maaeluministri määruste muutmine,Review,MinisterialRegulation,Regionaal- ja Põllumajandusministeerium,2021-04-16,amends,,,,https://eelnoud.valitsus.ee/main/mount/docList/50ad727e-11d4-44dc-ad40-c8c6095cd374?activity=1
estleg:Draft_REM21_1587,REM/21-1587,2022. aastal maaelu ja põllumajandusturu korraldamiseks antavad toetused,Review,Other,Regionaal- ja Põllumajandusministeerium,2021-12-17,,,,,https://eelnoud.valitsus.ee/main/mount/docList/08e4b354-2bbd-4f27-b714-85b14df6054e?activity=1
estleg:Draft_REM23_0990,REM/23-0990,Regionaalministri määruse„Põllumajandusministri 3. mai 2006. a määruse nr 58 „Seemnekartuli kategooriad ning seemnekartuli tootmise ja turustamise nõuded“ muutmine ” eelnõu.,Review,MinisterialRegulation,Regionaal- ja Põllumajandusministeerium,2023-07-20,amends,,,,https://eelnoud.valitsus.ee/main/mount/docList/3f53bb74-57d2-4e0f-a4de-79d6ae65c583?activity=1
estleg:Draft_REM23_1306,REM/23-1306,„Ühistranspordiseaduse muutmise seaduse eelnõu“.,Submission,AmendmentBill,Regionaal- ja Põllumajandusministeerium,2024-05-21,amends,estleg:UHISTR_Map,,Ühistranspordiseaduse,https://eelnoud.valitsus.ee/main/mount/docList/ec59b76f-997a-467d-b2fe-7c394dcd664e?activity=2
estleg:Draft_REM25_0073,REM/25-0073,postiseaduse muutmise ja sellega seonduvalt teiste seaduste muutmise seadus,Review,AmendmentBill,Regionaal- ja Põllumajandusministeerium,2025-10-13,amends,estleg:Postiseadus_Map,,postiseaduse,https://eelnoud.valitsus.ee/main/mount/docList/d4bbef7c-a51f-459c-b4f9-1ae428c881aa?activity=4
estleg:Draft_REM25_0407,REM/25-0407,Maaeluministri ja põllumajandusministri määruste muutmine seoses direktiivi ülevõtmisega ning minimaalsete idanevusnõuete täiendamisega,Review,MinisterialRegulation,Regionaal- ja Põllumajandusministeerium,2025-04-17,amends,,,,https://eelnoud.valitsus.ee/main/mount/docList/9567a212-6796-4746-b0be-3ca5246c151b?activity=1
estleg:Draft_REM25_1030,REM/25-1030,Regionaal- ja põllumajandusministri määruste muutmine,Review,MinisterialRegulation,Regionaal- ja Põllumajandusministeerium,2025-09-22,amends,,,,https://eelnoud.valitsus.ee/main/mount/docList/10003732-472c-4afe-bc77-bf8436cb8df5?activity=1
estleg:Draft_REM26_0123,REM/26-0123,"Maaeluministri 21. detsembri 2022. a määruse nr 72 „Tera- ja kaunvilja kasvatamise otsetoetus, puu- ja köögivilja ning marjakultuuride kasvatamise otsetoetus ning seemnekartuli kasvatamise otsetoetus“ muutmine",Review,MinisterialRegulation,Regionaal- ja Põllumajandusministeerium,2026-01-27,amends,,,,https://eelnoud.valitsus.ee/main/mount/docList/8e7601a9-085d-41ec-bd97-c65f9746952d?activity=1
estleg:Draft_RIIGIKOGU12_1387,RIIGIKOGU/12-1387,Töölepingu seaduse § 177 punkti 8 muutmise seadus,Submission,AmendmentBill,Riigikogu,2012-11-08,amends,estleg:TOOLEP_Map,,Töölepingu seaduse,https://eelnoud.valitsus.ee/main/mount/docList/532c16eb-28f9-4d5e-a142-f60585ad978d?activity=1
estleg:Draft_RIIGIKOGU12_1450,RIIGIKOGU/12-1450,Politsei ja piirivalve seaduse muutmise seadus,Submission,AmendmentBill,Riigikogu,2012-11-23,amends,estleg:POLITS_Map,,Politsei ja piirivalve seaduse,https://eelnoud.valitsus.ee/main/mount/docList/940284a1-c19a-4562-9d6c-e38208fa4cc5?activity=1
estleg:Draft_RIIGIKOGU13_0531,RIIGIKOGU/13-0531,Tööturuteenuste ja -toetuste seaduse ning halduskoostöö seaduse muutmise seadus,Submission,AmendmentBill,Riigikogu,2013-04-11,amends,estleg:HKTS_Map,,toetuste seaduse;halduskoostöö seaduse,https://eelnoud.valitsus.ee/main/mount/docList/b1c34e5c-d327-4eab-be4b-ee2ab5fb8e98?activity=1
estleg:Draft_RIIGIKOGU14_0251,RIIGIKOGU/14-0251,Kohaliku omavalitsuse volikogu valimise seaduse ja Riigikogu valimise seaduse muutmise seadus,Submission,AmendmentBill,Riigikogu,2014-03-03,amends,estleg:KOVVS_Map;estleg:RIIGIK_2_Map,,Kohaliku omavalitsuse volikogu valimise seaduse;Riigikogu valimise seaduse,https://eelnoud.valitsus.ee/main/mount/docList/336a499f-db8d-4fed-948d-2df3e59c7ab3?activity=1
estleg:Draft_RIIGIKOGU14_0317,RIIGIKOGU/14-0317,"Ravimiseaduse, riigilõivuseaduse ja tervishoiuteenuste korraldamise seaduse muutmise seadus (615 SE)",Enacted,AmendmentBill,Riigikogu,2014-03-12,amends,estleg:RIIGIL_2_Map;estleg:TTKS_Map;estleg:RavS_Map,,riigilõivuseaduse;tervishoiuteenuste korraldamise seaduse;Ravimiseaduse,https://eelnoud.valitsus.ee/main/mount/docList/90df63ff-d957-4939-ac33-2b9b63f5a91d?activity=1
estleg:Draft_RIIGIKOGU14_0801,RIIGIKOGU/14-0801,Elektrituruseaduse muutmise seadus (687 SE),Enacted,AmendmentBill,Riigikogu,2014-06-06,amends,estleg:ELTS_Map,,Elektrituruseaduse,https://eelnoud.valitsus.ee/main/mount/docList/3dc4ed5f-07c6-4399-990d-98cb0cb4cd3f?activity=1
estleg:Draft_RIIGIKOGU14_1278,RIIGIKOGU/14-1278,"Erakorralise seisukorra seaduse, hädaolukorra seaduse ja Kaitseväe korralduse seaduse muutmise seadus (719 SE)",Enacted,AmendmentBill,Riigikogu,2014-09-16,amends,estleg:HADAOL_Map;estleg:KAITSE_2_Map;estleg:ErSS_Map,,hädaolukorra seaduse;Kaitseväe korralduse seaduse;Erakorralise seisukorra seaduse,https://eelnoud.valitsus.ee/main/mount/docList/147a9092-59d4-4504-b500-4919e5425a98?activity=1
estleg:Draft_RIIGIKOGU15_1525,RIIGIKOGU/15-1525,Riiklike peretoetuste seaduse muutmise seaduse eelnõu (89 SE),Submission,AmendmentBill,Riigikogu,2015-10-28,amends,estleg:RPTS_Map,,Riiklike peretoetuste seaduse,https://eelnoud.valitsus.ee/main/mount/docList/5fed1f6c-232a-4ceb-b57d-10843b095c1d?activity=1
estleg:Draft_RIIGIKOGU16_0054,RIIGIKOGU/16-0054,Tööturuteenuste ja –toetuste seaduse ja töötuskindlustuse seaduse muutmise seaduse eelnõu (172 SE),RiigikoguProceeding,AmendmentBill,Riigikogu,2016-01-19,amends,estleg:TKindlS_Map,,toetuste seaduse;töötuskindlustuse seaduse,https://eelnoud.valitsus.ee/main/mount/docList/a2739e94-b899-4e77-a1da-2c537f3884ae?activity=1
estleg:Draft_RIIGIKOGU17_1048,RIIGIKOGU/17-1048,"Kohaliku omavalitsuse volikogu valimise seaduse, Riigikogu valimise seaduse ja teiste seaduste muutmise seaduse eelnõu (504 SE)",Submission,AmendmentBill,Riigikogu,2017-09-18,amends,,,,https://eelnoud.valitsus.ee/main/mount/docList/5fdf8185-a000-4de0-bff0-75b242fe18da?activity=1
estleg:Draft_RIIGIKOGU18_1005,RIIGIKOGU/18-1005,Ehitusseadustiku muutmise seaduse eelnõu (703 SE),Enacted,AmendmentBill,Riigikogu,2018-10-01,amends,estleg:EHS_Map,,Ehitusseadustiku,https://eelnoud.valitsus.ee/main/mount/docList/062d02c2-577b-4c8b-9048-cf20f2f6cdc9?activity=1
estleg:Draft_RIIGIKOGU19_0044,RIIGIKOGU/19-0044,Maaelu ja põllumajandusturu korraldamise seaduse muutmise seaduse eelnõu (788 SE),Enacted,AmendmentBill,Riigikogu,2019-01-16,amends,estleg:MPK_Map,,Maaelu ja põllumajandusturu korraldamise seaduse,https://eelnoud.valitsus.ee/main/mount/docList/807b8a9b-1a6a-4e07-a709-7f6a744d4052?activity=1
estleg:Draft_RIIGIKOGU19_0865,RIIGIKOGU/19-0865,Sotsiaalmaksuseaduse § 7 muutmise seaduse eelnõu (42 SE),RiigikoguProceeding,AmendmentBill,Riigikogu,2019-09-02,amends,estleg:SMS_Map,,Sotsiaalmaksuseaduse,https://eelnoud.valitsus.ee/main/mount/docList/9398c135-1992-48e8-a177-7998afed2ee6?activity=1
estleg:Draft_RIIGIKOGU20_0173,RIIGIKOGU/20-0173,Kodakondsuse seaduse § 13 muutmise seaduse eelnõu (147 SE),Submission,AmendmentBill,Riigikogu,2020-02-14,amends,estleg:KodS_Map,,Kodakondsuse seaduse,https://eelnoud.valitsus.ee/main/mount/docList/fabbdf4a-2374-4549-a40d-0640c10a26ac?activity=1
estleg:Draft_RIIGIKOGU21_0770,RIIGIKOGU/21-0770,Noorsootöö seaduse muutmise seaduse eelnõu (411 SE),RiigikoguProceeding,AmendmentBill,Riigikogu,2021-06-08,amends,estleg:NOORSO_Map,,Noorsootöö seaduse,https://eelnoud.valitsus.ee/main/mount/docList/8958d83e-74d0-4b26-8830-580b52ce77bd?activity=1
estleg:Draft_RIIGIKOGU21_1601,RIIGIKOGU/21-1601,Vabariigi Valitsuse seaduse muutmise seaduse eelnõu (500 SE),Submission,AmendmentBill,Riigikogu,2021-12-20,amends,estleg:VABARI_Map,,Vabariigi Valitsuse seaduse,https://eelnoud.valitsus.ee/main/mount/docList/44b96c45-46fc-4992-9f13-07df6f8a32be?activity=1
estleg:Draft_RIIGIKOGU22_0678,RIIGIKOGU/22-0678,Välismaalaste seaduse ja kõrgharidusseaduse muutmise seaduse eelnõu (631 SE),Submission,AmendmentBill,Riigikogu,2022-06-05,amends,estleg:KHaS_Map,,kõrgharidusseaduse,https://eelnoud.valitsus.ee/main/mount/docList/0ca0d9e9-5665-4d43-9e1f-9e5b8831201c?activity=1
estleg:Draft_RIIGIKOGU22_1118,RIIGIKOGU/22-1118,Elektrituruseaduse muutmise seaduse eelnõu (679 SE),Submission,AmendmentBill,Riigikogu,2022-09-23,amends,estleg:ELTS_Map,,Elektrituruseaduse,https://eelnoud.valitsus.ee/main/mount/docList/582b8bb7-2a12-4d85-8974-c9d0701cd228?activity=1
estleg:Draft_RIIGIKOGU23_0479,RIIGIKOGU/23-0479,Välismaalaste seaduse muutmise seaduse eelnõu (69 SE),Withdrawn,AmendmentBill,Riigikogu,2023-05-12,amends,estleg:VALISM_Map,,Välismaalaste seaduse,https://eelnoud.valitsus.ee/main/mount/docList/0071afda-666f-485e-89a2-2d8c9b6fcea8?activity=1
estleg:Draft_RIIGIKOGU23_0603,RIIGIKOGU/23-0603,Tulumaksuseaduse muutmise seaduse eelnõu (122 SE),Submission,AmendmentBill,Riigikogu,2023-05-22,amends,estleg:TULUMA_Map,,Tulumaksuseaduse,https://eelnoud.valitsus.ee/main/mount/docList/ef4f03df-6fe7-484b-89cb-083d52a26e5b?activity=1
estleg:Draft_RIIGIKOGU23_0659,RIIGIKOGU/23-0659,Perehüvitiste seaduse muutmise seaduse eelnõu (188 SE),Withdrawn,AmendmentBill,Riigikogu,2023-05-25,amends,estleg:PEREHU_Map,,Perehüvitiste seaduse,https://eelnoud.valitsus.ee/main/mount/docList/7e5c79f9-e6ee-480d-9f4d-523bfba3258f?activity=1
estleg:Draft_RIIGIKOGU23_1216,RIIGIKOGU/23-1216,Tulumaksuseaduse muutmise seaduse eelnõu (267 SE),Withdrawn,AmendmentBill,Riigikogu,2023-09-18,amends,estleg:TULUMA_Map,,Tulumaksuseaduse,https://eelnoud.valitsus.ee/main/mount/docList/97e142d3-3687-481b-9678-384ada6c02bb?activity=1
estleg:Draft_RIIGIKOGU23_1281,RIIGIKOGU/23-1281,Õppetoetuste ja õppelaenu seaduse muutmise seaduse eelnõu (288 SE),Submission,AmendmentBill,Riigikogu,2023-09-27,amends,estleg:OOS_Map,,Õppetoetuste ja õppelaenu seaduse,https://eelnoud.valitsus.ee/main/mount/docList/aff8c2bc-4037-4afa-9de4-dca704f4b87f?activity=1
estleg:Draft_RIIGIKOGU24_0623,RIIGIKOGU/24-0623,Ravimiseaduse ja tervishoiuteenuste korraldamise seaduse muutmise seaduse eelnõu (458 SE),Enacted,AmendmentBill,Riigikogu,2024-06-11,amends,estleg:RavS_Map;estleg:TTKS_Map,,Ravimiseaduse;tervishoiuteenuste korraldamise seaduse,https://eelnoud.valitsus.ee/main/mount/docList/47672e41-f5c4-4be2-afba-472511ebe71d?activity=1
estleg:Draft_RIIGIKOGU24_1309,RIIGIKOGU/24-1309,Jahiseaduse muutmise seaduse eelnõu (553 SE),Enacted,AmendmentBill,Riigikogu,2024-12-13,amends,estleg:Jahiseadus_Map,,Jahiseaduse,https://eelnoud.valitsus.ee/main/mount/docList/43001c8b-b895-4006-b559-feb327a8a14b?activity=1
estleg:Draft_RIIGIKOGU25_0396,RIIGIKOGU/25-0396,Mootorsõidukimaksu seaduse muutmise seaduse eelnõu (625 SE),FirstReading,AmendmentBill,Riigikogu,2025-04-16,amends,estleg:MSMS_Map,,Mootorsõidukimaksu seaduse,https://eelnoud.valitsus.ee/main/mount/docList/f2f093eb-05ac-4087-b591-633c98ce1a6e?activity=1
estleg:Draft_RIIGIKOGU25_0660,RIIGIKOGU/25-0660,Alusharidusseaduse muutmise seaduse eelnõu (675 SE),Submission,AmendmentBill,Riigikogu,2025-06-13,amends,estleg:alusharidusseadus_Map,,Alusharidusseaduse,https://eelnoud.valitsus.ee/main/mount/docList/931d48e0-0d5c-48ce-9125-236f8db1a618?activity=1
estleg:Draft_RIIGIKOGU25_0677,RIIGIKOGU/25-0677,Mootorsõidukimaksu seaduse muutmise seaduse eelnõu (677 SE),Enacted,AmendmentBill,Riigikogu,2025-06-18,amends,estleg:MSMS_Map,,Mootorsõidukimaksu seaduse,https://eelnoud.valitsus.ee/main/mount/docList/31468b26-14a1-4c8f-a6f6-8270e420e6e4?activity=1
estleg:Draft_RK11_0550,RK/11-0550,Hilinenud direktiivide ülevõtmise ülevaade,Submission,Report,Riigikantselei,2011-07-08,,,,,https://eelnoud.valitsus.ee/main/mount/docList/04dd25a4-72bb-4660-98c2-51f9bdf45e52?activity=1
estleg:Draft_RK16_0465,RK/16-0465,"""Vabariigi Valitsuse tegevusprogrammi 2015-2019"" muutmine",Submission,Other,Riigikantselei,2016-04-20,amends,,,,https://eelnoud.valitsus.ee/main/mount/docList/7f45b7aa-a065-4982-9a95-281a96139af4?activity=1
estleg:Draft_SIM13_0766,SIM/13-0766,Kohanime vormistamise ja kasutamise kord,Review,Other,Siseministeerium,2013-05-30,,,,,https://eelnoud.valitsus.ee/main/mount/docList/5f56a647-a45b-431e-b766-16f07b92e4ae?activity=1
estleg:Draft_SIM13_0902,SIM/13-0902,Eesti territooriumi haldusjaotuse seaduse ja sellega seonduvalt teiste seaduste muutmise seadus,Review,AmendmentBill,Siseministeerium,2014-01-13,amends,estleg:ETH_Map,,Eesti territooriumi haldusjaotuse seaduse,https://eelnoud.valitsus.ee/main/mount/docList/a75ce29e-13c1-4cbb-b1b2-3ef7ee9dc66d?activity=2
estleg:Draft_SIM14_0422,SIM/14-0422,Eesti kodakondsuse andmine,Submission,CitizenshipDecision,Siseministeerium,2014-04-03,,,,,https://eelnoud.valitsus.ee/main/mount/docList/2d7243f6-e066-4f21-ae0c-6b05c5321891?activity=1
estleg:Draft_SIM14_1114,SIM/14-1114,Riigivara valitsemise üleandmine,Review,Other,Siseministeerium,2014-07-31,,,,,https://eelnoud.valitsus.ee/main/mount/docList/f04f5bdf-afc6-4de0-9dcd-72b28ad45d91?activity=1
estleg:Draft_SIM14_1153,SIM/14-1153,Eesti kodakondsuse andmine,Submission,CitizenshipDecision,Siseministeerium,2014-08-18,,,,,https://eelnoud.valitsus.ee/main/mount/docList/19cd9708-73d6-48a5-b337-90a4b009a37b?activity=1
estleg:Draft_SIM18_0919,SIM/18-0919,Eesti kodakondsuse taastamine,Submission,CitizenshipDecision,Siseministeerium,2018-09-11,,,,,https://eelnoud.valitsus.ee/main/mount/docList/9250fca3-23af-41ab-82c9-291d617ceaf6?activity=1
estleg:Draft_SIM18_1225,SIM/18-1225,Euroopa Liidu kodaniku seaduse ja teiste seaduste täiendamise seadus (Ühendkuningriigi Euroopa Liidust välja astumine)“,Review,Bill,Siseministeerium,2018-11-26,supplements,estleg:ELK_Map,,Euroopa Liidu kodaniku seaduse,https://eelnoud.valitsus.ee/main/mount/docList/1cd303e2-0e75-4b4c-a91c-5e121d8b80f6?activity=1
estleg:Draft_SIM19_0681,SIM/19-0681,Eesti kodakondsuse andmisest keeldumine (AK),Submission,CitizenshipDecision,Siseministeerium,2019-07-05,,,,,https://eelnoud.valitsus.ee/main/mount/docList/d7391a04-a06d-42ab-9f06-aeb8903424de?activity=1
estleg:Draft_SIM19_1037,SIM/19-1037,Eesti kodakondsuse taastamine (ME),Submission,CitizenshipDecision,Siseministeerium,2019-10-22,,,,,https://eelnoud.valitsus.ee/main/mount/docList/cc68c28e-97fc-427f-8711-e2c56b0b0a5d?activity=1
estleg:Draft_SIM22_0212,SIM/22-0212,Eesti kodakondsuse andmine,Submission,CitizenshipDecision,Siseministeerium,2022-02-25,,,,,https://eelnoud.valitsus.ee/main/mount/docList/c3ea1cb1-4b9c-4562-894f-1fa15d45e9b3?activity=1
estleg:Draft_SIM22_0394,SIM/22-0394,Kodakondsuse seaduse muutmise seadus,Enacted,AmendmentBill,Siseministeerium,2022-04-06,amends,estleg:KodS_Map,,Kodakondsuse seaduse,https://eelnoud.valitsus.ee/main/mount/docList/5f696b23-e049-49c2-8ca7-823e05f4c9f3?activity=1
estleg:Draft_SIM22_0534,SIM/22-0534,Eesti kodakondsusest vabastamine,Submission,CitizenshipDecision,Siseministeerium,2022-05-03,,,,,https://eelnoud.valitsus.ee/main/mount/docList/41dd6bc9-a392-4e46-9c94-38ed5f249d20?activity=1
estleg:Draft_SIM22_1368,SIM/22-1368,Vabariigi Valitsuse määruste muutmine seoses päästeseaduse ja teiste seaduste muutmise seadusega,Review,AmendmentBill,Siseministeerium,2022-11-10,amends,,,,https://eelnoud.valitsus.ee/main/mount/docList/17580a92-4644-46ea-bcf5-a302fbf755b3?activity=1
estleg:Draft_SIM22_1547,SIM/22-1547,Eesti kodakondsuse andmisest keeldumine,Submission,CitizenshipDecision,Siseministeerium,2022-12-13,,,,,https://eelnoud.valitsus.ee/main/mount/docList/7ce75d10-ff8c-4d5a-8835-2c14f603d71c?activity=1
estleg:Draft_SIM23_0147,SIM/23-0147,"Varjupaigasüsteemi, sh varjupaigamenetluse tugevdamine ja arendamine",Review,Other,Siseministeerium,2023-02-07,,,,,https://eelnoud.valitsus.ee/main/mount/docList/f9a375e8-5a23-4fe0-933b-de3338e14c69?activity=1
estleg:Draft_SIM23_0967,SIM/23-0967,Päästeseaduse ja teiste seaduste muutmise seadus,Review,AmendmentBill,Siseministeerium,2023-07-14,amends,estleg:Psteseadus_Map,,Päästeseaduse,https://eelnoud.valitsus.ee/main/mount/docList/ea995408-3ce1-47fa-bdc7-f56143a4f721?activity=1
estleg:Draft_SIM24_0913,SIM/24-0913,Eesti kodakondsuse andmine (IL),Submission,CitizenshipDecision,Siseministeerium,2024-09-13,,,,,https://eelnoud.valitsus.ee/main/mount/docList/29855a70-db1a-4bee-9c17-5bf0d32e4749?activity=1
estleg:Draft_SIM24_1032,SIM/24-1032,Eesti kodakondsuse andmine (PO),Submission,CitizenshipDecision,Siseministeerium,2024-10-15,,,,,https://eelnoud.valitsus.ee/main/mount/docList/83ce2a10-4199-4846-9cd7-d225ad53f2e1?activity=1
estleg:Draft_SIM25_0809,SIM/25-0809,Välismaalaste seaduse ja teiste seaduste muutmise seadus (ühtne luba),Review,AmendmentBill,Siseministeerium,2025-10-20,amends,estleg:VALISM_Map,,Välismaalaste seaduse,https://eelnoud.valitsus.ee/main/mount/docList/b172b691-d5ae-4d1d-a56a-cba05d86c026?activity=2
estleg:Draft_SOM11_0003,SOM/11-0003,Ukraina lepingu ratifitseerimise seaduse eelnõu,Review,Bill,Sotsiaalministeerium,2011-01-03,,,,,https://eelnoud.valitsus.ee/main/mount/docList/e45f6cc0-2494-4cc4-8378-4931cb04a4ae?activity=1
estleg:Draft_SOM11_0131,SOM/11-0131,Töötajate üleühenduselise kaasamise seaduse muutmise seaduse eelnõu,Enacted,AmendmentBill,Sotsiaalministeerium,2011-04-25,amends,estleg:TUK_Map,,Töötajate üleühenduselise kaasamise seaduse,https://eelnoud.valitsus.ee/main/mount/docList/8f4daa6b-de31-458a-93e7-a309922d1269?activity=2
estleg:Draft_SOM11_1107,SOM/11-1107,"Sotsiaalministri 20. detsembri 2007. a määruse nr 92 ""Tervishoiustatistika ja tervishoiualase majandustegevuse aruannete koostamise nõuded, andmete koosseis ning esitamise kord"" muutmine",Review,MinisterialRegulation,Sotsiaalministeerium,2011-11-15,amends,,,,https://eelnoud.valitsus.ee/main/mount/docList/a20457a3-6ec0-46df-b05c-4e9cbc879156?activity=1
estleg:Draft_SOM12_0611,SOM/12-0611,"Eriarsti lähtetoetuse taotlemise, maksmise ja tagasinõudmise kord",Review,Other,Sotsiaalministeerium,2012-05-10,,,,,https://eelnoud.valitsus.ee/main/mount/docList/98ed377f-57c7-4576-b4e0-1deb48385ee6?activity=1
estleg:Draft_SOM12_1106,SOM/12-1106,"Ravimiseaduse, karistusseadustiku ja riigilõivuseaduse muutmise seadus",Review,AmendmentBill,Sotsiaalministeerium,2012-10-29,amends,estleg:KARIST_2_Map;estleg:RIIGIL_2_Map,,karistusseadustiku;riigilõivuseaduse,https://eelnoud.valitsus.ee/main/mount/docList/e9fa5ecd-366f-4e64-af4b-49964f984394?activity=2
estleg:Draft_SOM13_0885,SOM/13-0885,Narkomaania ennetamise riikliku strateegia aastani 2012 2012. aasta aruanne,Review,ActionPlan,Sotsiaalministeerium,2013-06-18,,,,,https://eelnoud.valitsus.ee/main/mount/docList/d152bb51-3406-4eac-8528-a259dae1e52c?activity=1
estleg:Draft_SOM13_1001,SOM/13-1001,Tööturuteenuste ja -toetuste seaduse ning töötuskindlustuse seaduse muutmise seadus,Enacted,AmendmentBill,Sotsiaalministeerium,2013-09-04,amends,estleg:TKindlS_Map,,toetuste seaduse;töötuskindlustuse seaduse,https://eelnoud.valitsus.ee/main/mount/docList/9e06d6da-a2c9-4dc7-9841-2122856bfe88?activity=2
estleg:Draft_SOM14_0544,SOM/14-0544,"Riiklike peretoetuste seaduse, sotsiaalhoolekande seaduse ja välismaalasele rahvusvahelise kaitse andmise seaduse muutmise seadus",Review,AmendmentBill,Sotsiaalministeerium,2014-04-28,amends,estleg:SOTSIA_Map;estleg:VRKS_Map;estleg:RPTS_Map,,sotsiaalhoolekande seaduse;välismaalasele rahvusvahelise kaitse andmise seaduse;Riiklike peretoetuste seaduse,https://eelnoud.valitsus.ee/main/mount/docList/36146bc1-da7c-43a9-a022-70f6f73bbd07?activity=2
estleg:Draft_SOM15_0769,SOM/15-0769,Töövõimetoetuse seaduse ja sellega seonduvalt teiste seaduste muutmise seadus,Review,AmendmentBill,Sotsiaalministeerium,2015-07-06,amends,estleg:TOOVOI_Map,,Töövõimetoetuse seaduse,https://eelnoud.valitsus.ee/main/mount/docList/9117d595-3d68-42c8-b465-2f4d65eecb11?activity=2
estleg:Draft_SOM15_0963,SOM/15-0963,Tubakaseaduse muutmise seadus,Review,AmendmentBill,Sotsiaalministeerium,2015-07-01,amends,estleg:tubakaseadus_Map,,Tubakaseaduse,https://eelnoud.valitsus.ee/main/mount/docList/cd82bdb4-6153-42e4-9ad9-ac79f91c6d6f?activity=1
estleg:Draft_SOM16_0127,SOM/16-0127,Tubakaseaduse muutmise seadus,Review,AmendmentBill,Sotsiaalministeerium,2016-03-09,amends,estleg:tubakaseadus_Map,,Tubakaseaduse,https://eelnoud.valitsus.ee/main/mount/docList/b07a6974-e74f-46d0-9708-e8d069fac07f?activity=3
estleg:Draft_SOM16_0226,SOM/16-0226,Sotsiaalministri 31. oktoobri 2003. a määruse nr 116 „Immuniseerimise korraldamise nõuded“ muutmine,Review,MinisterialRegulation,Sotsiaalministeerium,2016-02-26,amends,,,,https://eelnoud.valitsus.ee/main/mount/docList/98e3dfa9-4735-4832-808e-1d3726f5405e?activity=1
estleg:Draft_SOM17_0125,SOM/17-0125,"Kaitseväeteenistuse seaduse, kaitseväeteenistuse seaduse rakendamise seaduse, politsei ja piirivalve seaduse ning prokuratuuriseaduse muutmise seadus",Review,AmendmentBill,Sotsiaalministeerium,2017-03-02,amends,estleg:POLITS_Map;estleg:ProkS_Map,,politsei ja piirivalve seaduse;prokuratuuriseaduse,https://eelnoud.valitsus.ee/main/mount/docList/883be7e8-052c-4c45-9904-a27c4c4a1cb0?activity=2
estleg:Draft_SOM17_0754,SOM/17-0754,Sotsiaalministri 19. detsembri 2001. a määruse nr 131 „Kiirabibrigaadi koosseisu ja varustuse nõuded ning tööjuhend“ muutmine,Review,MinisterialRegulation,Sotsiaalministeerium,2017-06-20,amends,,,,https://eelnoud.valitsus.ee/main/mount/docList/e34c8685-65fc-4624-98ed-0e14d28a3d08?activity=1
estleg:Draft_SOM18_0909,SOM/18-0909,Tervishoiuteenuste korraldamise seaduse muutmise ja sellega seotud teiste seaduste muutmise seadus,Review,AmendmentBill,Sotsiaalministeerium,2018-09-10,amends,estleg:TTKS_Map,,Tervishoiuteenuste korraldamise seaduse,https://eelnoud.valitsus.ee/main/mount/docList/4a517ca1-ae89-48c9-8d74-14fc7a9aa940?activity=1
estleg:Draft_SOM20_0136,SOM/20-0136,Sotsiaalhoolekande seaduse muutmise seaduseelnõu väljatöötamise kavatsus,Review,DraftIntent,Sotsiaalministeerium,2020-02-04,amends,estleg:SOTSIA_Map,,Sotsiaalhoolekande seaduse,https://eelnoud.valitsus.ee/main/mount/docList/21d5e96a-26a7-4d6b-802c-2806d2272578?activity=2
estleg:Draft_SOM20_1032,SOM/20-1032,Tervise- ja tööministri 2. märtsi 2017. a määruse nr 9 „Immuniseerimiskava“ muutmine,Review,MinisterialRegulation,Sotsiaalministeerium,2020-08-27,amends,,,,https://eelnoud.valitsus.ee/main/mount/docList/9f442747-de17-4c9d-9937-4463214cd4c6?activity=1
estleg:Draft_SOM21_0269,SOM/21-0269,Sotsiaalministri 19. jaanuari 2007. a määruse nr 9 „Kindlustatud isikult tasu maksmise kohustuse Eesti Haigekassa poolt ülevõtmise kord ja tervishoiuteenuse osutajatele makstava tasu arvutamise metoodika“ muutmine,Review,MinisterialRegulation,Sotsiaalministeerium,2021-03-04,amends,,,,https://eelnoud.valitsus.ee/main/mount/docList/bfc947f4-2335-4338-8cf8-551a45a7f96d?activity=1
estleg:Draft_SOM21_0845,SOM/21-0845,"Töölepingu seaduse, avaliku teenistuse seaduse ja Eestisse lähetatud töötajate töötingimuste seaduse muutmise seadus",Review,AmendmentBill,Sotsiaalministeerium,2021-08-10,amends,estleg:AVALIK_Map;estleg:ELTTS_Map;estleg:TOOLEP_Map,,avaliku teenistuse seaduse;Eestisse lähetatud töötajate töötingimuste seaduse;Töölepingu seaduse,https://eelnoud.valitsus.ee/main/mount/docList/3db53337-8032-45b0-be58-11bea70fdecc?activity=2
estleg:Draft_SOM21_1618,SOM/21-1618,Veterinaarravimi kliinilise uuringu loa taotlemise ja uuringu tegemise kord,Review,Other,Sotsiaalministeerium,2021-12-21,,,,,https://eelnoud.valitsus.ee/main/mount/docList/2ea72dee-58c4-42c3-a54a-fdf01b05ebd1?activity=1
estleg:Draft_SOM22_0488,SOM/22-0488,Ohvriabi seadus,Enacted,Bill,Sotsiaalministeerium,2022-07-25,,estleg:OHVRIA_Map,estleg:OHVRIA_Map,Ohvriabi seadus,https://eelnoud.valitsus.ee/main/mount/docList/4b4cded5-a3d3-45ed-9467-d516e1484e09?activity=2
estleg:Draft_SOM25_0426,SOM/25-0426,Sotsiaalhoolekande seaduse muutmise seadus (toimetulekutoetuse muudatused),Review,AmendmentBill,Sotsiaalministeerium,2025-08-01,amends,estleg:SOTSIA_Map,,Sotsiaalhoolekande seaduse,https://eelnoud.valitsus.ee/main/mount/docList/14f40faa-1c88-4611-9ee2-2892a19aca77?activity=2
estleg:Draft_SOM25_1120,SOM/25-1120,Analüüs ja ettepanekud tervishoiuteenuste korraldamise seaduse muutmiseks (tervishoiuteenuste tegevuslubade regulatsiooni ajakohastamine),Review,AmendmentBill,Sotsiaalministeerium,2025-10-14,amends,estleg:TTKS_Map,,Analüüs ja ettepanekud tervishoiuteenuste korraldamise seaduse,https://eelnoud.valitsus.ee/main/mount/docList/151817c5-ebf7-4129-896b-9c4b8b1898d3?activity=1
estleg:Draft_VM12_1385,VÄM/12-1385,Rahvusvahelise tollitariifide väljakuulutamise liidu asutamiskonventsiooni denonsseerimise seadus,Enacted,Bill,Välisministeerium,2012-11-08,,estleg:rahvusvahelise_tollitariifide_valjakuulu_Map,estleg:rahvusvahelise_tollitariifide_valjakuulu_Map,Rahvusvahelise tollitariifide väljakuulutamise liidu asutamiskonventsiooni denonsseerimise seadus,https://eelnoud.valitsus.ee/main/mount/docList/d07613f9-aafd-4799-bbe7-2bdd2636fdd7?activity=1
estleg:Draft_VM14_1830,VÄM/14-1830,Diplomaatilise passi andmine,Submission,Other,Välisministeerium,2014-12-31,,,,,https://eelnoud.valitsus.ee/main/mount/docList/8cb2c8fa-8b4e-4566-a7cd-f5198ea25c14?activity=1
estleg:Draft_VM15_0735,VÄM/15-0735,Viisanõudest loobumine Kirgiisi Vabariigi diplomaatiliste passide kasutajate suhtes,Review,Other,Välisministeerium,2015-05-26,,,,,https://eelnoud.valitsus.ee/main/mount/docList/82ef6907-84b4-45d6-8d01-90a8906244b3?activity=1
estleg:Draft_VM16_0951,VÄM/16-0951,Laste kaitset seksuaalse ärakasutamise ja seksuaalse kuritarvitamise eest käsitleva Euroopa Nõukogu konventsiooni ratifitseerimise seaduse eelnõu,Enacted,Bill,Välisministeerium,2016-08-23,,,estleg:LKSASKEKENKR_Map,,https://eelnoud.valitsus.ee/main/mount/docList/ab5b57cb-ba14-44f6-af94-04d0af0eedd9?activity=1
estleg:Draft_VM20_0900,VÄM/20-0900,Eesti Vabariigi erakorraliste ja täievoliliste suursaadikute nimetamine ja tagasikutsumine,Submission,Other,Välisministeerium,2020-07-20,,,,,https://eelnoud.valitsus.ee/main/mount/docList/cbf03506-4772-4147-b0dc-9ad79edf90b6?activity=1
estleg:Draft_VM25_0331,VÄM/25-0331,Eesti seisukoht EL toimimise lepingu artikli 258 alusel Eesti vastu algatatud rikkumismenetluse nr 2021/0200 (direktiivi (EL) 2018/2001 mittetäielik ülevõtmine) kohta,Submission,EUPosition,Välisministeerium,2025-03-31,,,,,https://eelnoud.valitsus.ee/main/mount/docList/60c366ad-69ef-4a6b-8564-92e2d60233af?activity=1
estleg:Draft_a2f2838bbcbf46d9,,Avalik konsultatsioon põllumajandus- ja metsandussektori ning maapiirkondade riigiabi eeskirjade muutmise kohta - 10.1.1/19-2147 (02.07.2019),Submission,Other,,,amends,,,,https://eelnoud.valitsus.ee/main/mount/docList/a2f2838b-bcbf-46d9-9b96-bc25370d5387?activity=4
estleg:Draft_b7d0ad38c2d7496e,,"COM(2023) 314 Ettepanek: EUROOPA PARLAMENDI JA NÕUKOGU MÄÄRUS keskkonna-, sotsiaal- ja juhtimisalaste (ESG) reitingutega seotud tegevuse läbipaistvuse ja terviklikkuse kohta - 8.1.1/23-0292 (30.10.2023)",Submission,Regulation,,,,,,,https://eelnoud.valitsus.ee/main/mount/docList/b7d0ad38-c2d7-496e-ba5f-95d39e9cfb9b?activity=3
estleg:Draft_c1027d27697d4af8,,"COM(2023) 790 Muudetud ettepanek: EUROOPA PARLAMENDI JA NÕUKOGU MÄÄRUS, milles käsitletakse mehhanismi õiguslike ja haldustakistuste kõrvaldamiseks piiriüleses kontekstis - 1.1.1/24-0005 (01.03.2024)",Submission,Regulation,,,,,,,https://eelnoud.valitsus.ee/main/mount/docList/c1027d27-697d-4af8-a128-c183e6be7708?activity=3
estleg:Draft_d4983022a9f74f6d,,"Education, Youth, Culture and Sport Council ; 26.11.2018 - 20.1.2/18-4146 (20.11.2018)",Submission,Other,,,,,,,https://eelnoud.valitsus.ee/main/mount/docList/d4983022-a9f7-4f6d-897e-cee69b887a07?activity=1
estleg:Draft_dd82552abfce4874,,European Council ; 27.06.2013 - 1.6/13-1831 (29.05.2013),Submission,Other,,,,,,,https://eelnoud.valitsus.ee/main/mount/docList/dd82552a-bfce-4874-b977-059ed0eaa224?activity=1
