iri,celex,title,doc_type,document_date,in_force,institution,eli,transposition_deadline,transposed_by_count,subjects_count,transposed_by,estonia_relevant,source_url
estleg:EU_31970L0221,31970L0221,"Nõukogu direktiiv, 20. märts 1970, mootorsõidukite ja nende haagiste vedelkütusepaake ja tagumisi allasõidutõkkeid käsitlevate liikmesriikide õigusaktide ühtlustamise kohta",Directive,1970-03-20,false,CouncilOfEU,http://data.europa.eu/eli/dir/1970/221/oj,1971-10-07,0,5,,,https://eur-lex.europa.eu/legal-content/ET/TXT/?uri=CELEX:31970L0221
estleg:EU_31973L0148,31973L0148,"Nõukogu direktiiv, 21. mai 1973, liikmesriikide kodanikele seoses asutamise ja teenuste osutamisega seatavate liikumis- ja elamispiirangute kaotamise kohta ühenduse piires",Directive,1973-05-21,false,CouncilOfEU,http://data.europa.eu/eli/dir/1973/148/oj,1973-11-22,0,5,,,https://eur-lex.europa.eu/legal-content/ET/TXT/?uri=CELEX:31973L0148
estleg:EU_31980D0764,31980D0764,"Komisjoni otsus, 8. juuli 1980, millega kehtestatakse viinamarjakasvatusalade statistiliste vahevaatlusandmete tabelite vorm ja määratlused",Decision,1980-07-08,true,EuropeanCommission,http://data.europa.eu/eli/dec/1980/764/oj,,0,4,,,https://eur-lex.europa.eu/legal-content/ET/TXT/?uri=CELEX:31980D0764
estleg:EU_31980R1192,31980R1192,"Nõukogu määrus (EMÜ) nr 1192/80, 26. märts 1980, kokkuleppe sõlmimise kohta kirjavahetuse teel, millega muudetakse Euroopa Majandusühenduse ja Islandi Vabariigi vahelist lepingut teatavate tollitariifistiku tootekirjelduste kohandamise osas",Regulation,1980-03-26,true,CouncilOfEU,http://data.europa.eu/eli/reg/1980/1192/oj,,0,5,,,https://eur-lex.europa.eu/legal-content/ET/TXT/?uri=CELEX:31980R1192
estleg:EU_31982R1964R04,31982R1964R(04),"Komisjoni 20. juuli 1982. aasta määruse (EMÜ) nr 1964/82 (milles sätestatakse teatavate kondita veiseliha jaotustükkide ekspordi eritoetuste andmise tingimused) parandus (Euroopa Liidu Teataja eriväljaanne 2004, 03. Põllumajandus, 05. köide, lk 146)",Regulation,2004-05-01,,EuropeanCommission,http://data.europa.eu/eli/reg/1982/1964/corrigendum/2004-05-01/oj,,0,0,,,https://eur-lex.europa.eu/legal-content/ET/TXT/?uri=CELEX:31982R1964R(04)
estleg:EU_31985R3791,31985R3791,"Nõukogu määrus (EMÜ) nr 3791/85, 20. detsember 1985, millega kohandatakse teatavaid muna- ja linnulihasektorit käsitlevaid määrusi seoses Hispaania ja Portugali ühinemisega",Regulation,1985-12-20,false,CouncilOfEU,http://data.europa.eu/eli/reg/1985/3791/oj,,0,4,,,https://eur-lex.europa.eu/legal-content/ET/TXT/?uri=CELEX:31985R3791
estleg:EU_31990L0314,31990L0314,"Nõukogu direktiiv, 13. juuni 1990, reisipakettide, puhkusepakettide ja ekskursioonipakettide kohta",Directive,1990-06-13,false,CouncilOfEU,http://data.europa.eu/eli/dir/1990/314/oj,1992-12-31,10,6,estleg:volaoigusseadus_Map;estleg:volaoigusseadus_Osa10;estleg:volaoigusseadus_Osa1;estleg:volaoigusseadus_Osa2;estleg:volaoigusseadus_Osa3;estleg:volaoigusseadus_Osa4;estleg:volaoigusseadus_Osa5;estleg:volaoigusseadus_Osa7;estleg:volaoigusseadus_Osa8;estleg:volaoigusseadus_Osa9,true,https://eur-lex.europa.eu/legal-content/ET/TXT/?uri=CELEX:31990L0314
estleg:EU_31992L0043,31992L0043,"Nõukogu direktiiv 92/43/EMÜ, 21. mai 1992, looduslike elupaikade ning loodusliku loomastiku ja taimestiku kaitse kohta",Directive,1992-05-21,true,CouncilOfEU,http://data.europa.eu/eli/dir/1992/43/oj,1994-06-10,2,7,estleg:Reg_1050285_Map;estleg:LKS_Map,true,https://eur-lex.europa.eu/legal-content/ET/TXT/?uri=CELEX:31992L0043
estleg:EU_31992R0509,31992R0509,"Komisjoni määrus (EMÜ) nr 509/92, 28. veebruar 1992, teatavate kaupade klassifitseerimise kohta koondnomenklatuuris",Regulation,1992-02-28,true,EuropeanCommission,http://data.europa.eu/eli/reg/1992/509/oj,,0,3,,,https://eur-lex.europa.eu/legal-content/ET/TXT/?uri=CELEX:31992R0509
estleg:EU_31993D0493,31993D0493,"Komisjoni otsus, 27. juuli 1993, millega muudetakse otsust 83/471/EMÜ ühenduse inspekteerimiskomisjoni kohta seoses täiskasvanud veiste rümpade liigitusskaala kohaldamisega",Decision,1993-07-27,false,EuropeanCommission,http://data.europa.eu/eli/dec/1993/493/oj,,0,5,,,https://eur-lex.europa.eu/legal-content/ET/TXT/?uri=CELEX:31993D0493
estleg:EU_31993L0013,31993L0013,"Nõukogu direktiiv 93/13/EMÜ, 5. aprill 1993, ebaõiglaste tingimuste kohta tarbijalepingutes",Directive,1993-04-05,true,CouncilOfEU,http://data.europa.eu/eli/dir/1993/13/oj,1994-12-31,10,5,estleg:volaoigusseadus_Map;estleg:volaoigusseadus_Osa10;estleg:volaoigusseadus_Osa1;estleg:volaoigusseadus_Osa2;estleg:volaoigusseadus_Osa3;estleg:volaoigusseadus_Osa4;estleg:volaoigusseadus_Osa5;estleg:volaoigusseadus_Osa7;estleg:volaoigusseadus_Osa8;estleg:volaoigusseadus_Osa9,true,https://eur-lex.europa.eu/legal-content/ET/TXT/?uri=CELEX:31993L0013
estleg:EU_31994R2926,31994R2926,"Komisjoni määrus (EÜ) nr 2926/94, 30. november 1994, millega muudetakse määrust (EMÜ) nr 2177/92, milles sätestatakse Assooride, Madeira ja Kanaari saarte suhkrutarnete erikorra üksikasjalikud rakenduseeskirjad, ning määrust (EMÜ) nr 1713/93 seoses suhkrusektori põllumajanduslike ümberarvestuskurssidega",Regulation,1994-11-30,false,EuropeanCommission,http://data.europa.eu/eli/reg/1994/2926/oj,,0,6,,,https://eur-lex.europa.eu/legal-content/ET/TXT/?uri=CELEX:31994R2926
estleg:EU_31995L0018,31995L0018,"Nõukogu direktiiv 95/18/EÜ, 19. juuni 1995, raudtee-ettevõtjate litsentseerimise kohta",Directive,1995-06-19,false,CouncilOfEU,http://data.europa.eu/eli/dir/1995/18/oj,1997-06-27,0,6,,,https://eur-lex.europa.eu/legal-content/ET/TXT/?uri=CELEX:31995L0018
estleg:EU_31995L0021,31995L0021,"Nõukogu direktiiv 95/21/EÜ, 19. juuni 1995, laevaohutust, reostuse vältimist ning elu- ja töötingimusi laevadel käsitlevate rahvusvaheliste standardite rakendamise kohta ühenduse sadamaid kasutavate ja liikmesriikide jurisdiktsiooni all olevates vetes sõitvate laevade suhtes (sadamariigi kontroll)",Directive,1995-06-19,false,CouncilOfEU,http://data.europa.eu/eli/dir/1995/21/oj,1996-06-30,1,6,estleg:Sadamaseadus_Map,true,https://eur-lex.europa.eu/legal-content/ET/TXT/?uri=CELEX:31995L0021
estleg:EU_31995R1423,31995R1423,"Komisjoni määrus (EÜ) nr 1423/95, 23. juuni 1995, milles sätestatakse suhkrusektori toodete impordi (välja arvatud melass) üksikasjalikud rakenduseeskirjad",Regulation,1995-06-23,false,EuropeanCommission,http://data.europa.eu/eli/reg/1995/1423/oj,,0,5,,,https://eur-lex.europa.eu/legal-content/ET/TXT/?uri=CELEX:31995R1423
estleg:EU_31997L0007,31997L0007,"Euroopa Parlamendi Ja Nõukogu direktiiv 97/7/EÜ, 20. mai 1997, tarbijate kaitse kohta sidevahendi abil sõlmitud lepingute korral",Directive,1997-05-20,false,CouncilOfEU,http://data.europa.eu/eli/dir/1997/7/oj,2000-06-04,10,5,estleg:volaoigusseadus_Map;estleg:volaoigusseadus_Osa10;estleg:volaoigusseadus_Osa1;estleg:volaoigusseadus_Osa2;estleg:volaoigusseadus_Osa3;estleg:volaoigusseadus_Osa4;estleg:volaoigusseadus_Osa5;estleg:volaoigusseadus_Osa7;estleg:volaoigusseadus_Osa8;estleg:volaoigusseadus_Osa9,true,https://eur-lex.europa.eu/legal-content/ET/TXT/?uri=CELEX:31997L0007
estleg:EU_31997L0055,31997L0055,"Euroopa Parlamendi Ja Nõukogu direktiiv 97/55/EÜ, 6. oktoober 1997, millega muudetakse direktiivi 84/450/EMÜ eksitava reklaami kohta, arvates selle hulka võrdleva reklaami",Directive,1997-10-06,false,CouncilOfEU,http://data.europa.eu/eli/dir/1997/55/oj,2000-04-23,0,4,,,https://eur-lex.europa.eu/legal-content/ET/TXT/?uri=CELEX:31997L0055
estleg:EU_31997R1278,31997R1278,"Komisjoni määrus (EÜ) nr 1278/97, 2. juuli 1997, millega muudetakse määrust (EÜ) nr 577/97, millega sätestatakse nõukogu määruse (EÜ) nr 2991/94 (millega sätestatakse võiderasvade standardid) ja nõukogu määruse (EMÜ) nr 1898/87 (piima ja piimatoodete turustamisel kasutatavate nimetuste kaitse kohta) teatavad üksikasjalikud rakenduseeskirjadEMPs kohaldatav tekst",Regulation,1997-07-02,false,EuropeanCommission,http://data.europa.eu/eli/reg/1997/1278/oj,,0,6,,,https://eur-lex.europa.eu/legal-content/ET/TXT/?uri=CELEX:31997R1278
estleg:EU_31998D0582,31998D0582,"Nõukogu otsus, 6. oktoober 1998, millega muudetakse komisjoni otsust 97/80/EÜ, milles sätestatakse nõukogu direktiivi 96/16/EÜ (piima ja piimatoodete statistiliste vaatluste kohta) rakendussätted",Decision,1998-10-06,true,CouncilOfEU,http://data.europa.eu/eli/dec/1998/582/oj,,0,4,,,https://eur-lex.europa.eu/legal-content/ET/TXT/?uri=CELEX:31998D0582
estleg:EU_31998R1340,31998R1340,"Nõukogu määrus (EÜ) nr 1340/98, 24. juuni 1998, millega muudetakse määrust (EÜ) nr 3290/94 põllumajandussektoris mitmepoolsete kaubandusläbirääkimiste Uruguay voorus sõlmitud kokkulepete rakendamiseks vajalike kohanduste ja üleminekukorralduste kohta",Regulation,1998-06-24,true,CouncilOfEU,http://data.europa.eu/eli/reg/1998/1340/oj,,0,6,,,https://eur-lex.europa.eu/legal-content/ET/TXT/?uri=CELEX:31998R1340
estleg:EU_31999L0031,31999L0031,"Nõukogu direktiiv 1999/31/EÜ, 26. aprill 1999, prügilate kohta",Directive,1999-04-26,true,CouncilOfEU,http://data.europa.eu/eli/dir/1999/31/oj,2001-07-16,2,7,estleg:JaatS_Map;estleg:Reg_157637_Map,true,https://eur-lex.europa.eu/legal-content/ET/TXT/?uri=CELEX:31999L0031
estleg:EU_31999L0097,31999L0097,"Komisjoni direktiiv 1999/97/EÜ, 13. detsember 1999, millega muudetakse nõukogu direktiivi 95/21/EÜ laevaohutust, reostuse vältimist ning elu- ja töötingimusi laevadel käsitlevate rahvusvaheliste standardite rakendamise kohta ühenduse sadamaid kasutavate ja liikmesriikide jurisdiktsiooni all olevates vetes sõitvate laevade suhtes (sadamariigi kontroll)EMPs kohaldatav tekst.",Directive,1999-12-13,false,EuropeanCommission,http://data.europa.eu/eli/dir/1999/97/oj,2000-12-13,0,6,,,https://eur-lex.europa.eu/legal-content/ET/TXT/?uri=CELEX:31999L0097
estleg:EU_31999R1308,31999R1308,"Nõukogu määrus (EÜ) nr 1308/1999, 15. juuni 1999, millega muudetakse määrust (EMÜ) nr 2377/90, milles sätestatakse ühenduse menetlus veterinaarravimijääkide piirnormide kehtestamiseks loomsetes toiduainetes",Regulation,1999-06-15,false,CouncilOfEU,http://data.europa.eu/eli/reg/1999/1308/oj,,0,9,,,https://eur-lex.europa.eu/legal-content/ET/TXT/?uri=CELEX:31999R1308
estleg:EU_32000L0059,32000L0059,"Euroopa Parlamendi ja nõukogu direktiiv 2000/59/EÜ, 27. november 2000, laevaheitmete ja lastijäätmete vastuvõtmise seadmete kohta sadamates",Directive,2000-11-27,false,CouncilOfEU,http://data.europa.eu/eli/dir/2000/59/oj,2002-12-28,1,7,estleg:Sadamaseadus_Map,true,https://eur-lex.europa.eu/legal-content/ET/TXT/?uri=CELEX:32000L0059
estleg:EU_32000R1993,32000R1993,"Nõukogu määrus (EÜ) nr 1993/2000, 18. september 2000, Taiwanist pärineva termoplastilise stüreenbutadieenstüreenkummi impordi suhtes kohaldatava lõpliku dumpinguvastase tollimaksu kehtestamise ning ajutise dumpinguvastase tollimaksu lõpliku sissenõudmise kohta",Regulation,2000-09-18,false,CouncilOfEU,http://data.europa.eu/eli/reg/2000/1993/oj,,0,6,,,https://eur-lex.europa.eu/legal-content/ET/TXT/?uri=CELEX:32000R1993
estleg:EU_32001L0042,32001L0042,"Euroopa Parlamendi ja nõukogu direktiiv 2001/42/EÜ, 27. juuni 2001, teatavate kavade ja programmide keskkonnamõju hindamise kohta",Directive,2001-06-27,true,CouncilOfEU,http://data.europa.eu/eli/dir/2001/42/oj,,1,3,estleg:KeHJS_Map,true,https://eur-lex.europa.eu/legal-content/ET/TXT/?uri=CELEX:32001L0042
estleg:EU_32002D0472,32002D0472,"Komisjoni otsus, 20. juuni 2002, milles sätestatakse Bulgaaria Vabariigist kalatoodete importimise eritingimused (teatavaks tehtud numbri K(2002) 2195 all)EMPs kohaldatav tekst",Decision,2002-06-20,false,EuropeanCommission,http://data.europa.eu/eli/dec/2002/472/oj,,0,6,,,https://eur-lex.europa.eu/legal-content/ET/TXT/?uri=CELEX:32002D0472
estleg:EU_32002L0015,32002L0015,"Euroopa Parlamendi Ja Nõukogu direktiiv 2002/15/EÜ, 11. märts 2002, autovedude alase liikuva tegevusega hõivatud isikute tööaja korralduse kohta",Directive,2002-03-11,true,CouncilOfEU,http://data.europa.eu/eli/dir/2002/15/oj,,1,4,estleg:LIIKLU_2_Map,true,https://eur-lex.europa.eu/legal-content/ET/TXT/?uri=CELEX:32002L0015
estleg:EU_32002L0096,32002L0096,"Euroopa parlamendi ja nõukogu direktiiv 2002/96/EÜ, 27. jaanuar 2003, elektri- ja elektroonikaseadmete jäätmete kohta",Directive,2003-01-27,false,CouncilOfEU,http://data.europa.eu/eli/dir/2002/96/oj,2004-08-12,2,7,estleg:JaatS_Map;estleg:Reg_1046329_Map,true,https://eur-lex.europa.eu/legal-content/ET/TXT/?uri=CELEX:32002L0096
estleg:EU_32003L0035,32003L0035,"Euroopa Parlamendi ja nõukogu direktiiv 2003/35/EÜ, 26. mai 2003, milles sätestatakse üldsuse kaasamine teatavate keskkonnaga seotud kavade ja programmide koostamisse ning muudetakse nõukogu direktiive 85/337/EMÜ ja 96/61/EÜ seoses üldsuse kaasamisega ning õiguskaitse kättesaadavusega",Directive,2003-05-26,true,CouncilOfEU,http://data.europa.eu/eli/dir/2003/35/oj,2005-06-25,1,7,estleg:JaatS_Map,true,https://eur-lex.europa.eu/legal-content/ET/TXT/?uri=CELEX:32003L0035
estleg:EU_32004D0020,32004D0020,"Euroopa Parlamendi ja nõukogu otsus nr 20/2004/EÜ, 8. detsember 2003, millega kehtestatakse tarbijapoliitika toetamiseks mõeldud ühenduse meetmete rahastamise üldine raamistik aastateks 2004–2007EMPs kohaldatav tekst.",Decision,2003-12-08,false,CouncilOfEU,http://data.europa.eu/eli/dec/2004/20(1)/oj,,0,3,,,https://eur-lex.europa.eu/legal-content/ET/TXT/?uri=CELEX:32004D0020
estleg:EU_32004D0814,32004D0814,"2004/814/EÜ: Nõukogu otsus, 4. oktoober 2004, mis käsitleb lepingu sõlmimist Euroopa Ühenduse ja Kasahstani Vabariigi vahel, millega muudetakse Euroopa Söe- ja Teraseühenduse ning Kasahstani Vabariigi valitsuse vahelist lepingut teatavate terasetoodetega kauplemise kohta",Decision,2004-10-04,false,CouncilOfEU,http://data.europa.eu/eli/dec/2004/814/oj,,0,6,,,https://eur-lex.europa.eu/legal-content/ET/TXT/?uri=CELEX:32004D0814
estleg:EU_32004L0035,32004L0035,"Euroopa Parlamendi ja nõukogu direktiiv 2004/35/EÜ, 21. aprill 2004, keskkonnavastutusest keskkonnakahjustuste ärahoidmise ja parandamise kohta",Directive,2004-04-21,true,CouncilOfEU,http://data.europa.eu/eli/dir/2004/35/oj,2007-04-30,0,5,,,https://eur-lex.europa.eu/legal-content/ET/TXT/?uri=CELEX:32004L0035
estleg:EU_32004R0771,32004R0771,"Komisjoni määrus (EÜ) nr 771/2004, 23. aprill 2004, millega sätestatakse üleminekumeetmed teatavaid toimeaineid sisaldavate taimekaitsevahendite jätkuva kasutamise suhtes pärast uute liikmesriikide Euroopa Liiduga ühinemistEMPs kohaldatav tekst",Regulation,2004-04-23,true,EuropeanCommission,http://data.europa.eu/eli/reg/2004/771/oj,,0,2,,,https://eur-lex.europa.eu/legal-content/ET/TXT/?uri=CELEX:32004R0771
estleg:EU_32004R1870,32004R1870,"Komisjoni määrus (EÜ) nr 1870/2004, 28. oktoober 2004, millega kehtestatakse suurim eksporditoetus valge suhkru eksportimiseks teatavatesse kolmandatesse riikidesse määrusega (EÜ) nr 1327/2004 ettenähtud alalise pakkumismenetluse raames avatud 11. osaliseks pakkumismenetluseks",Regulation,2004-10-28,,EuropeanCommission,http://data.europa.eu/eli/reg/2004/1870/oj,,0,3,,,https://eur-lex.europa.eu/legal-content/ET/TXT/?uri=CELEX:32004R1870
estleg:EU_32005D0385,32005D0385,"2005/385/EÜ: Komisjoni otsus, 13. mai 2005, Euroopa Põllumajanduse Arendus- ja Tagatisfondi (EAGGF) tagatisrahastust 2004. eelarveaastal rahastatud liikmesriikide kulude raamatupidamisarvestuse kontrollimise ja heakskiitmise kohta (teatavaks tehtud numbri K(2005) 1443 all)",Decision,2005-05-13,false,EuropeanCommission,http://data.europa.eu/eli/dec/2005/385/oj,,0,4,,,https://eur-lex.europa.eu/legal-content/ET/TXT/?uri=CELEX:32005D0385
estleg:EU_32005D0487,32005D0487,"2005/487/EÜ: Komisjoni otsus, 4. juuli 2005, triasamaadi nõukogu direktiivi 91/414/EMÜ I lisasse kandmata jätmise ja kõnealust ainet sisaldavate taimekaitsevahendite lubade kehtetuks tunnistamise kohta (teatavaks tehtud numbri K(2005) 1960 all)   (EMPs kohaldatav tekst)",Decision,2005-07-04,true,EuropeanCommission,http://data.europa.eu/eli/dec/2005/487/oj,,0,3,,,https://eur-lex.europa.eu/legal-content/ET/TXT/?uri=CELEX:32005D0487
estleg:EU_32005L0029,32005L0029,"Euroopa Parlamendi ja nõukogu direktiiv 2005/29/EÜ, 11. mai 2005, mis käsitleb ettevõtja ja tarbija vaheliste tehingutega seotud ebaausaid kaubandustavasid siseturul ning millega muudetakse nõukogu direktiivi 84/450/EMÜ, Euroopa Parlamendi ja nõukogu direktiive 97/7/EÜ, 98/27/EÜ ja 2002/65/EÜ ning Euroopa Parlamendi ja nõukogu määrust (EÜ) nr 2006/2004 (ebaausate kaubandustavade direktiiv)   (EMPs kohaldatav tekst)",Directive,2005-05-11,true,CouncilOfEU,http://data.europa.eu/eli/dir/2005/29/oj,2007-06-12,1,6,estleg:TarbKS_Map,true,https://eur-lex.europa.eu/legal-content/ET/TXT/?uri=CELEX:32005L0029
estleg:EU_32005L0036,32005L0036,"Euroopa Parlamendi ja nõukogu direktiiv 2005/36/EÜ, 7. september 2005, kutsekvalifikatsioonide tunnustamise kohta   (EMPs kohaldatav tekst)",Directive,2005-09-07,true,CouncilOfEU,http://data.europa.eu/eli/dir/2005/36/oj,2007-10-20,7,13,estleg:EVH_Map;estleg:PLANEE_2_Map;estleg:RakKKS_Map;estleg:RavS_Map;estleg:TTKS_Map;estleg:VetKS_Map;estleg:UKS_Map,true,https://eur-lex.europa.eu/legal-content/ET/TXT/?uri=CELEX:32005L0036
estleg:EU_32005R0203,32005R0203,"Komisjoni määrus (EÜ) nr 203/2005, 4. veebruar 2005, millega kehtestatakse kindlad impordiväärtused, et määrata kindlaks teatava puu- ja köögivilja hind piiril",Regulation,2005-02-04,,EuropeanCommission,http://data.europa.eu/eli/reg/2005/203/oj,,0,6,,,https://eur-lex.europa.eu/legal-content/ET/TXT/?uri=CELEX:32005R0203
estleg:EU_32005R0562,32005R0562,"Komisjoni määrus (EÜ) nr 562/2005, 5. aprill 2005, millega kehtestatakse nõukogu määruse (EÜ) nr 1255/1999 rakenduseeskirjad liikmesriikide ja komisjoni vahelise teabevahetuse kohta piima- ja piimatootesektoris",Regulation,2005-04-05,false,EuropeanCommission,http://data.europa.eu/eli/reg/2005/562/oj,,0,7,,,https://eur-lex.europa.eu/legal-content/ET/TXT/?uri=CELEX:32005R0562
estleg:EU_32005R0971,32005R0971,"Komisjoni määrus (EÜ) nr 971/2005, 24. juuni 2005, millega kehtestatakse kindlad impordiväärtused, et määrata kindlaks teatava puu- ja köögivilja hind piiril",Regulation,2005-06-24,,EuropeanCommission,http://data.europa.eu/eli/reg/2005/971/oj,,0,6,,,https://eur-lex.europa.eu/legal-content/ET/TXT/?uri=CELEX:32005R0971
estleg:EU_32005R1357,32005R1357,"Komisjoni määrus (EÜ) nr 1357/2005, 18. august 2005, millega täiendatakse määruse (EÜ) nr 2400/96 lisa seoses uue nimetuse kandmisega kaitstud päritolunimetuste ja kaitstud geograafiliste tähiste registrisse (Chevrotin) (KPN)",Regulation,2005-08-18,true,EuropeanCommission,http://data.europa.eu/eli/reg/2005/1357/oj,,0,5,,,https://eur-lex.europa.eu/legal-content/ET/TXT/?uri=CELEX:32005R1357
estleg:EU_32005R1615,32005R1615,"Komisjoni määrus (EÜ) nr 1615/2005, 30. september 2005, millega kehtestatakse lõssipulbri madalaim müügihind 26. individuaalse pakkumise kutse puhul, mis on väljastatud määruses (EÜ) nr 214/2001 osutatud alalise pakkumiskutse alusel",Regulation,2005-09-30,,EuropeanCommission,http://data.europa.eu/eli/reg/2005/1615/oj,,0,4,,,https://eur-lex.europa.eu/legal-content/ET/TXT/?uri=CELEX:32005R1615
estleg:EU_32005R1986,32005R1986,"Komisjoni määrus (EÜ) nr 1986/2005,  6. detsember 2005 , millega avatakse teatavate Rumeeniast pärit töödeldud põllumajandussaaduste Euroopa Ühendusse importimise suhtes kohaldatavad tariifikvoodid ja tunnistatakse kehtetuks määrus (EÜ) nr 2244/2004",Regulation,2005-12-06,true,EuropeanCommission,http://data.europa.eu/eli/reg/2005/1986/oj,,0,7,,,https://eur-lex.europa.eu/legal-content/ET/TXT/?uri=CELEX:32005R1986
estleg:EU_32005R2109,32005R2109,"Komisjoni määrus (EÜ) nr 2109/2005,  21. detsember 2005 , millega muudetakse määrust (EÜ) nr 716/96 veiselihaturu erakorraliste toetusmeetmete kasutuselevõtu kohta Ühendkuningriigis",Regulation,2005-12-21,false,EuropeanCommission,http://data.europa.eu/eli/reg/2005/2109/oj,,0,8,,,https://eur-lex.europa.eu/legal-content/ET/TXT/?uri=CELEX:32005R2109
estleg:EU_32006D0128,32006D0128,"2006/128/EÜ: Komisjoni otsus,  3. veebruar 2006 , millega muudetakse Euroopa Parlamendi ja nõukogu direktiivi 2001/109/EÜ ning komisjoni otsust 2002/38/EÜ teatavate viljapuuliikide istandikes läbi viidud statistiliste vaatluste kohta  (teatavaks tehtud numbri K(2005) 5963 all)",Decision,2006-02-03,true,EuropeanCommission,http://data.europa.eu/eli/dec/2006/128(1)/oj,,0,5,,,https://eur-lex.europa.eu/legal-content/ET/TXT/?uri=CELEX:32006D0128
estleg:EU_32006D0437,32006D0437,"2006/437/EÜ: Komisjoni otsus, 4. august 2006 , millega kiidetakse heaks nõukogu direktiiviga 2005/94/EÜ ette nähtud diagnostikakäsiraamat seoses lindude gripiga (teatavaks tehtud numbri K(2006) 3477 all)   (EMPs kohaldatav tekst)",Decision,2006-08-04,false,EuropeanCommission,http://data.europa.eu/eli/dec/2006/437/oj,,0,7,,,https://eur-lex.europa.eu/legal-content/ET/TXT/?uri=CELEX:32006D0437
estleg:EU_32006L0013,32006L0013,"Komisjoni direktiiv 2006/13/EÜ,  3. veebruar 2006 , millega muudetakse Euroopa Parlamendi ja nõukogu direktiivi 2002/32/EÜ (loomatoidus leiduvate soovimatute ainete kohta) I ja II lisa dioksiinide ja dioksiinitaoliste polüklooritud bifenüülide (PCB) suhtes   (EMPs kohaldatav tekst)",Directive,2006-02-03,true,EuropeanCommission,http://data.europa.eu/eli/dir/2006/13/oj,2006-11-04,1,7,estleg:Reg_312559_Map,true,https://eur-lex.europa.eu/legal-content/ET/TXT/?uri=CELEX:32006L0013
estleg:EU_32006L0021,32006L0021,"Euroopa Parlamendi ja nõukogu direktiiv 2006/21/EÜ,  15. märts 2006 , kaevandustööstuse jäätmete käitlemise ja direktiivi 2004/35/EÜ muutmise kohta - Euroopa Parlamendi, nõukogu ja komisjoni avaldus",Directive,2006-03-15,true,CouncilOfEU,http://data.europa.eu/eli/dir/2006/21/oj,2008-05-01,3,6,estleg:JaatS_Map;estleg:Reg_1000061_Map;estleg:Maapueseadus_Map,true,https://eur-lex.europa.eu/legal-content/ET/TXT/?uri=CELEX:32006L0021
estleg:EU_32006L0025,32006L0025,"Euroopa Parlamendi ja nõukogu direktiiv 2006/25/EÜ,  5. aprill 2006 , töötervishoiu ja tööohutuse miinimumnõuete kohta seoses töötajate kokkupuutega füüsikalistest mõjuritest (tehislik optiline kiirgus) tulenevate riskidega (üheksateistkümnes üksikdirektiiv direktiivi 89/391/EMÜ artikli 16 lõike 1 tähenduses)",Directive,2006-04-05,true,CouncilOfEU,http://data.europa.eu/eli/dir/2006/25/oj,2010-04-27,1,3,estleg:Reg_342860_Map,true,https://eur-lex.europa.eu/legal-content/ET/TXT/?uri=CELEX:32006L0025
estleg:EU_32006L0043,32006L0043,"Euroopa Parlamendi ja nõukogu direktiiv 2006/43/EÜ,  17. mai 2006 , mis käsitleb raamatupidamise aastaaruannete ja konsolideeritud aruannete kohustuslikku auditit ning millega muudetakse nõukogu direktiive 78/660/EMÜ ja 83/349/EMÜ ning tunnistatakse kehtetuks nõukogu direktiiv 84/253/EMÜ   (EMPs kohaldatav tekst)",Directive,2006-05-17,true,CouncilOfEU,http://data.europa.eu/eli/dir/2006/43/oj,2008-06-29,2,6,estleg:AUDIIT_Map;estleg:Reg_346401_Map,true,https://eur-lex.europa.eu/legal-content/ET/TXT/?uri=CELEX:32006L0043
estleg:EU_32006L0066,32006L0066,"Euroopa Parlamendi ja nõukogu direktiiv 2006/66/EÜ, 6. september 2006 , mis käsitleb patareisid ja akusid ning patarei- ja akujäätmeid ning millega tunnistatakse kehtetuks direktiiv 91/157/EMÜ   (EMPs kohaldatav tekst)",Directive,2006-09-06,true,CouncilOfEU,http://data.europa.eu/eli/dir/2006/66/oj,2008-09-28,2,8,estleg:Reg_317618_Map;estleg:Reg_1036384_Map,true,https://eur-lex.europa.eu/legal-content/ET/TXT/?uri=CELEX:32006L0066
estleg:EU_32006L0112,32006L0112,"Nõukogu direktiiv 2006/112/EÜ, 28. november 2006 , mis käsitleb ühist käibemaksusüsteemi",Directive,2006-11-28,true,CouncilOfEU,http://data.europa.eu/eli/dir/2006/112/oj,2008-01-01,1,8,estleg:Reg_308431_Map,true,https://eur-lex.europa.eu/legal-content/ET/TXT/?uri=CELEX:32006L0112
estleg:EU_32006L0117,32006L0117,"Nõukogu direktiiv 2006/117/Euratom, 20. november 2006 , radioaktiivsete jäätmete ja kasutatud tuumkütuse vedude järelevalve ja kontrolli kohta",Directive,2006-11-20,true,CouncilOfEU,http://data.europa.eu/eli/dir/2006/117/oj,2008-12-24,2,6,estleg:KIIRGU_Map;estleg:Reg_1036063_Map,true,https://eur-lex.europa.eu/legal-content/ET/TXT/?uri=CELEX:32006L0117
estleg:EU_32006L0126,32006L0126,"Euroopa Parlamendi ja nõukogu direktiiv 2006/126/EÜ, 20. detsember 2006 , juhilubade kohta (uuestisõnastamine)   (EMPs kohaldatav tekst)",Directive,2006-12-20,true,CouncilOfEU,http://data.europa.eu/eli/dir/2006/126/oj,2011-01-19,1,5,estleg:LIIKLU_2_Map,true,https://eur-lex.europa.eu/legal-content/ET/TXT/?uri=CELEX:32006L0126
estleg:EU_32006L0140,32006L0140,"Komisjoni direktiiv 2006/140/EÜ, 20. detsember 2006 , millega muudetakse Euroopa Parlamendi ja nõukogu direktiivi 98/8/EÜ, kandes toimeaine sulfurüülfluoriidi selle I lisasse EMPs kohaldatav tekst",Directive,2006-12-20,false,EuropeanCommission,http://data.europa.eu/eli/dir/2006/140/oj,2007-12-31,1,3,estleg:BIOTSI_Map,true,https://eur-lex.europa.eu/legal-content/ET/TXT/?uri=CELEX:32006L0140
estleg:EU_32006R0050,32006R0050,"Komisjoni määrus (EÜ) nr 50/2006,  12. jaanuar 2006 , millega kinnitatakse pehme nisu maksimaalne eksporditoetus seoses määruses (EÜ) nr 1059/2005 osutatud pakkumismenetlusega",Regulation,2006-01-12,,EuropeanCommission,http://data.europa.eu/eli/reg/2006/50/oj,,0,3,,,https://eur-lex.europa.eu/legal-content/ET/TXT/?uri=CELEX:32006R0050
estleg:EU_32006R0288,32006R0288,"Komisjoni määrus (EÜ) nr 288/2006,  16. veebruar 2006 , millega määratakse teravilja ning nisu- ja rukkijahu ning nisu- ja rukkitangude eksporditoetused",Regulation,2006-02-16,,EuropeanCommission,http://data.europa.eu/eli/reg/2006/288/oj,,0,7,,,https://eur-lex.europa.eu/legal-content/ET/TXT/?uri=CELEX:32006R0288
estleg:EU_32006R0575,32006R0575,"Komisjoni määrus (EÜ) nr 575/2006,  7. aprill 2006 , millega muudetakse Euroopa Parlamendi ja nõukogu määrust (EÜ) nr 178/2002 Euroopa Toiduohutusameti alaliste teaduskomisjonide arvu ja nimetuste osas",Regulation,2006-04-07,true,EuropeanCommission,http://data.europa.eu/eli/reg/2006/575/oj,,0,6,,,https://eur-lex.europa.eu/legal-content/ET/TXT/?uri=CELEX:32006R0575
estleg:EU_32006R0981,32006R0981,"Komisjoni määrus (EÜ) nr 981/2006,  29. juuni 2006 , millega kehtestatakse suurim eksporditoetus valge suhkru eksportimiseks teatavatesse kolmandatesse riikidesse määrusega (EÜ) nr 1138/2005 ettenähtud alalise pakkumismenetluse raames avatud 31. osaliseks pakkumismenetluseks",Regulation,2006-06-29,,EuropeanCommission,http://data.europa.eu/eli/reg/2006/981/oj,,0,4,,,https://eur-lex.europa.eu/legal-content/ET/TXT/?uri=CELEX:32006R0981
estleg:EU_32006R1127,32006R1127,"Komisjoni määrus (EÜ) nr 1127/2006,  24. juuli 2006 , millega kehtestatakse kindlad impordiväärtused, et määrata kindlaks teatava puu- ja köögivilja hind piiril",Regulation,2006-07-24,,EuropeanCommission,http://data.europa.eu/eli/reg/2006/1127/oj,,0,6,,,https://eur-lex.europa.eu/legal-content/ET/TXT/?uri=CELEX:32006R1127
estleg:EU_32006R1138,32006R1138,"Komisjoni määrus (EÜ) nr 1138/2006,  26. juuli 2006 , millega muudetakse määrust (EÜ) nr 990/2006 seoses alaliste pakkumismenetlustega hõlmatud ja liikmesriikide sekkumisametite valduses oleva teravilja eksportimiseks ettenähtud kogustega",Regulation,2006-07-26,false,EuropeanCommission,http://data.europa.eu/eli/reg/2006/1138/oj,,0,7,,,https://eur-lex.europa.eu/legal-content/ET/TXT/?uri=CELEX:32006R1138
estleg:EU_32006R1148,32006R1148,"Komisjoni määrus (EÜ) nr 1148/2006,  27. juuli 2006 , millega määratakse kindlaks teraviljasektori tootmistoetused",Regulation,2006-07-27,,EuropeanCommission,http://data.europa.eu/eli/reg/2006/1148/oj,,0,2,,,https://eur-lex.europa.eu/legal-content/ET/TXT/?uri=CELEX:32006R1148
estleg:EU_32007D0216,32007D0216,"2007/216/EÜ: Nõukogu otsus, 29. jaanuar 2007 , millega muudetakse otsust 2004/677/EÜ Euroopa Kaitseagentuuri lähetatud ekspertide ja sõjaväelaste lähetuse lühima kestuse osas",Decision,2007-01-29,false,CouncilOfEU,http://data.europa.eu/eli/dec/2007/216/oj,,0,4,,,https://eur-lex.europa.eu/legal-content/ET/TXT/?uri=CELEX:32007D0216
estleg:EU_32007D0397,32007D0397,"2007/397/EÜ: Komisjoni otsus, 8. juuni 2007 , rahvastikuküsimusi käsitleva eksperdirühma moodustamise kohta",Decision,2007-06-08,true,EuropeanCommission,http://data.europa.eu/eli/dec/2007/397/oj,,0,4,,,https://eur-lex.europa.eu/legal-content/ET/TXT/?uri=CELEX:32007D0397
estleg:EU_32007D091101,32007D0911(01),"Nõukogu otsus, 21. mai 2007 , Euroopa Elu- ja Töötingimuste Parandamise Fondi juhatuse valitsuse esindajate kategoorias Bulgaaria ja Rumeenia liikmete ja asendusliikmete ametisse nimetamise kohta",Decision,2007-05-21,true,CouncilOfEU,,,0,5,,,https://eur-lex.europa.eu/legal-content/ET/TXT/?uri=CELEX:32007D0911(01)
estleg:EU_32007L0020,32007L0020,"Komisjoni direktiiv 2007/20/EÜ, 3. aprill 2007 , millega muudetakse Euroopa Parlamendi ja nõukogu direktiivi 98/8/EÜ, kandes toimeaine diklofluaniidi selle I lisasse (EMPs kohaldatav tekst )",Directive,2007-04-03,false,EuropeanCommission,http://data.europa.eu/eli/dir/2007/20/oj,2008-02-29,1,5,estleg:BIOTSI_Map,true,https://eur-lex.europa.eu/legal-content/ET/TXT/?uri=CELEX:32007L0020
estleg:EU_32007L0023,32007L0023,"Euroopa Parlamendi ja nõukogu direktiiv 2007/23/EÜ, 23. mai 2007 , pürotehniliste toodete turule laskmise kohta (EMPs kohaldatav tekst)",Directive,2007-05-23,false,CouncilOfEU,http://data.europa.eu/eli/dir/2007/23/oj,2010-01-04,1,8,estleg:LOHKEM_Map,true,https://eur-lex.europa.eu/legal-content/ET/TXT/?uri=CELEX:32007L0023
estleg:EU_32007L0033,32007L0033,"Nõukogu direktiiv 2007/33/EÜ, 11. juuni 2007 , mis käsitleb kartuli-kiduussi tõrjet ja millega tunnistatakse kehtetuks direktiiv 69/465/EMÜ",Directive,2007-06-11,false,CouncilOfEU,http://data.europa.eu/eli/dir/2007/33/oj,2010-06-01,2,4,estleg:Reg_313002_Map;estleg:Reg_304014_Map,true,https://eur-lex.europa.eu/legal-content/ET/TXT/?uri=CELEX:32007L0033
estleg:EU_32007L0057,32007L0057,"Komisjoni direktiiv 2007/57/EÜ, 17. september 2007 , millega muudetakse nõukogu direktiivide 76/895/EMÜ, 86/362/EMÜ, 86/363/EMÜ ja 90/642/EMÜ teatavaid lisasid seoses ditiokarbamaatide jääkide piirnormidega (EMPs kohaldatav tekst)",Directive,2007-09-17,false,EuropeanCommission,http://data.europa.eu/eli/dir/2007/57/oj,2008-03-18,0,6,,,https://eur-lex.europa.eu/legal-content/ET/TXT/?uri=CELEX:32007L0057
estleg:EU_32007L0066,32007L0066,"Euroopa Parlamendi ja nõukogu direktiiv 2007/66/EÜ, 11. detsember 2007 , millega muudetakse nõukogu direktiive 89/665/EMÜ ja 92/13/EMÜ riigihankelepingute sõlmimise läbivaatamise korra tõhustamise osas (EMPs kohaldatav tekst )",Directive,2007-12-11,true,CouncilOfEU,http://data.europa.eu/eli/dir/2007/66/oj,2009-12-20,1,3,estleg:RIIGIH_Map,true,https://eur-lex.europa.eu/legal-content/ET/TXT/?uri=CELEX:32007L0066
estleg:EU_32007L0071,32007L0071,"Komisjoni direktiiv 2007/71/EÜ, 13. detsember 2007 , millega muudetakse Euroopa Parlamendi ja nõukogu direktiivi 2000/59/EÜ (laevaheitmete ja lastijäätmete vastuvõtmise seadmete kohta sadamates) II lisa (EMPs kohaldatav tekst)",Directive,2007-12-13,false,EuropeanCommission,http://data.europa.eu/eli/dir/2007/71/oj,2009-06-15,1,4,estleg:Sadamaseadus_Map,true,https://eur-lex.europa.eu/legal-content/ET/TXT/?uri=CELEX:32007L0071
estleg:EU_32007R0628,32007R0628,"Komisjoni määrus (EÜ) nr 628/2007, 6. juuni 2007 , millega kehtestatakse A1 ja B süsteemide raames puu- ja köögivilja eksporditoetused (tomatid, apelsinid, sidrunid, lauaviinamarjad, õunad ja virsikud)",Regulation,2007-06-06,,EuropeanCommission,http://data.europa.eu/eli/reg/2007/628/oj,,0,6,,,https://eur-lex.europa.eu/legal-content/ET/TXT/?uri=CELEX:32007R0628
estleg:EU_32007R1152,32007R1152,"Nõukogu määrus (EÜ) nr 1152/2007, 26. september 2007 , millega muudetakse määrust (EÜ) nr 1255/1999 piima- ja piimatooteturu ühise korralduse kohta",Regulation,2007-09-26,false,CouncilOfEU,http://data.europa.eu/eli/reg/2007/1152/oj,,0,7,,,https://eur-lex.europa.eu/legal-content/ET/TXT/?uri=CELEX:32007R1152
estleg:EU_32008D0177,32008D0177,"2008/177/EÜ: Komisjoni otsus, 25. veebruar 2008 , millega muudetakse otsust 96/550/EÜ Soomes kasutatavate searümpade liigitusmeetodite kinnitamise kohta (teatavaks tehtud numbri K(2008) 692 all)",Decision,2008-02-25,false,EuropeanCommission,http://data.europa.eu/eli/dec/2008/177/oj,,0,4,,,https://eur-lex.europa.eu/legal-content/ET/TXT/?uri=CELEX:32008D0177
estleg:EU_32008D0493,32008D0493,"2008/493/EÜ: Nõukogu otsus, 23. juuni 2008 , millega muudetakse Bulgaaria ja Rumeenia ühinemisakti I lisa",Decision,2008-06-23,true,CouncilOfEU,http://data.europa.eu/eli/dec/2008/493/oj,,0,7,,,https://eur-lex.europa.eu/legal-content/ET/TXT/?uri=CELEX:32008D0493
estleg:EU_32008D0886,32008D0886,"2008/886/EÜ: Komisjoni otsus, 12. november 2008 , mis käsitleb ajutist erandit nõukogu määruse (EÜ) nr 1528/2007 II lisas sätestatud päritolureeglitest, et võtta arvesse Kenya eriolukorda seoses tuunikalafileega (teatavaks tehtud numbri K(2008) 6644 all)",Decision,2008-11-12,true,EuropeanCommission,http://data.europa.eu/eli/dec/2008/886/oj,,0,5,,,https://eur-lex.europa.eu/legal-content/ET/TXT/?uri=CELEX:32008D0886
estleg:EU_32008D0908,32008D0908,"2008/908/EÜ: Komisjoni otsus, 28. november 2008 , millega lubatakse teatavatel liikmesriikidel läbi vaadata iga-aastased BSE seireprogrammid (teatavaks tehtud numbri K(2008) 7288 all)",Decision,2008-12-05,false,EuropeanCommission,http://data.europa.eu/eli/dec/2008/908/oj,,0,7,,,https://eur-lex.europa.eu/legal-content/ET/TXT/?uri=CELEX:32008D0908
estleg:EU_32008L0008,32008L0008,"Nõukogu direktiiv 2008/8/EÜ, 12. veebruar 2008 , millega muudetakse direktiivi 2006/112/EÜ seoses teenuste osutamise kohaga",Directive,2008-02-12,true,CouncilOfEU,http://data.europa.eu/eli/dir/2008/8/oj,,1,7,estleg:KMS_Map,true,https://eur-lex.europa.eu/legal-content/ET/TXT/?uri=CELEX:32008L0008
estleg:EU_32008L0050,32008L0050,"Euroopa Parlamendi ja nõukogu direktiiv 2008/50/EÜ, 21. mai 2008 , välisõhu kvaliteedi ja Euroopa õhu puhtamaks muutmise kohta",Directive,2008-05-21,true,CouncilOfEU,http://data.europa.eu/eli/dir/2008/50/oj,2010-06-10,1,6,estleg:VOKS_Map,true,https://eur-lex.europa.eu/legal-content/ET/TXT/?uri=CELEX:32008L0050
estleg:EU_32008L0052,32008L0052,"Euroopa Parlamendi ja nõukogu direktiiv 2008/52/EÜ, 21. mai 2008 , vahendusmenetluse teatavate aspektide kohta tsiviil- ja kaubandusasjades",Directive,2008-05-21,true,CouncilOfEU,http://data.europa.eu/eli/dir/2008/52/oj,2011-05-20,1,10,estleg:LepS_Map,true,https://eur-lex.europa.eu/legal-content/ET/TXT/?uri=CELEX:32008L0052
estleg:EU_32008L0057,32008L0057,"Euroopa Parlamendi ja nõukogu direktiiv 2008/57/EÜ, 17. juuni 2008 , ühenduse raudteesüsteemi koostalitlusvõime kohta (uuestisõnastamine) (EMPs kohaldatav tekst)",Directive,2008-06-17,false,CouncilOfEU,http://data.europa.eu/eli/dir/2008/57/oj,2010-07-19,2,5,estleg:RAUDTEE_Map;estleg:TNV_Map,true,https://eur-lex.europa.eu/legal-content/ET/TXT/?uri=CELEX:32008L0057
estleg:EU_32008L0068,32008L0068,"Euroopa Parlamendi ja nõukogu direktiiv 2008/68/EÜ, 24. september 2008 , ohtlike kaupade siseveo kohta (EMPs kohaldatav tekst)",Directive,2008-09-24,true,CouncilOfEU,http://data.europa.eu/eli/dir/2008/68/oj,2009-06-30,1,7,estleg:RAUDTEE_Map,true,https://eur-lex.europa.eu/legal-content/ET/TXT/?uri=CELEX:32008L0068
estleg:EU_32008L0073,32008L0073,"Nõukogu direktiiv 2008/73/EÜ, 15. juuli 2008 , millega lihtsustatakse nimekirjade koostamise ja andmete avaldamise korda veterinaar- ja zootehnika valdkonnas ning muudetakse direktiive 64/432/EMÜ, 77/504/EMÜ, 88/407/EMÜ, 88/661/EMÜ, 89/361/EMÜ, 89/556/EMÜ, 90/426/EMÜ, 90/427/EMÜ, 90/428/EMÜ, 90/429/EMÜ, 90/539/EMÜ, 91/68/EMÜ, 91/496/EMÜ, 92/35/EMÜ, 92/65/EMÜ, 92/66/EMÜ, 92/119/EMÜ, 94/28/EÜ, 2000/75/EÜ, otsust 2000/258/EÜ ja direktiive 2001/89/EÜ, 2002/60/EÜ ja 2005/94/EÜ (EMPs kohaldatav tekst)",Directive,2008-07-15,true,CouncilOfEU,http://data.europa.eu/eli/dir/2008/73/oj,2010-01-01,1,7,estleg:LTTS_Map,true,https://eur-lex.europa.eu/legal-content/ET/TXT/?uri=CELEX:32008L0073
estleg:EU_32008L0075,32008L0075,"Komisjoni direktiiv 2008/75/EÜ, 24. juuli 2008 , millega muudetakse Euroopa Parlamendi ja nõukogu direktiivi 98/8/EÜ, et kanda toimeaine süsinikdioksiid kõnealuse direktiivi I lisasse (EMPs kohaldatav tekst)",Directive,2008-07-24,false,EuropeanCommission,http://data.europa.eu/eli/dir/2008/75/oj,2009-03-31,1,5,estleg:BIOTSI_Map,true,https://eur-lex.europa.eu/legal-content/ET/TXT/?uri=CELEX:32008L0075
estleg:EU_32008L0077,32008L0077,"Komisjoni direktiiv 2008/77/EÜ, 25. juuli 2008 , millega muudetakse Euroopa Parlamendi ja nõukogu direktiivi 98/8/EÜ, et kanda toimeaine tiametoksaam selle I lisasse (EMPs kohaldatav tekst)",Directive,2008-07-25,false,EuropeanCommission,http://data.europa.eu/eli/dir/2008/77/oj,2009-06-30,1,5,estleg:BIOTSI_Map,true,https://eur-lex.europa.eu/legal-content/ET/TXT/?uri=CELEX:32008L0077
estleg:EU_32008L0079,32008L0079,"Komisjoni direktiiv 2008/79/EÜ, 28. juuli 2008 , millega muudetakse Euroopa Parlamendi ja nõukogu direktiivi 98/8/EÜ, et kanda toimeaine IPBC selle I lisasse (EMPs kohaldatav tekst)",Directive,2008-07-28,false,EuropeanCommission,http://data.europa.eu/eli/dir/2008/79/oj,2009-06-30,1,5,estleg:BIOTSI_Map,true,https://eur-lex.europa.eu/legal-content/ET/TXT/?uri=CELEX:32008L0079
estleg:EU_32008L0080,32008L0080,"Komisjoni direktiiv 2008/80/EÜ, 28. juuli 2008 , millega muudetakse Euroopa Parlamendi ja nõukogu direktiivi 98/8/EÜ, et kanda toimeaine tsükloheksüülhüdroksüdiaseen-1-oksiidi kaaliumisool (K-HDO) selle I lisasse (EMPs kohaldatav tekst)",Directive,2008-07-28,false,EuropeanCommission,http://data.europa.eu/eli/dir/2008/80/oj,2009-06-30,1,5,estleg:BIOTSI_Map,true,https://eur-lex.europa.eu/legal-content/ET/TXT/?uri=CELEX:32008L0080
estleg:EU_32008L0085,32008L0085,"Komisjoni direktiiv 2008/85/EÜ, 5. september 2008, millega muudetakse Euroopa Parlamendi ja nõukogu direktiivi 98/8/EÜ, et kanda toimeaine tiabendasool selle I lisasse (EMPs kohaldatav tekst)",Directive,2008-09-05,false,EuropeanCommission,http://data.europa.eu/eli/dir/2008/85/oj,2009-06-30,1,5,estleg:BIOTSI_Map,true,https://eur-lex.europa.eu/legal-content/ET/TXT/?uri=CELEX:32008L0085
estleg:EU_32008L0086,32008L0086,"Komisjoni direktiiv 2008/86/EÜ, 5. september 2008 , millega muudetakse Euroopa Parlamendi ja nõukogu direktiivi 98/8/EÜ, et kanda toimeaine tebukonasool kõnealuse direktiivi I lisasse (EMPs kohaldatav tekst)",Directive,2008-09-05,false,EuropeanCommission,http://data.europa.eu/eli/dir/2008/86/oj,2009-03-31,1,5,estleg:BIOTSI_Map,true,https://eur-lex.europa.eu/legal-content/ET/TXT/?uri=CELEX:32008L0086
estleg:EU_32008L0101,32008L0101,"Euroopa Parlamendi ja nõukogu direktiiv 2008/101/EÜ, 19. november 2008 , millega muudetakse direktiivi 2003/87/EÜ, et lisada lennutegevus ühenduse kasvuhoonegaaside saastekvootidega kauplemise süsteemi (EMPs kohaldatav tekst)",Directive,2008-11-19,true,CouncilOfEU,http://data.europa.eu/eli/dir/2008/101/oj,2010-02-02,1,7,estleg:VOKS_Map,true,https://eur-lex.europa.eu/legal-content/ET/TXT/?uri=CELEX:32008L0101
estleg:EU_32008L0110,32008L0110,"Euroopa Parlamendi ja nõukogu direktiiv 2008/110/EÜ, 16. detsember 2008 , millega muudetakse direktiivi 2004/49/EÜ ühenduse raudteede ohutuse kohta (raudteede ohutuse direktiiv) (EMPs kohaldatav tekst)",Directive,2008-12-16,false,CouncilOfEU,http://data.europa.eu/eli/dir/2008/110/oj,,1,4,estleg:RAUDTEE_Map,true,https://eur-lex.europa.eu/legal-content/ET/TXT/?uri=CELEX:32008L0110
estleg:EU_32008R0478,32008R0478,"Komisjoni määrus (EÜ) nr 478/2008, 29. mai 2008 , millega kehtestatakse asutamislepingu I lisas loetlemata kaupadena eksporditavate suhkrusektori teatavate toodete suhtes kohaldatavad toetusemäärad",Regulation,2008-05-29,,EuropeanCommission,http://data.europa.eu/eli/reg/2008/478/oj,,0,2,,,https://eur-lex.europa.eu/legal-content/ET/TXT/?uri=CELEX:32008R0478
estleg:EU_32008R0705,32008R0705,"Nõukogu määrus (EÜ) nr 705/2008, 24. juuli 2008 , millega tunnistatakse kehtetuks määrus (EÜ) nr 243/2008, millega kehtestatakse Komoori Liitu kuuluva Anjouani saare ebaseaduslike võimude suhtes teatavad piiravad meetmed",Regulation,2008-07-24,true,CouncilOfEU,http://data.europa.eu/eli/reg/2008/705/oj,,0,8,,,https://eur-lex.europa.eu/legal-content/ET/TXT/?uri=CELEX:32008R0705
estleg:EU_32008R0889,32008R0889,"Komisjoni määrus (EÜ) nr 889/2008, 5. september 2008 , millega kehtestatakse nõukogu määruse (EÜ) nr 834/2007 (mahepõllumajandusliku tootmise ning mahepõllumajanduslike toodete märgistamise kohta) üksikasjalikud rakenduseeskirjad seoses mahepõllumajandusliku tootmise, märgistamise ja kontrolliga",Regulation,2008-09-05,true,EuropeanCommission,http://data.europa.eu/eli/reg/2008/889/oj,,0,8,,,https://eur-lex.europa.eu/legal-content/ET/TXT/?uri=CELEX:32008R0889
estleg:EU_32008R0893,32008R0893,"Nõukogu määrus (EÜ) nr 893/2008, 10. september 2008 , millega säilitatakse dumpinguvastased tollimaksud Valgevenest, Hiina Rahvavabariigist, Saudi Araabiast ja Koreast pärineva polüesterstaapelkiu impordi suhtes pärast osalist vahepealset läbivaatamist vastavalt määruse (EÜ) nr 384/96 artikli 11 lõikele 3",Regulation,2008-09-10,true,CouncilOfEU,http://data.europa.eu/eli/reg/2008/893/oj,,0,10,,,https://eur-lex.europa.eu/legal-content/ET/TXT/?uri=CELEX:32008R0893
estleg:EU_32008R0906,32008R0906,"Nõukogu määrus (EÜ) nr 906/2008, 15. september 2008 , millega lõpetatakse uut eksportijat käsitlev läbivaatamine seoses määrusega (EÜ) nr 1659/2005, millega kehtestatakse teatavate Hiina Rahvavabariigist pärit magneesiumoksiidtelliste impordi suhtes lõplik dumpinguvastane tollimaks",Regulation,2008-09-15,false,CouncilOfEU,http://data.europa.eu/eli/reg/2008/906/oj,,0,7,,,https://eur-lex.europa.eu/legal-content/ET/TXT/?uri=CELEX:32008R0906
estleg:EU_32008R1004,32008R1004,"Komisjoni määrus (EÜ) nr 1004/2008, 15. oktoober 2008 , millega muudetakse määrust (EÜ) nr 1725/2003, millega võetakse vastu teatavad rahvusvahelised raamatupidamisstandardid kooskõlas Euroopa parlamendi ja nõukogu määrusega (EÜ) nr 1606/2002 seoses rahvusvahelise raamatupidamisstandardiga IAS 39 ja rahvusvahelise finantsaruandlusstandardiga IFRS 7 (EMPs kohaldatav tekst)",Regulation,2008-10-15,false,EuropeanCommission,http://data.europa.eu/eli/reg/2008/1004/oj,,0,6,,,https://eur-lex.europa.eu/legal-content/ET/TXT/?uri=CELEX:32008R1004
estleg:EU_32009D0162,32009D0162,"2009/162/EÜ: Komisjoni otsus, 26. veebruar 2009 , millega muudetakse otsust 2005/51/EÜ seoses ajavahemikuga, mille jooksul tohib tuua ühendusse pestitsiidide või püsivate orgaaniliste saasteainetega saastunud pinnast saastest puhastamise eesmärgil (teatavaks tehtud numbri K(2009) 1174 all)",Decision,2009-02-26,true,EuropeanCommission,http://data.europa.eu/eli/dec/2009/162/oj,,0,6,,,https://eur-lex.europa.eu/legal-content/ET/TXT/?uri=CELEX:32009D0162
estleg:EU_32009D0490,32009D0490,"2009/490/EÜ: Komisjoni otsus, 23. juuni 2009 , ohutusnõuete kohta, millele peavad vastama muusikamängijaid käsitlevad Euroopa standardid Euroopa Parlamendi ja nõukogu direktiivi 2001/95/EÜ kohaselt (EMPs kohaldatav tekst)",Decision,2009-06-23,true,EuropeanCommission,http://data.europa.eu/eli/dec/2009/490/oj,,0,7,,,https://eur-lex.europa.eu/legal-content/ET/TXT/?uri=CELEX:32009D0490
estleg:EU_32009D0515,32009D0515,"2009/515/EÜ: Nõukogu otsus, 22. juuni 2009 , Euroopa Ühenduse ja Iisraeli Riigi vahelise lennuühenduse teatavaid aspekte käsitleva lepingu sõlmimise kohta",Decision,2009-06-22,true,CouncilOfEU,http://data.europa.eu/eli/dec/2009/515/oj,,0,7,,,https://eur-lex.europa.eu/legal-content/ET/TXT/?uri=CELEX:32009D0515
estleg:EU_32009D0705,32009D0705,"2009/705/EÜ: Komisjoni otsus, 14. september 2009 , millega asutatakse Euroopa tarbijate nõuanderühm",Decision,2009-09-14,true,EuropeanCommission,http://data.europa.eu/eli/dec/2009/705/oj,,0,4,,,https://eur-lex.europa.eu/legal-content/ET/TXT/?uri=CELEX:32009D0705
estleg:EU_32009D0882,32009D0882,"Euroopa Ülemkogu otsus, 1. detsember 2009 , millega võetakse vastu Euroopa Ülemkogu kodukord",Decision,2009-12-01,true,EURCOU,http://data.europa.eu/eli/dec/2009/882/oj,,0,2,,,https://eur-lex.europa.eu/legal-content/ET/TXT/?uri=CELEX:32009D0882
estleg:EU_32009D0893,32009D0893,"2009/893/EÜ: Komisjoni otsus, 30. november 2009 , kodusigade sperma impordi kohta ühendusse kolmandate riikide ja seemendusjaamade loetelude ning sertifitseerimisega seotud nõuete osas (teatavaks tehtud numbri K(2009) 9354 all) (EMPs kohaldatav tekst)",Decision,2009-11-30,false,EuropeanCommission,http://data.europa.eu/eli/dec/2009/893/oj,,0,6,,,https://eur-lex.europa.eu/legal-content/ET/TXT/?uri=CELEX:32009D0893
estleg:EU_32009L0008,32009L0008,"Komisjoni direktiiv 2009/8/EÜ, 10. veebruar 2009 , milles sätestatakse piirnormid koktsidiostaatikumide ja histomonostaatikumide esinemisele toidus, mis on tingitud nende ainete vältimatust ülekandest muusse kui selleks ette nähtud sööta (EMPs kohaldatav tekst)",Directive,2009-02-10,true,EuropeanCommission,http://data.europa.eu/eli/dir/2009/8/oj,2009-07-01,1,7,estleg:Reg_312559_Map,true,https://eur-lex.europa.eu/legal-content/ET/TXT/?uri=CELEX:32009L0008
estleg:EU_32009L0012,32009L0012,"Euroopa Parlamendi ja nõukogu direktiiv 2009/12/EÜ, 11. märts 2009 , lennujaamatasude kohta (EMPs kohaldatav tekst)",Directive,2009-03-11,true,CouncilOfEU,http://data.europa.eu/eli/dir/2009/12/oj,2011-03-15,1,4,estleg:LENN_Map,true,https://eur-lex.europa.eu/legal-content/ET/TXT/?uri=CELEX:32009L0012
estleg:EU_32009L0014,32009L0014,"Euroopa Parlamendi ja nõukogu direktiiv 2009/14/EÜ, 11. märts 2009 , millega muudetakse direktiivi 94/19/EÜ hoiuste tagamise skeemide kohta seoses hoiuste tagamise ulatuse ja hüvitamise tähtajaga (EMPs kohaldatav tekst)",Directive,2009-03-11,false,CouncilOfEU,http://data.europa.eu/eli/dir/2009/14/oj,2010-12-31,1,6,estleg:TFS_Map,true,https://eur-lex.europa.eu/legal-content/ET/TXT/?uri=CELEX:32009L0014
estleg:EU_32009L0015,32009L0015,"Euroopa Parlamendi ja nõukogu direktiiv 2009/15/EÜ, 23. aprill 2009 , laevade kontrollimise ja ülevaatusega tegelevate organisatsioonide ja veeteede ametite vastavat tegevust käsitlevate ühiste eeskirjade ja standardite kohta (uuesti sõnastatud) (EMPs kohaldatav tekst)",Directive,2009-04-23,true,CouncilOfEU,http://data.europa.eu/eli/dir/2009/15/oj,2011-06-17,2,8,estleg:MSOS_Map;estleg:Reg_1001348_Map,true,https://eur-lex.europa.eu/legal-content/ET/TXT/?uri=CELEX:32009L0015
estleg:EU_32009L0016,32009L0016,"Euroopa Parlamendi ja nõukogu direktiiv 2009/16/EÜ, 23. aprill 2009 , mis käsitleb sadamariigi kontrolli (uuesti sõnastatud) (EMPs kohaldatav tekst)",Directive,2009-04-23,true,CouncilOfEU,http://data.europa.eu/eli/dir/2009/16/oj,2010-12-31,2,7,estleg:MSOS_Map;estleg:Sadamaseadus_Map,true,https://eur-lex.europa.eu/legal-content/ET/TXT/?uri=CELEX:32009L0016
estleg:EU_32009L0018,32009L0018,"Euroopa Parlamendi ja nõukogu direktiiv 2009/18/EÜ, 23. aprill 2009 , millega kehtestatakse meretranspordi sektoris toimunud õnnetusjuhtumite juurdluse põhimõtted ning muudetakse nõukogu direktiivi 1999/35/EÜ ning Euroopa Parlamendi ja nõukogu direktiivi 2002/59/EÜ (EMPs kohaldatav tekst)",Directive,2009-04-23,true,CouncilOfEU,http://data.europa.eu/eli/dir/2009/18/oj,2011-06-17,4,5,estleg:ISIKUA_Map;estleg:LENN_Map;estleg:MSOS_Map;estleg:RAUDTEE_Map,true,https://eur-lex.europa.eu/legal-content/ET/TXT/?uri=CELEX:32009L0018
estleg:EU_32009L0021,32009L0021,"Euroopa Parlamendi ja nõukogu direktiiv 2009/21/EÜ, 23. aprill 2009 , lipuriigi nõuete täitmise kohta (EMPs kohaldatav tekst)",Directive,2009-04-23,true,CouncilOfEU,http://data.europa.eu/eli/dir/2009/21/oj,2011-06-17,1,8,estleg:MSOS_Map,true,https://eur-lex.europa.eu/legal-content/ET/TXT/?uri=CELEX:32009L0021
estleg:EU_32009L0029,32009L0029,"Euroopa Parlamendi ja nõukogu direktiiv 2009/29/EÜ, 23. aprill 2009 , millega muudetakse direktiivi 2003/87/EÜ, et täiustada ja laiendada ühenduse kasvuhoonegaaside saastekvootidega kauplemise süsteemi (EMPs kohaldatav tekst)",Directive,2009-04-23,true,CouncilOfEU,http://data.europa.eu/eli/dir/2009/29/oj,2012-12-31,1,5,estleg:VOKS_Map,true,https://eur-lex.europa.eu/legal-content/ET/TXT/?uri=CELEX:32009L0029
estleg:EU_32009L0044,32009L0044,"Euroopa Parlamendi ja nõukogu direktiiv 2009/44/EÜ, 6. mai 2009 , millega muudetakse direktiivi 98/26/EÜ arvelduse lõplikkuse kohta makse- ja väärtpaberiarveldussüsteemides ja direktiivi 2002/47/EÜ finantstagatiskokkulepete kohta seoses omavahel ühendatud süsteemide ja krediidinõuetega (EMPs kohaldatav tekst)",Directive,2009-05-06,true,CouncilOfEU,http://data.europa.eu/eli/dir/2009/44/oj,2010-12-30,24,8,estleg:AOS_Map;estleg:AOS_Osa1;estleg:AOS_Osa2;estleg:AOS_Osa3;estleg:AOS_Osa4;estleg:AOS_Osa5;estleg:AOS_Osa6;estleg:AOS_Osa7;estleg:AOS_Osa8;estleg:AOSRS_Map;estleg:KINDLU_Map;estleg:KREDII_2_Map;estleg:PankrS_Map;estleg:VPTS_Map;estleg:volaoigusseadus_Map;estleg:volaoigusseadus_Osa10;estleg:volaoigusseadus_Osa1;estleg:volaoigusseadus_Osa2;estleg:volaoigusseadus_Osa3;estleg:volaoigusseadus_Osa4;estleg:volaoigusseadus_Osa5;estleg:volaoigusseadus_Osa7;estleg:volaoigusseadus_Osa8;estleg:volaoigusseadus_Osa9,true,https://eur-lex.europa.eu/legal-content/ET/TXT/?uri=CELEX:32009L0044
estleg:EU_32009L0048,32009L0048,"Euroopa Parlamendi ja nõukogu direktiiv 2009/48/EÜ, 18. juuni 2009 , mänguasjade ohutuse kohta (EMPs kohaldatav tekst)",Directive,2009-06-18,true,CouncilOfEU,http://data.europa.eu/eli/dir/2009/48/oj,2011-01-20,2,5,estleg:Reg_346170_Map;estleg:TNV_Map,true,https://eur-lex.europa.eu/legal-content/ET/TXT/?uri=CELEX:32009L0048
estleg:EU_32009L0052,32009L0052,"Euroopa Parlamendi ja nõukogu direktiiv 2009/52/EÜ, 18. juuni 2009 , millega sätestatakse ebaseaduslikult riigis viibivate kolmandate riikide kodanike tööandjatele kohaldatavate karistuste ja meetmete miinimumnõuded",Directive,2009-06-18,true,CouncilOfEU,http://data.europa.eu/eli/dir/2009/52/oj,2011-07-20,24,8,estleg:Reg_1032308_Map;estleg:haldusmenetluse_seadus_Map;estleg:ITVS_Map;estleg:KARIST_2_Map;estleg:KARIST_2_Osa1;estleg:KARIST_2_Osa2;estleg:Reg_345856_Map;estleg:RVastS_Map;estleg:TsUS_Map;estleg:TsUS_Osa2;estleg:TsUS_Osa4;estleg:TsUS_Osa7;estleg:TOOLEP_Map;estleg:VALISM_Map;estleg:volaoigusseadus_Map;estleg:volaoigusseadus_Osa10;estleg:volaoigusseadus_Osa1;estleg:volaoigusseadus_Osa2;estleg:volaoigusseadus_Osa3;estleg:volaoigusseadus_Osa4;estleg:volaoigusseadus_Osa5;estleg:volaoigusseadus_Osa7;estleg:volaoigusseadus_Osa8;estleg:volaoigusseadus_Osa9,true,https://eur-lex.europa.eu/legal-content/ET/TXT/?uri=CELEX:32009L0052
estleg:EU_32009L0061,32009L0061,"Euroopa Parlamendi ja nõukogu direktiiv 2009/61/EÜ, 13. juuli 2009 , põllu- ja metsamajanduslike ratastraktorite valgustus- ja valgussignaalseadmete paigaldamise kohta (kodifitseeritud versioon) (EMPs kohaldatav tekst)",Directive,2009-07-13,false,CouncilOfEU,http://data.europa.eu/eli/dir/2009/61/oj,1980-04-25,0,5,,,https://eur-lex.europa.eu/legal-content/ET/TXT/?uri=CELEX:32009L0061
estleg:EU_32009L0074,32009L0074,"Komisjoni direktiiv 2009/74/EÜ, 26. juuni 2009 , millega muudetakse nõukogu direktiive 66/401/EMÜ, 66/402/EMÜ, 2002/55/EÜ ja 2002/57/EÜ seoses taimede botaaniliste nimetuste, muude organismide teaduslike nimetuste ja direktiivide 66/401/EMÜ, 66/402/EMÜ ja 2002/57/EÜ teatavate lisadega, pidades silmas teaduse ja tehnika arengut (EMPs kohaldatav tekst)",Directive,2009-06-26,true,EuropeanCommission,http://data.europa.eu/eli/dir/2009/74/oj,2010-06-30,4,12,estleg:Reg_304117_Map;estleg:Reg_302942_Map;estleg:Reg_303777_Map;estleg:Reg_303781_Map,true,https://eur-lex.europa.eu/legal-content/ET/TXT/?uri=CELEX:32009L0074
estleg:EU_32009L0081,32009L0081,"Euroopa Parlamendi ja nõukogu direktiiv 2009/81/EÜ, 13. juuli 2009 , millega kooskõlastatakse teatavate kaitse- ja julgeolekuvaldkonnas ostjate poolt sõlmitavate ehitustööde ning asjade ja teenuste riigihankelepingute sõlmimise kord ja muudetakse direktiive 2004/17/EÜ ja 2004/18/EÜ (EMPs kohaldatav tekst)",Directive,2009-07-13,true,CouncilOfEU,http://data.europa.eu/eli/dir/2009/81/oj,2011-08-21,1,7,estleg:RIIGIH_Map,true,https://eur-lex.europa.eu/legal-content/ET/TXT/?uri=CELEX:32009L0081
estleg:EU_32009L0087,32009L0087,"Komisjoni direktiiv 2009/87/EÜ, 29. juuli 2009 , millega muudetakse Euroopa Parlamendi ja nõukogu direktiivi 98/8/EÜ, et kanda selle I lisasse toimeaine indoksakarb (EMPs kohaldatav tekst)",Directive,2009-07-29,false,EuropeanCommission,http://data.europa.eu/eli/dir/2009/87/oj,2010-02-19,1,6,estleg:BIOTSI_Map,true,https://eur-lex.europa.eu/legal-content/ET/TXT/?uri=CELEX:32009L0087
estleg:EU_32009L0088,32009L0088,"Komisjoni direktiiv 2009/88/EÜ, 30. juuli 2009 , millega muudetakse Euroopa Parlamendi ja nõukogu direktiivi 98/8/EÜ, et kanda selle I lisasse toimeaine tiaklopriid (EMPs kohaldatav tekst)",Directive,2009-07-30,false,EuropeanCommission,http://data.europa.eu/eli/dir/2009/88/oj,2010-02-20,1,8,estleg:BIOTSI_Map,true,https://eur-lex.europa.eu/legal-content/ET/TXT/?uri=CELEX:32009L0088
estleg:EU_32009L0092,32009L0092,"Komisjoni direktiiv 2009/92/EÜ, 31. juuli 2009 , millega muudetakse Euroopa Parlamendi ja nõukogu direktiivi 98/8/EÜ, et kanda selle I lisasse toimeaine bromadioloon (EMPs kohaldatav tekst)",Directive,2009-07-31,false,EuropeanCommission,http://data.europa.eu/eli/dir/2009/92/oj,2010-06-30,1,8,estleg:BIOTSI_Map,true,https://eur-lex.europa.eu/legal-content/ET/TXT/?uri=CELEX:32009L0092
estleg:EU_32009L0096,32009L0096,"Komisjoni direktiiv 2009/96/EÜ, 31. juuli 2009 , millega muudetakse Euroopa Parlamendi ja nõukogu direktiivi 98/8/EÜ, et kanda selle I lisasse toimeaine dinaatriumoktaboraadi tetrahüdraat (EMPs kohaldatav tekst)",Directive,2009-07-31,false,EuropeanCommission,http://data.europa.eu/eli/dir/2009/96/oj,2011-09-01,1,6,estleg:BIOTSI_Map,true,https://eur-lex.europa.eu/legal-content/ET/TXT/?uri=CELEX:32009L0096
estleg:EU_32009L0098,32009L0098,"Komisjoni direktiiv 2009/98/EÜ, 4. august 2009 , millega muudetakse Euroopa Parlamendi ja nõukogu direktiivi 98/8/EÜ, et kanda selle I lisasse toimeaine booroksiid (EMPs kohaldatav tekst)",Directive,2009-08-04,false,EuropeanCommission,http://data.europa.eu/eli/dir/2009/98/oj,2010-08-31,1,9,estleg:BIOTSI_Map,true,https://eur-lex.europa.eu/legal-content/ET/TXT/?uri=CELEX:32009L0098
estleg:EU_32009L0099,32009L0099,"Komisjoni direktiiv 2009/99/EÜ, 4. august 2009 , millega muudetakse Euroopa Parlamendi ja nõukogu direktiivi 98/8/EÜ, et kanda selle I lisasse toimeaine klorofatsinoon (EMPs kohaldatav tekst)",Directive,2009-08-04,false,EuropeanCommission,http://data.europa.eu/eli/dir/2009/99/oj,2010-06-30,1,8,estleg:BIOTSI_Map,true,https://eur-lex.europa.eu/legal-content/ET/TXT/?uri=CELEX:32009L0099
estleg:EU_32009L0110,32009L0110,"Euroopa Parlamendi ja nõukogu direktiiv 2009/110/EÜ, 16. september 2009 , mis käsitleb e-raha asutuste asutamist ja tegevust ning usaldatavusnormatiivide täitmise järelevalvet ning millega muudetakse direktiive 2005/60/EÜ ja 2006/48/EÜ ning tunnistatakse kehtetuks direktiiv 2000/46/EÜ (EMPs kohaldatav tekst)",Directive,2009-09-16,true,CouncilOfEU,http://data.europa.eu/eli/dir/2009/110/oj,2011-04-30,4,9,estleg:FIS_Map;estleg:KREDII_2_Map;estleg:MERA_Map;estleg:RTRT_Map,true,https://eur-lex.europa.eu/legal-content/ET/TXT/?uri=CELEX:32009L0110
estleg:EU_32009L0127,32009L0127,"Euroopa Parlamendi ja nõukogu direktiiv 2009/127/EÜ, 21. oktoober 2009 , millega muudetakse direktiivi 2006/42/EÜ seoses pestitsiididega töötlemise masinatega (EMPs kohaldatav tekst)",Directive,2009-10-21,true,CouncilOfEU,http://data.europa.eu/eli/dir/2009/127/oj,2011-06-15,2,8,estleg:MASINA_Map;estleg:Reg_1002498_Map,true,https://eur-lex.europa.eu/legal-content/ET/TXT/?uri=CELEX:32009L0127
estleg:EU_32009L0128,32009L0128,"Euroopa Parlamendi ja nõukogu direktiiv 2009/128/EÜ, 21. oktoober 2009 , millega kehtestatakse ühenduse tegevusraamistik pestitsiidide säästva kasutamise saavutamiseks (EMPs kohaldatav tekst)",Directive,2009-10-21,true,CouncilOfEU,http://data.europa.eu/eli/dir/2009/128/oj,2011-12-14,1,8,estleg:TaimKS_Map,true,https://eur-lex.europa.eu/legal-content/ET/TXT/?uri=CELEX:32009L0128
estleg:EU_32009L0136,32009L0136,"Euroopa Parlamendi ja nõukogu direktiiv 2009/136/EÜ, 25. november 2009 , millega muudetakse direktiivi 2002/22/EÜ universaalteenuse ning kasutajate õiguste kohta elektrooniliste sidevõrkude ja -teenuste puhul, direktiivi 2002/58/EÜ, milles käsitletakse isikuandmete töötlemist ja eraelu puutumatuse kaitset elektroonilise side sektoris, ning määrust (EÜ) nr 2006/2004 tarbijakaitseseaduse jõustamise eest vastutavate siseriiklike asutuste vahelise koostöö kohta (EMPs kohaldatav tekst)",Directive,2009-11-25,true,CouncilOfEU,http://data.europa.eu/eli/dir/2009/136/oj,2011-05-25,2,5,estleg:ESS_Map;estleg:Reg_1001093_Map,true,https://eur-lex.europa.eu/legal-content/ET/TXT/?uri=CELEX:32009L0136
estleg:EU_32009L0141,32009L0141,"Komisjoni direktiiv 2009/141/EÜ, 23. november 2009 , millega muudetakse Euroopa Parlamendi ja nõukogu direktiivi 2002/32/EÜ I lisa seoses arseeni, teobromiini, Datura sp., Ricinus communis L., Croton tiglium L. ja Abrus precatorius L. piirnormidega (EMPs kohaldatav tekst)",Directive,2009-11-23,true,EuropeanCommission,http://data.europa.eu/eli/dir/2009/141/oj,2010-07-01,1,7,estleg:Reg_312559_Map,true,https://eur-lex.europa.eu/legal-content/ET/TXT/?uri=CELEX:32009L0141
estleg:EU_32009L0143,32009L0143,"Nõukogu direktiiv 2009/143/EÜ, 26. november 2009 , millega muudetakse direktiivi 2000/29/EÜ seoses laboratoorsete uuringutega seotud ülesannete delegeerimisega",Directive,2009-11-26,false,CouncilOfEU,http://data.europa.eu/eli/dir/2009/143/oj,2011-01-01,1,7,estleg:TaimKS_Map,true,https://eur-lex.europa.eu/legal-content/ET/TXT/?uri=CELEX:32009L0143
estleg:EU_32009L0145,32009L0145,"Komisjoni direktiiv 2009/145/EÜ, 26. november 2009 , millega sätestatakse teatavad erandid traditsiooniliselt teatavates paikkondades ja piirkondades kasvatatud ja geneetilisest erosioonist ohustatud köögivilja rahvaselektsioonsortide ja -sortide ning selliste köögiviljasortide heakskiitmiseks, millel ei ole põllukultuuride tööstusliku tootmise puhul tegelikku väärtust, kuid mis on aretatud eritingimustes kasvamiseks, ning kõnealuste rahvaselektsioonsortide ja sortide seemnete turustamiseks (EMP",Directive,2009-11-26,true,EuropeanCommission,http://data.europa.eu/eli/dir/2009/145/oj,2010-12-31,2,8,estleg:Reg_304117_Map;estleg:TPSKS_Map,true,https://eur-lex.europa.eu/legal-content/ET/TXT/?uri=CELEX:32009L0145
estleg:EU_32009L0156,32009L0156,"Nõukogu direktiiv 2009/156/EÜ, 30. november 2009 , hobuslaste liikumist ja kolmandatest riikidest importimist reguleerivate loomatervishoiunõuete kohta (kodifitseeritud versioon) (EMPs kohaldatav tekst)",Directive,2009-11-30,false,CouncilOfEU,http://data.europa.eu/eli/dir/2009/156/oj,,0,7,,,https://eur-lex.europa.eu/legal-content/ET/TXT/?uri=CELEX:32009L0156
estleg:EU_32009R0497,32009R0497,"Komisjoni määrus (EÜ) nr 497/2009, 12. juuni 2009 , millega kehtestatakse kindlad impordiväärtused, et määrata kindlaks teatava puu- ja köögivilja hind piiril",Regulation,2009-06-12,,EuropeanCommission,http://data.europa.eu/eli/reg/2009/497/oj,,0,5,,,https://eur-lex.europa.eu/legal-content/ET/TXT/?uri=CELEX:32009R0497
estleg:EU_32009R0522,32009R0522,"Komisjoni määrus (EÜ) nr 522/2009, 18. juuni 2009 , millega kehtestatakse kindlad impordiväärtused, et määrata kindlaks teatava puu- ja köögivilja hind piiril",Regulation,2009-06-18,,EuropeanCommission,http://data.europa.eu/eli/reg/2009/522/oj,,0,5,,,https://eur-lex.europa.eu/legal-content/ET/TXT/?uri=CELEX:32009R0522
estleg:EU_32009R1207,32009R1207,"Komisjoni määrus (EL) nr 1207/2009, 10. detsember 2009 , millega kinnitatakse kodulinnuliha- ja munasektorite ning ovoalbumiini tüüpilised hinnad ning muudetakse määrust (EÜ) nr 1484/95",Regulation,2009-12-10,,EuropeanCommission,http://data.europa.eu/eli/reg/2009/1207/oj,,0,5,,,https://eur-lex.europa.eu/legal-content/ET/TXT/?uri=CELEX:32009R1207
estleg:EU_32010D0138,32010D0138,"2010/138/EL, Euratom: Komisjoni otsus, 24. veebruar 2010 , millega muudetakse komisjoni kodukorda",Decision,2010-02-24,true,EuropeanCommission,http://data.europa.eu/eli/dec/2010/138(1)/oj,,0,3,,,https://eur-lex.europa.eu/legal-content/ET/TXT/?uri=CELEX:32010D0138
estleg:EU_32010D0708,32010D0708,"2010/708/EL: Nõukogu otsus, 22. november 2010 , Regioonide Komitee ühe Austria liikme ja kahe Austria asendusliikme ametisse nimetamise kohta",Decision,2010-11-22,false,CouncilOfEU,http://data.europa.eu/eli/dec/2010/708/oj,,0,3,,,https://eur-lex.europa.eu/legal-content/ET/TXT/?uri=CELEX:32010D0708
estleg:EU_32010L0005,32010L0005,"Komisjoni direktiiv 2010/5/EL, 8. veebruar 2010 , millega muudetakse Euroopa Parlamendi ja nõukogu direktiivi 98/8/EÜ, et kanda toimeaine akroleiin selle I lisasse (EMPs kohaldatav tekst)",Directive,2010-02-08,false,EuropeanCommission,http://data.europa.eu/eli/dir/2010/5/oj,2010-08-31,1,6,estleg:BIOTSI_Map,true,https://eur-lex.europa.eu/legal-content/ET/TXT/?uri=CELEX:32010L0005
estleg:EU_32010L0007,32010L0007,"Komisjoni direktiiv 2010/7/EL, 9. veebruar 2010 , millega muudetakse Euroopa Parlamendi ja nõukogu direktiivi 98/8/EÜ, et kanda toimeaine fosfiini eraldav magneesiumfosfiid selle I lisasse (EMPs kohaldatav tekst)",Directive,2010-02-09,false,EuropeanCommission,http://data.europa.eu/eli/dir/2010/7/oj,2011-01-31,1,7,estleg:BIOTSI_Map,true,https://eur-lex.europa.eu/legal-content/ET/TXT/?uri=CELEX:32010L0007
estleg:EU_32010L0009,32010L0009,"Komisjoni direktiiv 2010/9/EL, 9. veebruar 2010 , millega muudetakse Euroopa Parlamendi ja nõukogu direktiivi 98/8/EÜ ja kantakse kõnealuse direktiivi I lisasse toimeaine fosfiini eraldav alumiiniumfosfiid, nii et see kuuluks kõnealuse direktiivi V lisas määratletud tooteliiki 18 (EMPs kohaldatav tekst)",Directive,2010-02-09,false,EuropeanCommission,http://data.europa.eu/eli/dir/2010/9/oj,2011-01-31,1,7,estleg:BIOTSI_Map,true,https://eur-lex.europa.eu/legal-content/ET/TXT/?uri=CELEX:32010L0009
estleg:EU_32010L0011,32010L0011,"Komisjoni direktiiv 2010/11/EL, 9. veebruar 2010 , millega muudetakse Euroopa Parlamendi ja nõukogu direktiivi 98/8/EÜ, et kanda toimeaine varfariin selle I lisasse (EMPs kohaldatav tekst)",Directive,2010-02-09,false,EuropeanCommission,http://data.europa.eu/eli/dir/2010/11/oj,2011-01-31,1,7,estleg:BIOTSI_Map,true,https://eur-lex.europa.eu/legal-content/ET/TXT/?uri=CELEX:32010L0011
estleg:EU_32010L0013,32010L0013,"Euroopa Parlamendi ja nõukogu direktiiv 2010/13/EL, 10. märts 2010 , audiovisuaalmeedia teenuste osutamist käsitlevate liikmesriikide teatavate õigus- ja haldusnormide koordineerimise kohta (audiovisuaalmeedia teenuste direktiiv) (kodifitseeritud versioon) (EMPs kohaldatav tekst)",Directive,2010-03-10,true,CouncilOfEU,http://data.europa.eu/eli/dir/2010/13/oj,,1,9,estleg:MEEDIA_Map,true,https://eur-lex.europa.eu/legal-content/ET/TXT/?uri=CELEX:32010L0013
estleg:EU_32010L0022,32010L0022,"Komisjoni direktiiv 2010/22/EL, 15. märts 2010 , millega muudetakse tehnika arenguga kohandamise eesmärgil nõukogu direktiive 80/720/EMÜ, 86/298/EMÜ, 86/415/EMÜ ja 87/402/EMÜ ning Euroopa Parlamendi ja nõukogu direktiive 2000/25/EÜ ja 2003/37/EÜ seoses põllu- või metsamajanduslike traktorite tüübikinnitusega (EMPs kohaldatav tekst)",Directive,2010-03-15,false,EuropeanCommission,http://data.europa.eu/eli/dir/2010/22/oj,2011-04-30,1,7,estleg:Reg_1000261_Map,true,https://eur-lex.europa.eu/legal-content/ET/TXT/?uri=CELEX:32010L0022
estleg:EU_32010L0024,32010L0024,"Nõukogu direktiiv 2010/24/EL, 16. märts 2010 , vastastikuse abi kohta maksude, maksete ja teiste meetmetega seotud nõuete sissenõudmisel",Directive,2010-03-16,true,CouncilOfEU,http://data.europa.eu/eli/dir/2010/24/oj,2011-12-31,1,6,estleg:MKS_Map,true,https://eur-lex.europa.eu/legal-content/ET/TXT/?uri=CELEX:32010L0024
estleg:EU_32010L0036,32010L0036,"Komisjoni direktiiv 2010/36/EL, 1. juuni 2010 , millega muudetakse Euroopa Parlamendi ja nõukogu direktiivi 2009/45/EÜ reisilaevade ohutuseeskirjade ja -nõuete kohta  (EMPs kohaldatav tekst)",Directive,2010-06-01,true,EuropeanCommission,http://data.europa.eu/eli/dir/2010/36/oj,2011-06-28,1,5,estleg:MSOS_Map,true,https://eur-lex.europa.eu/legal-content/ET/TXT/?uri=CELEX:32010L0036
estleg:EU_32010L0050,32010L0050,"Komisjoni direktiiv 2010/50/EL, 10. august 2010 , millega muudetakse Euroopa Parlamendi ja nõukogu direktiivi 98/8/EÜ, et kanda toimeaine dasomet kõnealuse direktiivi I lisasse  EMPs kohaldatav tekst",Directive,2010-08-10,false,EuropeanCommission,http://data.europa.eu/eli/dir/2010/50/oj,2011-07-31,1,6,estleg:BIOTSI_Map,true,https://eur-lex.europa.eu/legal-content/ET/TXT/?uri=CELEX:32010L0050
estleg:EU_32010L0071,32010L0071,"Komisjoni direktiiv 2010/71/EL, 4. november 2010 , millega muudetakse Euroopa Parlamendi ja nõukogu direktiivi 98/8/EÜ, et kanda toimeaine metoflutriin selle I lisasse  EMPs kohaldatav tekst",Directive,2010-11-04,false,EuropeanCommission,http://data.europa.eu/eli/dir/2010/71/oj,2011-04-30,1,7,estleg:BIOTSI_Map,true,https://eur-lex.europa.eu/legal-content/ET/TXT/?uri=CELEX:32010L0071
estleg:EU_32010L0074,32010L0074,"Komisjoni direktiiv 2010/74/EL, 9. november 2010 , millega muudetakse Euroopa Parlamendi ja nõukogu direktiivi 98/8/EÜ, et laiendada toimeaine süsinikdioksiidi kandmist direktiivi I lisasse tooteliigile 18  EMPs kohaldatav tekst",Directive,2010-11-09,false,EuropeanCommission,http://data.europa.eu/eli/dir/2010/74/oj,2011-10-31,1,6,estleg:BIOTSI_Map,true,https://eur-lex.europa.eu/legal-content/ET/TXT/?uri=CELEX:32010L0074
estleg:EU_32010L0075,32010L0075,"Euroopa Parlamendi ja nõukogu direktiiv 2010/75/EL, 24. november 2010 , tööstusheidete kohta (saastuse kompleksne vältimine ja kontroll) (uuesti sõnastatud) (EMPs kohaldatav tekst)",Directive,2010-11-24,true,CouncilOfEU,http://data.europa.eu/eli/dir/2010/75/oj,2013-01-07,1,6,estleg:THS_Map,true,https://eur-lex.europa.eu/legal-content/ET/TXT/?uri=CELEX:32010L0075
estleg:EU_32010R0698,32010R0698,"Komisjoni määrus (EL) nr 698/2010, 4. august 2010 , millega registreeritakse kaitstud päritolunimetuste ja kaitstud geograafiliste tähiste registris nimetus [ „Mâconnais” (KPN)]",Regulation,2010-08-04,true,EuropeanCommission,http://data.europa.eu/eli/reg/2010/698/oj,,0,5,,,https://eur-lex.europa.eu/legal-content/ET/TXT/?uri=CELEX:32010R0698
estleg:EU_32010R0739,32010R0739,"Komisjoni määrus (EL) nr 739/2010, 16. august 2010 , millega kehtestatakse kindlad impordiväärtused, et määrata kindlaks teatava puu- ja köögivilja hind piiril",Regulation,2010-08-16,,EuropeanCommission,http://data.europa.eu/eli/reg/2010/739/oj,,0,7,,,https://eur-lex.europa.eu/legal-content/ET/TXT/?uri=CELEX:32010R0739
estleg:EU_32010R1166,32010R1166,"Komisjoni määrus (EL) nr 1166/2010, 9. detsember 2010 , millega kiidetakse heaks olulised muudatused kaitstud päritolunimetuste ja kaitstud geograafiliste tähiste registrisse kantud nimetuse spetsifikaadis [ „Agnello di Sardegna” (KGT)]",Regulation,2010-12-09,true,EuropeanCommission,http://data.europa.eu/eli/reg/2010/1166/oj,,0,8,,,https://eur-lex.europa.eu/legal-content/ET/TXT/?uri=CELEX:32010R1166
estleg:EU_32011D0372,32011D0372,"2011/372/EL: Komisjoni rakendusotsus, 24. juuni 2011 , millega nafta ja maagaasi leiukohtade uurimine ning nafta kasutamine Itaalias vabastatakse Euroopa Parlamendi ja nõukogu direktiivi 2004/17/EÜ (millega kooskõlastatakse vee-, energeetika-, transpordi- ja postiteenuste sektoris tegutsevate ostjate hankemenetlused) kohaldamisest (teatavaks tehtud numbri K(2011) 4253 all)  EMPs kohaldatav tekst",Decision,2011-06-24,true,EuropeanCommission,http://data.europa.eu/eli/dec_impl/2011/372/oj,,0,6,,,https://eur-lex.europa.eu/legal-content/ET/TXT/?uri=CELEX:32011D0372
estleg:EU_32011D0374,32011D0374,"2011/374/Euratom: Nõukogu otsus, 17. juuni 2011 , ühisettevõttele Hochtemperatur-Kernkraftwerk GmbH (HKG) antud eeliste pikendamise kohta",Decision,2011-06-17,true,CouncilOfEU,http://data.europa.eu/eli/dec/2011/374/oj,,0,5,,,https://eur-lex.europa.eu/legal-content/ET/TXT/?uri=CELEX:32011D0374
estleg:EU_32011D0474,32011D0474,"2011/474/EL: Nõukogu otsus, 12. juuli 2011 , uue protokolli (millega määratakse kindlaks Euroopa Ühenduse ja Seišelli Vabariigi vahelises kalandusalases partnerluslepingus sätestatud kalapüügivõimalused ja rahaline toetus) sõlmimise kohta",Decision,2011-07-12,true,CouncilOfEU,http://data.europa.eu/eli/dec/2011/474/oj,,0,5,,,https://eur-lex.europa.eu/legal-content/ET/TXT/?uri=CELEX:32011D0474
estleg:EU_32011L0011,32011L0011,"Komisjoni direktiiv 2011/11/EL, 8. veebruar 2011 , millega muudetakse Euroopa Parlamendi ja nõukogu direktiivi 98/8/EÜ, et kanda toimeaine (Z,E)-tetradeka-9,12-dienüülatsetaat selle I lisasse  EMPs kohaldatav tekst",Directive,2011-02-08,false,EuropeanCommission,http://data.europa.eu/eli/dir/2011/11/oj,2012-01-31,1,8,estleg:BIOTSI_Map,true,https://eur-lex.europa.eu/legal-content/ET/TXT/?uri=CELEX:32011L0011
estleg:EU_32011L0012,32011L0012,"Komisjoni direktiiv 2011/12/EL, 8. veebruar 2011 , millega muudetakse Euroopa Parlamendi ja nõukogu direktiivi 98/8/EÜ, et kanda toimeaine fenoksükarb selle I lisasse  EMPs kohaldatav tekst",Directive,2011-02-08,false,EuropeanCommission,http://data.europa.eu/eli/dir/2011/12/oj,2012-01-31,1,8,estleg:BIOTSI_Map,true,https://eur-lex.europa.eu/legal-content/ET/TXT/?uri=CELEX:32011L0012
estleg:EU_32011L0013,32011L0013,"Komisjoni direktiiv 2011/13/EL, 8. veebruar 2011 , millega muudetakse Euroopa Parlamendi ja nõukogu direktiivi 98/8/EÜ, et kanda toimeaine nonaanhape selle I lisasse  EMPs kohaldatav tekst",Directive,2011-02-08,false,EuropeanCommission,http://data.europa.eu/eli/dir/2011/13/oj,2012-01-31,1,8,estleg:BIOTSI_Map,true,https://eur-lex.europa.eu/legal-content/ET/TXT/?uri=CELEX:32011L0013
estleg:EU_32011L0037,32011L0037,"Komisjoni direktiiv 2011/37/EL, 30. märts 2011 , millega muudetakse Euroopa Parlamendi ja nõukogu direktiivi 2000/53/EÜ (kasutuselt kõrvaldatud sõidukite kohta) II lisa  EMPs kohaldatav tekst",Directive,2011-03-30,true,EuropeanCommission,http://data.europa.eu/eli/dir/2011/37/oj,2011-12-31,1,10,estleg:Reg_1036384_Map,true,https://eur-lex.europa.eu/legal-content/ET/TXT/?uri=CELEX:32011L0037
estleg:EU_32011L0066,32011L0066,"Komisjoni direktiiv 2011/66/EL, 1. juuli 2011 , millega muudetakse Euroopa Parlamendi ja nõukogu direktiivi 98/8/EÜ, et kanda selle I lisasse toimeaine 4,5-dikloro-2-oktüül-2H-isotiasool-3-oon  EMPs kohaldatav tekst",Directive,2011-07-01,false,EuropeanCommission,http://data.europa.eu/eli/dir/2011/66/oj,2012-06-30,1,7,estleg:BIOTSI_Map,true,https://eur-lex.europa.eu/legal-content/ET/TXT/?uri=CELEX:32011L0066
estleg:EU_32011L0068,32011L0068,"Komisjoni rakendusdirektiiv 2011/68/EL, 1. juuli 2011 , millega muudetakse direktiive 2003/90/EÜ ja 2003/91/EÜ (millega kehtestatakse rakendusmeetmed nõukogu direktiivide 2002/53/EÜ ja 2002/55/EÜ artikli 7 kohaldamiseks) seoses põllumajandustaimeliikide ja köögiviljaliikide teatavate sortide kontrollimisel minimaalselt hõlmatavate tunnuste ja kontrollimise miinimumtingimustega  EMPs kohaldatav tekst",Directive,2011-07-01,true,EuropeanCommission,http://data.europa.eu/eli/dir_impl/2011/68/oj,2011-12-31,1,5,estleg:Reg_302942_Map,true,https://eur-lex.europa.eu/legal-content/ET/TXT/?uri=CELEX:32011L0068
estleg:EU_32011L0069,32011L0069,"Komisjoni direktiiv 2011/69/EL, 1. juuli 2011 , millega muudetakse Euroopa Parlamendi ja nõukogu direktiivi 98/8/EÜ, et kanda selle I lisasse toimeaine imidaklopriid  EMPs kohaldatav tekst",Directive,2011-07-01,false,EuropeanCommission,http://data.europa.eu/eli/dir/2011/69/oj,2012-06-30,1,5,estleg:BIOTSI_Map,true,https://eur-lex.europa.eu/legal-content/ET/TXT/?uri=CELEX:32011L0069
estleg:EU_32011L0071,32011L0071,"Komisjoni direktiiv 2011/71/EL, 26. juuli 2011 , millega muudetakse Euroopa Parlamendi ja nõukogu direktiivi 98/8/EÜ, et kanda selle I lisasse toimeaine kreosoot  EMPs kohaldatav tekst",Directive,2011-07-26,false,EuropeanCommission,http://data.europa.eu/eli/dir/2011/71/oj,2012-04-30,1,10,estleg:BIOTSI_Map,true,https://eur-lex.europa.eu/legal-content/ET/TXT/?uri=CELEX:32011L0071
estleg:EU_32011L0079,32011L0079,"Komisjoni direktiiv 2011/79/EL, 20. september 2011 , millega muudetakse Euroopa Parlamendi ja nõukogu direktiivi 98/8/EÜ, et kanda toimeaine fiproniil selle I lisasse  EMPs kohaldatav tekst",Directive,2011-09-20,false,EuropeanCommission,http://data.europa.eu/eli/dir/2011/79/oj,2012-09-30,1,6,estleg:BIOTSI_Map,true,https://eur-lex.europa.eu/legal-content/ET/TXT/?uri=CELEX:32011L0079
estleg:EU_32011L0080,32011L0080,"Komisjoni direktiiv 2011/80/EL, 20. september 2011 , millega muudetakse Euroopa Parlamendi ja nõukogu direktiivi 98/8/EÜ, et kanda toimeaine lambda-tsühalotriin selle I lisasse  EMPs kohaldatav tekst",Directive,2011-09-20,false,EuropeanCommission,http://data.europa.eu/eli/dir/2011/80/oj,2012-09-30,1,7,estleg:BIOTSI_Map,true,https://eur-lex.europa.eu/legal-content/ET/TXT/?uri=CELEX:32011L0080
estleg:EU_32011L0081,32011L0081,"Komisjoni direktiiv 2011/81/EL, 20. september 2011 , millega muudetakse Euroopa Parlamendi ja nõukogu direktiivi 98/8/EÜ, et kanda toimeaine deltametriin selle I lisasse  EMPs kohaldatav tekst",Directive,2011-09-20,false,EuropeanCommission,http://data.europa.eu/eli/dir/2011/81/oj,2012-09-30,1,6,estleg:BIOTSI_Map,true,https://eur-lex.europa.eu/legal-content/ET/TXT/?uri=CELEX:32011L0081
estleg:EU_32011R0170,32011R0170,"Komisjoni määrus (EL) nr 170/2011, 23. veebruar 2011 , milles käsitletakse Saccharomyces cerevisiae MUCL 39885 lubamist (võõrutatud) põrsaste söödalisandina ning millega muudetakse määrust (EÜ) nr 1200/2005 (loa omanik Prosol SpA)  EMPs kohaldatav tekst",Regulation,2011-02-23,false,EuropeanCommission,http://data.europa.eu/eli/reg/2011/170/oj,,0,7,,,https://eur-lex.europa.eu/legal-content/ET/TXT/?uri=CELEX:32011R0170
estleg:EU_32011R0521,32011R0521,"Komisjoni rakendusmäärus (EL) nr 521/2011, 26. mai 2011 , millega muudetakse määrust (EÜ) nr 620/2009, milles sätestatakse kõrgekvaliteedilise veiseliha imporditariifikvootide haldamine",Regulation,2011-05-26,false,EuropeanCommission,http://data.europa.eu/eli/reg_impl/2011/521/oj,,0,5,,,https://eur-lex.europa.eu/legal-content/ET/TXT/?uri=CELEX:32011R0521
estleg:EU_32011R1010,32011R1010,"Komisjoni rakendusmäärus (EL) nr 1010/2011, 12. oktoober 2011 , millega määratakse kindlaks ekspordilitsentside väljaandmise heakskiiduprotsent, lükatakse tagasi ekspordilitsentsitaotlused ja peatatakse ekspordilitsentsitaotluste esitamine kvoodivälise suhkru ja isoglükoosi",Regulation,2011-10-12,,EuropeanCommission,http://data.europa.eu/eli/reg_impl/2011/1010/oj,,0,5,,,https://eur-lex.europa.eu/legal-content/ET/TXT/?uri=CELEX:32011R1010
estleg:EU_32011R1213,32011R1213,"Komisjoni rakendusmäärus (EL) nr 1213/2011, 23. november 2011 , millega kehtestatakse kindlad impordiväärtused, et määrata kindlaks teatava puu- ja köögivilja hind piiril",Regulation,2011-11-23,,EuropeanCommission,http://data.europa.eu/eli/reg_impl/2011/1213/oj,,0,6,,,https://eur-lex.europa.eu/legal-content/ET/TXT/?uri=CELEX:32011R1213
estleg:EU_32012D0206,32012D0206,"Nõukogu otsus 2012/206/ÜVJP, 23. aprill 2012 , millega rakendatakse otsust 2011/782/ÜVJP, mis käsitleb Süüria vastu suunatud piiravaid meetmeid",Decision,2012-04-23,false,CouncilOfEU,http://data.europa.eu/eli/dec/2012/206(1)/oj,,0,6,,,https://eur-lex.europa.eu/legal-content/ET/TXT/?uri=CELEX:32012D0206
estleg:EU_32012L0002,32012L0002,"Komisjoni direktiiv 2012/2/EL, 9. veebruar 2012 , millega muudetakse Euroopa Parlamendi ja nõukogu direktiivi 98/8/EÜ, et kanda selle I lisasse toimeained vask(II)oksiid, vask(II)hüdroksiid ja aluseline vaskkarbonaat  EMPs kohaldatav tekst",Directive,2012-02-09,false,EuropeanCommission,http://data.europa.eu/eli/dir/2012/2/oj,2013-01-31,1,6,estleg:BIOTSI_Map,true,https://eur-lex.europa.eu/legal-content/ET/TXT/?uri=CELEX:32012L0002
estleg:EU_32012L0040,32012L0040,"Komisjoni direktiiv 2012/40/EL, 26. november 2012 , millega parandatakse Euroopa Parlamendi ja nõukogu direktiivi 98/8/EÜ (mis käsitleb biotsiidide turuleviimist) I lisa  EMPs kohaldatav tekst",Directive,2012-11-26,false,EuropeanCommission,http://data.europa.eu/eli/dir/2012/40/oj,2013-03-31,1,5,estleg:BIOTSI_Map,true,https://eur-lex.europa.eu/legal-content/ET/TXT/?uri=CELEX:32012L0040
estleg:EU_32012L0041,32012L0041,"Komisjoni direktiiv 2012/41/EL, 26. november 2012 , millega muudetakse Euroopa Parlamendi ja nõukogu direktiivi 98/8/EÜ, et täiendada toimeainet nonaanhape käsitlevat kannet direktiivi I lisas nii, et see hõlmaks ka tooteliiki 2  EMPs kohaldatav tekst",Directive,2012-11-26,false,EuropeanCommission,http://data.europa.eu/eli/dir/2012/41/oj,2013-09-30,1,7,estleg:BIOTSI_Map,true,https://eur-lex.europa.eu/legal-content/ET/TXT/?uri=CELEX:32012L0041
estleg:EU_32012R0098,32012R0098,"Komisjoni rakendusmäärus (EL) nr 98/2012, 7. veebruar 2012 , mis käsitleb luba Pichia pastoris’ e (DSM 23036) abil saadud 6-fütaasi (EC 3.1.3.26) kasutamiseks broilerkanade, broilerkalkunite, munakanatibude, aretuskalkunite, munakanade, muud liiki nuumlindude ja munalindude, võõrutatud põrsaste, nuumsigade ja emiste söödalisandina (loa omanik Huvepharma AD)  EMPs kohaldatav tekst",Regulation,2012-02-07,false,EuropeanCommission,http://data.europa.eu/eli/reg_impl/2012/98/oj,,0,5,,,https://eur-lex.europa.eu/legal-content/ET/TXT/?uri=CELEX:32012R0098
estleg:EU_32012R0539,32012R0539,"Komisjoni rakendusmäärus (EL) nr 539/2012, 22. juuni 2012 , millega määratakse kindlaks rakendusmäärusega (EL) nr 430/2012 avatud pakkumismenetluse raames antava oliiviõli eraladustusabi ülemmäär",Regulation,2012-06-22,,EuropeanCommission,http://data.europa.eu/eli/reg_impl/2012/539/oj,,0,5,,,https://eur-lex.europa.eu/legal-content/ET/TXT/?uri=CELEX:32012R0539
estleg:EU_32012R1190,32012R1190,"Komisjoni määrus (EL) nr 1190/2012, 12. detsember 2012 , Euroopa Liidu eesmärgi kohta Salmonella Enteritidis'e ja Salmonella Typhimurium'i vähendamiseks kalkunikarjades vastavalt Euroopa Parlamendi ja nõukogu määrusele (EÜ) nr 2160/2003 EMPs kohaldatav tekst",Regulation,2012-12-12,true,EuropeanCommission,http://data.europa.eu/eli/reg/2012/1190/oj,,0,4,,,https://eur-lex.europa.eu/legal-content/ET/TXT/?uri=CELEX:32012R1190
estleg:EU_32013L0004,32013L0004,"Komisjoni direktiiv 2013/4/EL, 14. veebruar 2013 , millega muudetakse Euroopa Parlamendi ja nõukogu direktiivi 98/8/EÜ, et kanda selle I lisasse toimeaine didetsüüldimetüülammooniumkloriid  EMPs kohaldatav tekst",Directive,2013-02-14,false,EuropeanCommission,http://data.europa.eu/eli/dir/2013/4/oj,2014-01-31,1,5,estleg:BIOTSI_Map,true,https://eur-lex.europa.eu/legal-content/ET/TXT/?uri=CELEX:32013L0004
estleg:EU_32013L0005,32013L0005,"Komisjoni direktiiv 2013/5/EL, 14. veebruar 2013 , millega muudetakse Euroopa Parlamendi ja nõukogu direktiivi 98/8/EÜ, et kanda selle I lisasse toimeaine püriproksüfeen  EMPs kohaldatav tekst",Directive,2013-02-14,false,EuropeanCommission,http://data.europa.eu/eli/dir/2013/5/oj,2014-01-31,1,5,estleg:BIOTSI_Map,true,https://eur-lex.europa.eu/legal-content/ET/TXT/?uri=CELEX:32013L0005
estleg:EU_32013L0019,32013L0019,"Nõukogu direktiiv 2013/19/EL, 13. mai 2013 , millega kohandatakse direktiivi 94/80/EÜ (millega sätestatakse üksikasjalik kord, mille alusel liikmesriigis elavad, kuid selle riigi kodakondsuseta liidu kodanikud saavad kasutada õigust hääletada ja kandideerida liikmesriigi kohalikel valimistel) seoses Horvaatia Vabariigi ühinemisega",Directive,2013-05-13,true,CouncilOfEU,http://data.europa.eu/eli/dir/2013/19/oj,2013-07-01,1,7,estleg:KOVVS_Map,true,https://eur-lex.europa.eu/legal-content/ET/TXT/?uri=CELEX:32013L0019
estleg:EU_32013L0023,32013L0023,"Nõukogu direktiiv 2013/23/EL, 13. mai 2013 , millega kohandatakse teatavaid direktiive finantsteenuste valdkonnas seoses Horvaatia Vabariigi ühinemisega",Directive,2013-05-13,true,CouncilOfEU,http://data.europa.eu/eli/dir/2013/23/oj,2013-07-01,1,5,estleg:KREDII_2_Map,true,https://eur-lex.europa.eu/legal-content/ET/TXT/?uri=CELEX:32013L0023
estleg:EU_32013L0041,32013L0041,"Komisjoni direktiiv 2013/41/EL, 18. juuli 2013 , millega muudetakse Euroopa Parlamendi ja nõukogu direktiivi 98/8/EÜ, et kanda toimeaine 1 R - trans -fenotriin selle I lisasse  EMPs kohaldatav tekst",Directive,2013-07-18,false,EuropeanCommission,http://data.europa.eu/eli/dir/2013/41/oj,2014-08-31,1,4,estleg:BIOTSI_Map,true,https://eur-lex.europa.eu/legal-content/ET/TXT/?uri=CELEX:32013L0041
estleg:EU_32013L0044,32013L0044,"Komisjoni direktiiv 2013/44/EL, 30. juuli 2013 , millega muudetakse Euroopa Parlamendi ja nõukogu direktiivi 98/8/EÜ, et kanda selle I ja IA lisasse toimeaine maisitõlvikupulber  EMPs kohaldatav tekst",Directive,2013-07-30,false,EuropeanCommission,http://data.europa.eu/eli/dir/2013/44/oj,2014-01-31,1,7,estleg:BIOTSI_Map,true,https://eur-lex.europa.eu/legal-content/ET/TXT/?uri=CELEX:32013L0044
estleg:EU_32013R0703,32013R0703,"Komisjoni rakendusmäärus (EL) nr 703/2013, 23. juuli 2013 , millega kehtestatakse kindlad impordiväärtused, et määrata kindlaks teatava puu- ja köögivilja hind piiril",Regulation,2013-07-23,,EuropeanCommission,http://data.europa.eu/eli/reg_impl/2013/703/oj,,0,8,,,https://eur-lex.europa.eu/legal-content/ET/TXT/?uri=CELEX:32013R0703
estleg:EU_32013R0795,32013R0795,"Komisjoni rakendusmäärus (EL) nr 795/2013, 21. august 2013 , koliinkloriidi lubamise kohta kõikide loomaliikide söödalisandina  EMPs kohaldatav tekst",Regulation,2013-08-21,false,EuropeanCommission,http://data.europa.eu/eli/reg_impl/2013/795/oj,,0,4,,,https://eur-lex.europa.eu/legal-content/ET/TXT/?uri=CELEX:32013R0795
estleg:EU_32013R0801,32013R0801,"Komisjoni määrus (EL) nr 801/2013, 22. august 2013 , millega muudetakse määrust (EÜ) nr 1275/2008 seoses ökodisaini nõuetega elektriliste ja elektrooniliste kodumasinate ja kontoriseadmete elektrienergia tarbimise kohta ooteseisundis ja väljalülitatud seisundis ning millega muudetakse määrust (EÜ) nr 642/2009 televiisorite ökodisaini nõuete osas  EMPs kohaldatav tekst",Regulation,2013-08-22,false,EuropeanCommission,http://data.europa.eu/eli/reg/2013/801/oj,,0,8,,,https://eur-lex.europa.eu/legal-content/ET/TXT/?uri=CELEX:32013R0801
estleg:EU_32013R0811,32013R0811,"Komisjoni delegeeritud määrus (EL) nr 811/2013, 18. veebruar 2013 , millega täiendatakse Euroopa Parlamendi ja nõukogu direktiivi 2010/30/EL seoses kütteseadmete, veesoojendite-kütteseadmete, kütteseadmest, temperatuuriregulaatorist ja päikeseenergiaseadmest koosnevate komplektide ning veesoojendist-kütteseadmest, temperatuuriregulaatorist ja päikeseenergiaseadmest koosnevate komplektide energiamärgistusega  EMPs kohaldatav tekst",Regulation,2013-02-18,true,EuropeanCommission,http://data.europa.eu/eli/reg_del/2013/811/oj,,0,7,,,https://eur-lex.europa.eu/legal-content/ET/TXT/?uri=CELEX:32013R0811
estleg:EU_32013R0971,32013R0971,"Nõukogu määrus (EL) nr 971/2013, 10. oktoober 2013 , millega muudetakse määrust (EL) nr 267/2012, milles käsitletakse Iraani vastu suunatud piiravaid meetmeid",Regulation,2013-10-10,true,CouncilOfEU,http://data.europa.eu/eli/reg/2013/971/oj,,0,3,,,https://eur-lex.europa.eu/legal-content/ET/TXT/?uri=CELEX:32013R0971
estleg:EU_32013R1029,32013R1029,"Komisjoni määrus (EL) nr 1029/2013, 23. oktoober 2013 , millega keelatakse Madalmaade lipu all sõitvatel laevadel euroopa merluusi püük VI ja VII püügipiirkonna vetes, Vb püügipiirkonna ELi ja rahvusvahelistes vetes ning XII ja XIV püügipiirkonna rahvusvahelistes vetes",Regulation,2013-10-23,false,EuropeanCommission,http://data.europa.eu/eli/reg/2013/1029/oj,,0,12,,,https://eur-lex.europa.eu/legal-content/ET/TXT/?uri=CELEX:32013R1029
estleg:EU_32014D0500,32014D0500,"2014/500/ÜVJP: Poliitika- ja julgeolekukomitee otsus Atalanta/4/2014, 24. juuli 2014 , Somaalia ranniku lähedal aset leidvate piraatlusjuhtumite ja relvastatud röövimiste tõkestamiseks, ennetamiseks ja ohjamiseks läbiviidava Euroopa Liidu sõjalise operatsiooni (Atalanta) ELi relvajõudude juhataja nimetamise ning otsuse Atalanta/1/2014 kehtetuks tunnistamise kohta",Decision,2014-07-24,false,CMTPSC,http://data.europa.eu/eli/dec/2014/500/oj,,0,6,,,https://eur-lex.europa.eu/legal-content/ET/TXT/?uri=CELEX:32014D0500
estleg:EU_32014D0714,32014D0714,"2014/714/EL: Komisjoni rakendusotsus, 13. oktoober 2014 , jätta Euroopa Liidu Teatajast välja Euroopa Parlamendi ja nõukogu määruse (EL) nr 1025/2012 alusel esitatud viide ühtlustatud standardile EN 1384:2012 „Ratsutamiskiivrid” (teatavaks tehtud numbri C(2014) 7236 all)",Decision,2014-10-13,true,EuropeanCommission,http://data.europa.eu/eli/dec_impl/2014/714/oj,,0,6,,,https://eur-lex.europa.eu/legal-content/ET/TXT/?uri=CELEX:32014D0714
estleg:EU_32014L0062,32014L0062,"Euroopa Parlamendi ja nõukogu direktiiv 2014/62/EL, 15. mai 2014 , milles käsitletakse euro ja muude vääringute kriminaalõiguslikku kaitset võltsimise vastu ning millega asendatakse nõukogu raamotsus 2000/383/JSK",Directive,2014-05-15,true,CouncilOfEU,http://data.europa.eu/eli/dir/2014/62/oj,2016-05-23,1,5,estleg:KOHTUE_Map,true,https://eur-lex.europa.eu/legal-content/ET/TXT/?uri=CELEX:32014L0062
estleg:EU_32014R0003,32014R0003,"Komisjoni delegeeritud määrus (EL) nr 3/2014, 24. oktoober 2013 , millega täiendatakse Euroopa Parlamendi ja nõukogu määrust (EL) nr 168/2013 kahe- ja kolmerattalistele ning väikestele neljarattalistele sõidukitele tüübikinnituse andmisega seotud kasutusohutusnõuete osas  EMPs kohaldatav tekst",Regulation,2013-10-24,true,EuropeanCommission,http://data.europa.eu/eli/reg_del/2014/3/oj,,0,9,,,https://eur-lex.europa.eu/legal-content/ET/TXT/?uri=CELEX:32014R0003
estleg:EU_32014R0392,32014R0392,"Nõukogu rakendusmäärus (EL) nr 392/2014, 14. aprill 2014, millega lõpetatakse osaline vahepealne läbivaatamine seoses dumpinguvastaste meetmetega, mis kehtivad Ameerika Ühendriikidest pärit biodiislikütuse impordi suhtes ja mida on laiendatud Kanadast lähetatud impordile, olenemata sellest, kas see on deklareeritud Kanadast pärinevana või mitte",Regulation,2014-04-14,true,CouncilOfEU,http://data.europa.eu/eli/reg_impl/2014/392/oj,,0,6,,,https://eur-lex.europa.eu/legal-content/ET/TXT/?uri=CELEX:32014R0392
estleg:EU_32014R0531,32014R0531,"Komisjoni delegeeritud määrus (EL) nr 531/2014, 12. märts 2014 , millega muudetakse Euroopa Parlamendi ja nõukogu määruse (EL) nr 211/2011 (kodanikualgatuse kohta) I lisa",Regulation,2014-03-12,false,EuropeanCommission,http://data.europa.eu/eli/reg_del/2014/531/oj,,0,4,,,https://eur-lex.europa.eu/legal-content/ET/TXT/?uri=CELEX:32014R0531
estleg:EU_32015D031101,32015D0311(01),"Komisjoni otsus, 10. märts 2015 , millega nimetatakse kultuuriväärtuslikud objektid, millele antakse 2014. aastal Euroopa kultuuripärandi märgis",Decision,2015-03-10,true,EuropeanCommission,,,0,4,,,https://eur-lex.europa.eu/legal-content/ET/TXT/?uri=CELEX:32015D0311(01)
estleg:EU_32015R0244,32015R0244,"Komisjoni rakendusmäärus (EL) 2015/244, 16. veebruar 2015 , milles käsitletakse kinoliinkollase lubamist mitte toidu tootmise eesmärgil peetavate loomade söödalisandina  EMPs kohaldatav tekst",Regulation,2015-02-16,true,EuropeanCommission,http://data.europa.eu/eli/reg_impl/2015/244/oj,,0,4,,,https://eur-lex.europa.eu/legal-content/ET/TXT/?uri=CELEX:32015R0244
estleg:EU_32015R0246,32015R0246,"Komisjoni rakendusmäärus (EL) 2015/246, 16. veebruar 2015 , millega kehtestatakse kindlad impordiväärtused, et määrata kindlaks teatava puu- ja köögivilja hind piiril",Regulation,2015-02-16,,EuropeanCommission,http://data.europa.eu/eli/reg_impl/2015/246/oj,,0,7,,,https://eur-lex.europa.eu/legal-content/ET/TXT/?uri=CELEX:32015R0246
estleg:EU_32026R0211,32026R0211,"Euroopa Parlamendi ja nõukogu määrus (EL) 2026/211, 20. jaanuar 2026, millega muudetakse määrust (EL) 2021/1755 seoses Brexitiga kohanemise reservist liikmesriikidele eraldatud summadega",Regulation,2026-01-20,true,CouncilOfEU,http://data.europa.eu/eli/reg/2026/211/oj,,0,10,,,https://eur-lex.europa.eu/legal-content/ET/TXT/?uri=CELEX:32026R0211
