iri,label,type,registrikood,xtee_member_code,same_as,predecessor,successor,replaced_by,valid_from,valid_to,competence_count
estleg:Institution_abiminister,abiminister,minister,,,,,,,,,0
estleg:Institution_andmekaitseinspektsioon,Andmekaitse Inspektsioon,agency,70004235,,http://www.wikidata.org/entity/Q16410295,,,,,,3
estleg:Institution_arendus_ja_haldusamet,Arendus- ja haldusamet,agency,,,,,,,,,0
estleg:Institution_arhitektuuriamet,Arhitektuuriamet,agency,,,,,,,,,3
estleg:Institution_digiminister,digiminister,minister,,,,,,,,,1
estleg:Institution_ehitusamet,ehitusamet,agency,,,,,,,,,0
estleg:Institution_ettevotlusamet,ettevõtlusamet,agency,,,,,,,,,0
estleg:Institution_finantsinspektsioon,Finantsinspektsioon,agency,,,http://www.wikidata.org/entity/Q12362644,,,,,,5
estleg:Institution_haldusamet,haldusamet,agency,,,,,,,,,4
estleg:Institution_halduskohus,halduskohus,court,,,,,,,,,3
estleg:Institution_haridus_ja_kultuuriamet,haridus- ja kultuuriamet,agency,,,,,,,,,2
estleg:Institution_haridus_ja_noorteamet,Haridus- ja Noorteamet,agency,77001292,EE/GOV/77001292,estleg:Institution_harno;http://www.wikidata.org/entity/Q116057137,,,,,,2
estleg:Institution_haridus_ja_teadusministeerium,Haridus- ja Teadusministeerium,ministry,70000740,EE/GOV/70000740,http://www.wikidata.org/entity/Q12363440,estleg:Institution_haridusministeerium,,,2003-01-01,,4
estleg:Institution_haridusamet,haridusamet,agency,,,,,,,,,4
estleg:Institution_haridusministeerium,Haridusministeerium,ministry,70000740,,,,estleg:Institution_haridus_ja_teadusministeerium,,,2002-12-31,0
estleg:Institution_haridusminister,haridusminister,minister,,,http://www.wikidata.org/entity/Q6866110,,,,,,2
estleg:Institution_harno,Harno,agency,,,estleg:Institution_haridus_ja_noorteamet;http://www.wikidata.org/entity/Q116057137,,,,,,0
estleg:Institution_infotehnoloogiaminister,infotehnoloogiaminister,minister,,,,,,,,,1
estleg:Institution_juhtministeerium,juhtministeerium,ministry,,,,,,,,,1
estleg:Institution_justiits_ja_digiministeerium,Justiits- ja Digiministeerium,ministry,70000898,EE/GOV/70000898,http://www.wikidata.org/entity/Q6867302,estleg:Institution_justiitsministeerium,,,2025-01-01,,4
estleg:Institution_justiitsministeerium,Justiitsministeerium,ministry,70000898,,,,estleg:Institution_justiits_ja_digiministeerium,,,2024-12-31,3
estleg:Institution_justiitsminister,Justiitsminister,minister,,,http://www.wikidata.org/entity/Q20528230,,,,,,3
estleg:Institution_kaitseministeerium,Kaitseministeerium,ministry,70004502,EE/GOV/70004502,http://www.wikidata.org/entity/Q6866745,,,,,,4
estleg:Institution_kaitseminister,kaitseminister,minister,,,http://www.wikidata.org/entity/Q3741249,,,,,,3
estleg:Institution_kaitsepolitseiamet,Kaitsepolitseiamet,agency,70000591,,http://www.wikidata.org/entity/Q1721811,,,,,,5
estleg:Institution_keeleamet,Keeleamet,agency,70003690,,http://www.wikidata.org/entity/Q4536526,estleg:Institution_keeleinspektsioon,,,2020-08-01,,2
estleg:Institution_keeleinspektsioon,Keeleinspektsioon,agency,70003690,,,,estleg:Institution_keeleamet,,1998-01-01,2020-07-31,0
estleg:Institution_kemikaaliamet,Kemikaaliamet,agency,,,,,,,,,0
estleg:Institution_keskkonna_ja_kommunaalamet,Keskkonna- ja Kommunaalamet,agency,,,,,,,,,3
estleg:Institution_keskkonnaamet,Keskkonnaamet,agency,70008658,EE/GOV/70008658,http://www.wikidata.org/entity/Q12366841,estleg:Institution_keskkonnainspektsioon,,,,,5
estleg:Institution_keskkonnainspektsioon,Keskkonnainspektsioon,agency,70003106,,http://www.wikidata.org/entity/Q12366851,,estleg:Institution_keskkonnaamet,estleg:Institution_keskkonnaamet,,2020-12-31,0
estleg:Institution_keskkonnaministeerium,Keskkonnaministeerium,ministry,70001231,,,,estleg:Institution_kliimaministeerium,,1989-12-21,2023-06-30,3
estleg:Institution_keskkonnaminister,keskkonnaminister,minister,,,http://www.wikidata.org/entity/Q12361541,,,,,,5
estleg:Institution_kinnistusamet,kinnistusamet,agency,,,,,,,,,0
estleg:Institution_kliimaministeerium,Kliimaministeerium,ministry,70001231,EE/GOV/70001231,http://www.wikidata.org/entity/Q16408655,estleg:Institution_keskkonnaministeerium,,,2023-07-01,,5
estleg:Institution_kodakondsus_ja_migratsiooniamet,Kodakondsus- ja Migratsiooniamet,agency,70000579,,http://www.wikidata.org/entity/Q4476390,,estleg:Institution_politsei_ja_piirivalveamet,estleg:Institution_politsei_ja_piirivalveamet,,2009-12-31,0
estleg:Institution_kohalik_omavalitsus,Kohalik omavalitsus,local_government,,,,,,,,,5
estleg:Institution_kohus,Kohus,court,,,,,,,,,5
estleg:Institution_kommunaalamet,Kommunaalamet,agency,,,,,,,,,2
estleg:Institution_kommunikatsiooniminister,kommunikatsiooniminister,minister,,,,,,,,,2
estleg:Institution_konkurentsiamet,Konkurentsiamet,agency,70000303,EE/GOV/70000303,http://www.wikidata.org/entity/Q16411123,,,,,,5
estleg:Institution_kultuuri_ja_spordiamet,Kultuuri- ja Spordiamet,agency,,,,,,,,,2
estleg:Institution_kultuuriamet,kultuuriamet,agency,,,,,,,,,1
estleg:Institution_kultuuriministeerium,Kultuuriministeerium,ministry,70000941,EE/GOV/70000941,http://www.wikidata.org/entity/Q12367721,,,,,,4
estleg:Institution_kultuuriminister,kultuuriminister,minister,,,http://www.wikidata.org/entity/Q16402952,,,,,,4
estleg:Institution_lennuamet,Lennuamet,agency,70000800,,http://www.wikidata.org/entity/Q1351835,,estleg:Institution_transpordiamet,estleg:Institution_transpordiamet,,2020-12-31,0
estleg:Institution_lennundusohutusamet,Lennundusohutusamet,agency,,,,,,,,,0
estleg:Institution_liikuvusamet,Liikuvusamet,agency,,,,,,,,,0
estleg:Institution_linn,linn,local_government,,,,,,,,,3
estleg:Institution_linnamajandusamet,Linnamajandusamet,agency,,,,,,,,,3
estleg:Institution_linnavara_ja_majandusamet,Linnavara- ja Majandusamet,agency,,,,,,,,,1
estleg:Institution_linnavaraamet,Linnavaraamet,agency,,,,,,,,,3
estleg:Institution_maa_ja_ruumiamet,Maa- ja Ruumiamet,agency,70003098,EE/GOV/70003098,http://www.wikidata.org/entity/Q5401570,,,,,,3
estleg:Institution_maaeluministeerium,Maaeluministeerium,ministry,70000734,,,estleg:Institution_pollumajandusministeerium,estleg:Institution_regionaal_ja_pollumajandusministeerium,,2015-09-01,2023-06-30,2
estleg:Institution_maakohus,maakohus,court,,,,,,,,,4
estleg:Institution_maanteeamet,Maanteeamet,agency,,,http://www.wikidata.org/entity/Q12369367,,estleg:Institution_transpordiamet,estleg:Institution_transpordiamet,,2020-12-31,0
estleg:Institution_majandus_ja_kommunikatsiooniministeerium,Majandus- ja Kommunikatsiooniministeerium,ministry,70003158,,http://www.wikidata.org/entity/Q6866797,estleg:Institution_teede_ja_sideministeerium,,,2002-11-01,,3
estleg:Institution_majandusminister,majandusminister,minister,,,,,,,,,0
estleg:Institution_maksu_ja_tolliamet,Maksu- ja Tolliamet,agency,70000349,EE/GOV/70000349,estleg:Institution_mta;http://www.wikidata.org/entity/Q16411346,estleg:Institution_maksuamet;estleg:Institution_tolliamet,,,2004-02-01,,5
estleg:Institution_maksuamet,Maksuamet,agency,,,,,estleg:Institution_maksu_ja_tolliamet,estleg:Institution_maksu_ja_tolliamet,,2004-01-31,0
estleg:Institution_mta,MTA,agency,,,estleg:Institution_maksu_ja_tolliamet;http://www.wikidata.org/entity/Q16411346,,,,,,0
estleg:Institution_muinsuskaitseamet,Muinsuskaitseamet,agency,70000958,EE/GOV/70000958,http://www.wikidata.org/entity/Q12370518,,,,,,4
estleg:Institution_paasteamet,Päästeamet,agency,70000585,EE/GOV/70000585,http://www.wikidata.org/entity/Q5401628,,,,,,4
estleg:Institution_patendiamet,Patendiamet,agency,70003164,,http://www.wikidata.org/entity/Q12372017,,,,,,2
estleg:Institution_peaminister,peaminister,minister,,,http://www.wikidata.org/entity/Q737115,,,,,,2
estleg:Institution_pensioniamet,pensioniamet,agency,,,,,,,,,1
estleg:Institution_perekonnaseisuamet,perekonnaseisuamet,agency,,,,,,,,,1
estleg:Institution_piirivalveamet,Piirivalveamet,agency,70005186,,http://www.wikidata.org/entity/Q12372433,,estleg:Institution_politsei_ja_piirivalveamet,estleg:Institution_politsei_ja_piirivalveamet,,2009-12-31,0
estleg:Institution_planeerimis_ja_keskkonnaamet,planeerimis- ja keskkonnaamet,agency,,,,,,,,,2
estleg:Institution_politsei_ja_piirivalveamet,Politsei- ja Piirivalveamet,agency,70008747,EE/GOV/70008747,estleg:Institution_ppa;http://www.wikidata.org/entity/Q7209550,estleg:Institution_kodakondsus_ja_migratsiooniamet;estleg:Institution_piirivalveamet;estleg:Institution_politseiamet,,,2010-01-01,,5
estleg:Institution_politseiamet,Politseiamet,agency,70000728,,http://www.wikidata.org/entity/Q12372632,,estleg:Institution_politsei_ja_piirivalveamet,estleg:Institution_politsei_ja_piirivalveamet,,2009-12-31,0
estleg:Institution_pollumajandus_ja_toiduamet,Põllumajandus- ja Toiduamet,agency,77001458,,http://www.wikidata.org/entity/Q116057115,estleg:Institution_pollumajandusamet;estleg:Institution_veterinaar_ja_toiduamet,,,2021-01-01,,5
estleg:Institution_pollumajandusamet,Põllumajandusamet,agency,70000071,,http://www.wikidata.org/entity/Q25514673,,estleg:Institution_pollumajandus_ja_toiduamet,estleg:Institution_pollumajandus_ja_toiduamet,,2020-12-31,0
estleg:Institution_pollumajandusministeerium,Põllumajandusministeerium,ministry,70000734,,,,estleg:Institution_maaeluministeerium,,,2015-08-31,1
estleg:Institution_pollumajandusminister,põllumajandusminister,minister,,,,,,,,,2
estleg:Institution_ppa,PPA,agency,,,estleg:Institution_politsei_ja_piirivalveamet;http://www.wikidata.org/entity/Q7209550,,,,,,0
estleg:Institution_rahandusamet,Rahandusamet,agency,,,,,,,,,3
estleg:Institution_rahandusministeerium,Rahandusministeerium,ministry,70000272,EE/GOV/70000272,http://www.wikidata.org/entity/Q12373345,,,,,,5
estleg:Institution_rahandusminister,Rahandusminister,minister,,,http://www.wikidata.org/entity/Q21103025,,,,,,4
estleg:Institution_raudteeamet,Raudteeamet,agency,,,http://www.wikidata.org/entity/Q12373627,,,,,,1
estleg:Institution_raudteeinspektsioon,Raudteeinspektsioon,agency,,,,,,,,,0
estleg:Institution_ravimiamet,Ravimiamet,agency,70003477,EE/GOV/70003477,http://www.wikidata.org/entity/Q12373663,,,,,,5
estleg:Institution_regionaal_ja_pollumajandusministeerium,Regionaal- ja Põllumajandusministeerium,ministry,70000734,EE/GOV/70000734,http://www.wikidata.org/entity/Q12373165,estleg:Institution_maaeluministeerium,,,2023-07-01,,3
estleg:Institution_regionaalminister,regionaalminister,minister,,,,,,,,,2
estleg:Institution_riigikogu,Riigikogu,parliament,,,http://www.wikidata.org/entity/Q217799,,,,,,5
estleg:Institution_riigikohus,Riigikohus,court,74001127,EE/GOV/74001127,http://www.wikidata.org/entity/Q1514159,,,,,,4
estleg:Institution_ringkonnakohus,ringkonnakohus,court,,,,,,,,,2
estleg:Institution_sideamet,Sideamet,agency,70000013,,http://www.wikidata.org/entity/Q12374938,,,,,,2
estleg:Institution_sideministeerium,Sideministeerium,ministry,,,http://www.wikidata.org/entity/Q124300278,,,,,,0
estleg:Institution_sideminister,sideminister,minister,,,,,,,,,0
estleg:Institution_siseministeerium,Siseministeerium,ministry,70000562,EE/GOV/70000562,http://www.wikidata.org/entity/Q4294315,,,,,,3
estleg:Institution_siseminister,siseminister,minister,,,http://www.wikidata.org/entity/Q6866431,,,,,,2
estleg:Institution_sotsiaal_ja_tervishoiuamet,Sotsiaal- ja Tervishoiuamet,agency,,,,,,,,,3
estleg:Institution_sotsiaalabiamet,Sotsiaalabiamet,agency,,,,,,,,,4
estleg:Institution_sotsiaalkaitseminister,sotsiaalkaitseminister,minister,,,http://www.wikidata.org/entity/Q24060088,,,,,,0
estleg:Institution_sotsiaalkindlustusamet,Sotsiaalkindlustusamet,agency,70001975,EE/GOV/70001975,http://www.wikidata.org/entity/Q20529203,,,,,,3
estleg:Institution_sotsiaalministeerium,Sotsiaalministeerium,ministry,70001952,EE/GOV/70001952,http://www.wikidata.org/entity/Q12375270,,,,,,2
estleg:Institution_sotsiaalminister,sotsiaalminister,minister,,,http://www.wikidata.org/entity/Q16402881,,,,,,3
estleg:Institution_spordi_ja_noorsooamet,Spordi- ja Noorsooamet,agency,,,,,,,,,0
estleg:Institution_statistikaamet,Statistikaamet,agency,70000332,EE/GOV/70000332,http://www.wikidata.org/entity/Q3738605,,,,,,3
estleg:Institution_tarbijakaitse_ja_tehnilise_jarelevalve_amet,Tarbijakaitse ja Tehnilise Järelevalve Amet,agency,70003218,EE/GOV/70003218,estleg:Institution_ttja;http://www.wikidata.org/entity/Q61404623,estleg:Institution_tarbijakaitseamet,,,2019-01-01,,5
estleg:Institution_tarbijakaitseamet,Tarbijakaitseamet,agency,70003247,,http://www.wikidata.org/entity/Q12376349,,estleg:Institution_tarbijakaitse_ja_tehnilise_jarelevalve_amet,estleg:Institution_tarbijakaitse_ja_tehnilise_jarelevalve_amet,,2018-12-31,0
estleg:Institution_taristuminister,taristuminister,minister,,,http://www.wikidata.org/entity/Q137583678,,,,,,2
estleg:Institution_teabeamet,Teabeamet,agency,70005938,,,,estleg:Institution_valisluureamet,,2001-02-20,2017-06-30,1
estleg:Institution_teadusminister,teadusminister,minister,,,,,,,,,5
estleg:Institution_teede_ja_sideministeerium,Teede- ja Sideministeerium,ministry,70000266,,http://www.wikidata.org/entity/Q31277231,,estleg:Institution_majandus_ja_kommunikatsiooniministeerium,,,2002-10-31,0
estleg:Institution_terviseamet,Terviseamet,agency,70008799,EE/GOV/70008799,http://www.wikidata.org/entity/Q25514675,estleg:Institution_tervisekaitseinspektsioon;estleg:Institution_tervishoiuamet,,,2010-01-01,,5
estleg:Institution_tervisekaitseamet,Tervisekaitseamet,agency,,,,,estleg:Institution_tervisekaitseinspektsioon,estleg:Institution_terviseamet,,,0
estleg:Institution_tervisekaitseinspektsioon,Tervisekaitseinspektsioon,agency,70002940,,http://www.wikidata.org/entity/Q12376790,estleg:Institution_tervisekaitseamet,estleg:Institution_terviseamet,estleg:Institution_terviseamet,,2009-12-31,0
estleg:Institution_terviseminister,terviseminister,minister,,,http://www.wikidata.org/entity/Q24060082,,,,,,1
estleg:Institution_tervishoiuamet,Tervishoiuamet,agency,70006205,,http://www.wikidata.org/entity/Q12376789,,estleg:Institution_terviseamet,estleg:Institution_terviseamet,,2009-12-31,0
estleg:Institution_toiduohutusamet,Toiduohutusamet,agency,,,,,,,,,0
estleg:Institution_tolliamet,Tolliamet,agency,,,,,estleg:Institution_maksu_ja_tolliamet,estleg:Institution_maksu_ja_tolliamet,,2004-01-31,0
estleg:Institution_toohoiveamet,tööhõiveamet,agency,,,,,,,,,0
estleg:Institution_tooinspektsioon,Tööinspektsioon,agency,70001969,EE/GOV/70001969,http://www.wikidata.org/entity/Q25514677,,,,,,4
estleg:Institution_toominister,tööminister,minister,,,,,,,,,0
estleg:Institution_toostusminister,tööstusminister,minister,,,,,,,,,2
estleg:Institution_tooturuamet,Tööturuamet,agency,,,,,,,,,1
estleg:Institution_transpordi_ja_sideministeerium,Transpordi- ja Sideministeerium,ministry,,,,,,,,,0
estleg:Institution_transpordiamet,Transpordiamet,agency,70001490,EE/GOV/70001490,http://www.wikidata.org/entity/Q105101732,estleg:Institution_lennuamet;estleg:Institution_maanteeamet,,,2021-01-01,,5
estleg:Institution_transpordiministeerium,Transpordiministeerium,ministry,,,,,,,,,0
estleg:Institution_ttja,TTJA,agency,,,estleg:Institution_tarbijakaitse_ja_tehnilise_jarelevalve_amet;http://www.wikidata.org/entity/Q61404623,,,,,,0
estleg:Institution_uhisamet,ühisamet,agency,,,,,,,,,0
estleg:Institution_vabariigipresident,Vabariigi President,head_of_state,,,http://www.wikidata.org/entity/Q890005,,,,,,3
estleg:Institution_vabariigivalitsus,Vabariigi Valitsus,government,,,http://www.wikidata.org/entity/Q2421589,,,,,,5
estleg:Institution_vald,Vald,local_government,,,,,,,,,3
estleg:Institution_valisluureamet,Välisluureamet,agency,70005938,,http://www.wikidata.org/entity/Q12376592,estleg:Institution_teabeamet,,,2017-07-01,,3
estleg:Institution_valisministeerium,Välisministeerium,ministry,70002526,EE/GOV/70002526,http://www.wikidata.org/entity/Q6867006,,,,,,3
estleg:Institution_valisminister,välisminister,minister,,,http://www.wikidata.org/entity/Q1760777,,,,,,3
estleg:Institution_veterinaar_ja_toiduamet,Veterinaar- ja Toiduamet,agency,70000094,,http://www.wikidata.org/entity/Q20530239,,estleg:Institution_pollumajandus_ja_toiduamet,estleg:Institution_pollumajandus_ja_toiduamet,,2020-12-31,0
