municipality_ehak,municipality,county_code,county,act_iri,title,entry_into_force,temporal_status,issuer,municipality_status,historical_municipality,historical_municipality_name,enabling_provision,citation_status,version_provision,version_in_force,provision_outdated,provision_superseding_date,act_outdated,act_earliest_superseding_date
0480,Mulgi vald,0084,Viljandi maakond,estleg:Reg_1003313_Map,Abja Noortekeskuse asutamine ja põhimääruse kinnitamine,2009-12-25,inForce,estleg:Issuer_abja_vallavolikogu,abolished,estleg:HistoricalMunicipality_0105,Abja vald,estleg:KOKS_Par_22_Lg_1,resolved,estleg:KOKS_Par_22,estleg:KOKS_Par_22_v13186967,true,2011-01-01,true,2011-01-01
0480,Mulgi vald,0084,Viljandi maakond,estleg:Reg_1003313_Map,Abja Noortekeskuse asutamine ja põhimääruse kinnitamine,2009-12-25,inForce,estleg:Issuer_abja_vallavolikogu,abolished,estleg:HistoricalMunicipality_0105,Abja vald,estleg:KOKS_Par_35_Lg_1,resolved,estleg:KOKS_Par_35,estleg:KOKS_Par_35_v1048161,true,2011-01-01,true,2011-01-01
0480,Mulgi vald,0084,Viljandi maakond,estleg:Reg_1003314_Map,Abja Päevakeskuse asutamine ja põhimääruse kinnitamine,2009-12-25,inForce,estleg:Issuer_abja_vallavolikogu,abolished,estleg:HistoricalMunicipality_0105,Abja vald,estleg:KOKS_Par_22_Lg_1,resolved,estleg:KOKS_Par_22,estleg:KOKS_Par_22_v13186967,true,2011-01-01,true,2011-01-01
0480,Mulgi vald,0084,Viljandi maakond,estleg:Reg_1003314_Map,Abja Päevakeskuse asutamine ja põhimääruse kinnitamine,2009-12-25,inForce,estleg:Issuer_abja_vallavolikogu,abolished,estleg:HistoricalMunicipality_0105,Abja vald,estleg:KOKS_Par_35_Lg_1,resolved,estleg:KOKS_Par_35,estleg:KOKS_Par_35_v1048161,true,2011-01-01,true,2011-01-01
0480,Mulgi vald,0084,Viljandi maakond,estleg:Reg_1003627_Map,Abja valla teede kasutamise ja kaitse eeskiri,2012-06-01,repealed,estleg:Issuer_abja_vallavolikogu,abolished,estleg:HistoricalMunicipality_0105,Abja vald,estleg:KOKS_Par_6_Lg_1,resolved,estleg:KOKS_Par_6,estleg:KOKS_Par_6_v13186967,true,2015-07-01,true,2014-07-01
0480,Mulgi vald,0084,Viljandi maakond,estleg:Reg_1003627_Map,Abja valla teede kasutamise ja kaitse eeskiri,2012-06-01,repealed,estleg:Issuer_abja_vallavolikogu,abolished,estleg:HistoricalMunicipality_0105,Abja vald,estleg:TeeS_Map,act_level,,,,,true,2014-07-01
0480,Mulgi vald,0084,Viljandi maakond,estleg:Reg_1003627_Map,Abja valla teede kasutamise ja kaitse eeskiri,2012-06-01,repealed,estleg:Issuer_abja_vallavolikogu,abolished,estleg:HistoricalMunicipality_0105,Abja vald,estleg:TeeS_Par_14,resolved,estleg:TeeS_Par_14,estleg:TeeS_Par_14_v12895156,false,,true,2014-07-01
0480,Mulgi vald,0084,Viljandi maakond,estleg:Reg_1003627_Map,Abja valla teede kasutamise ja kaitse eeskiri,2012-06-01,repealed,estleg:Issuer_abja_vallavolikogu,abolished,estleg:HistoricalMunicipality_0105,Abja vald,estleg:TeeS_Par_25,resolved,estleg:TeeS_Par_25,estleg:TeeS_Par_25_v117032011028,true,2014-07-01,true,2014-07-01
0480,Mulgi vald,0084,Viljandi maakond,estleg:Reg_1003627_Map,Abja valla teede kasutamise ja kaitse eeskiri,2012-06-01,repealed,estleg:Issuer_abja_vallavolikogu,abolished,estleg:HistoricalMunicipality_0105,Abja vald,estleg:TeeS_Par_32,resolved,estleg:TeeS_Par_32,estleg:TeeS_Par_32_v13250867,false,,true,2014-07-01
0480,Mulgi vald,0084,Viljandi maakond,estleg:Reg_1003628_Map,Abja valla teede ja erateede avalikuks kasutamiseks määramine ning korraldamise eest vastutava isiku määramine,2012-06-01,repealed,estleg:Issuer_abja_vallavolikogu,abolished,estleg:HistoricalMunicipality_0105,Abja vald,estleg:KOKS_Par_6_Lg_1,resolved,estleg:KOKS_Par_6,estleg:KOKS_Par_6_v13186967,true,2015-07-01,true,2014-07-01
0480,Mulgi vald,0084,Viljandi maakond,estleg:Reg_1003628_Map,Abja valla teede ja erateede avalikuks kasutamiseks määramine ning korraldamise eest vastutava isiku määramine,2012-06-01,repealed,estleg:Issuer_abja_vallavolikogu,abolished,estleg:HistoricalMunicipality_0105,Abja vald,estleg:TeeS_Par_4,resolved,estleg:TeeS_Par_4,estleg:TeeS_Par_4_v12895156,true,2014-07-01,true,2014-07-01
0480,Mulgi vald,0084,Viljandi maakond,estleg:Reg_1003633_Map,Teede valla omandisse võtmise ja avalikuks kasutamiseks määramise kord,2012-06-01,repealed,estleg:Issuer_abja_vallavolikogu,abolished,estleg:HistoricalMunicipality_0105,Abja vald,estleg:KOKS_Par_6_Lg_1,resolved,estleg:KOKS_Par_6,estleg:KOKS_Par_6_v13186967,true,2015-07-01,true,2014-07-01
0480,Mulgi vald,0084,Viljandi maakond,estleg:Reg_1003633_Map,Teede valla omandisse võtmise ja avalikuks kasutamiseks määramise kord,2012-06-01,repealed,estleg:Issuer_abja_vallavolikogu,abolished,estleg:HistoricalMunicipality_0105,Abja vald,estleg:TeeS_Par_4,resolved,estleg:TeeS_Par_4,estleg:TeeS_Par_4_v12895156,true,2014-07-01,true,2014-07-01
0480,Mulgi vald,0084,Viljandi maakond,estleg:Reg_1006236_Map,Abja valla kalmistute kasutamise eeskiri,2012-11-04,inForce,estleg:Issuer_abja_vallavolikogu,abolished,estleg:HistoricalMunicipality_0105,Abja vald,estleg:KOKS_Par_22_Lg_1,resolved,estleg:KOKS_Par_22,estleg:KOKS_Par_22_v118032011005,true,2013-01-01,true,2013-01-01
0480,Mulgi vald,0084,Viljandi maakond,estleg:Reg_1006236_Map,Abja valla kalmistute kasutamise eeskiri,2012-11-04,inForce,estleg:Issuer_abja_vallavolikogu,abolished,estleg:HistoricalMunicipality_0105,Abja vald,estleg:KalmS_Par_7_Lg_1,resolved,estleg:KalmS_Par_7,estleg:KalmS_Par_7_v115032011014,false,,true,2013-01-01
0480,Mulgi vald,0084,Viljandi maakond,estleg:Reg_1007599_Map,Abja valla kohalike maanteede ja Abja-Paluoja linna tänavate nimekirja kinnitamine ja avalikuks kasutamiseks määramine,2012-12-02,repealed,estleg:Issuer_abja_vallavolikogu,abolished,estleg:HistoricalMunicipality_0105,Abja vald,estleg:KOKS_Par_22_Lg_2,resolved,estleg:KOKS_Par_22,estleg:KOKS_Par_22_v118032011005,true,2013-01-01,true,2013-01-01
0480,Mulgi vald,0084,Viljandi maakond,estleg:Reg_1007599_Map,Abja valla kohalike maanteede ja Abja-Paluoja linna tänavate nimekirja kinnitamine ja avalikuks kasutamiseks määramine,2012-12-02,repealed,estleg:Issuer_abja_vallavolikogu,abolished,estleg:HistoricalMunicipality_0105,Abja vald,estleg:KOKS_Par_6_Lg_4,resolved,estleg:KOKS_Par_6,estleg:KOKS_Par_6_v13186967,true,2015-07-01,true,2013-01-01
0480,Mulgi vald,0084,Viljandi maakond,estleg:Reg_1007599_Map,Abja valla kohalike maanteede ja Abja-Paluoja linna tänavate nimekirja kinnitamine ja avalikuks kasutamiseks määramine,2012-12-02,repealed,estleg:Issuer_abja_vallavolikogu,abolished,estleg:HistoricalMunicipality_0105,Abja vald,estleg:TeeS_Map,act_level,,,,,true,2013-01-01
0480,Mulgi vald,0084,Viljandi maakond,estleg:Reg_1007599_Map,Abja valla kohalike maanteede ja Abja-Paluoja linna tänavate nimekirja kinnitamine ja avalikuks kasutamiseks määramine,2012-12-02,repealed,estleg:Issuer_abja_vallavolikogu,abolished,estleg:HistoricalMunicipality_0105,Abja vald,estleg:TeeS_Par_4,resolved,estleg:TeeS_Par_4,estleg:TeeS_Par_4_v12895156,true,2014-07-01,true,2013-01-01
0480,Mulgi vald,0084,Viljandi maakond,estleg:Reg_1007602_Map,Koolitöötajate koosseisu kinnitamise kord,2012-12-01,repealed,estleg:Issuer_abja_vallavolikogu,abolished,estleg:HistoricalMunicipality_0105,Abja vald,,no_citation,,,,,,
0480,Mulgi vald,0084,Viljandi maakond,estleg:Reg_1016141_Map,Abja valla aadressitähiste eeskiri,2013-09-06,repealed,estleg:Issuer_abja_vallavolikogu,abolished,estleg:HistoricalMunicipality_0105,Abja vald,estleg:KOKS_Par_6_Lg_3,resolved,estleg:KOKS_Par_6,estleg:KOKS_Par_6_v13186967,true,2015-07-01,true,2015-07-01
0480,Mulgi vald,0084,Viljandi maakond,estleg:Reg_1016141_Map,Abja valla aadressitähiste eeskiri,2013-09-06,repealed,estleg:Issuer_abja_vallavolikogu,abolished,estleg:HistoricalMunicipality_0105,Abja vald,estleg:TeeS_Par_12,resolved,estleg:TeeS_Par_12,estleg:TeeS_Par_12_v925729,false,,true,2015-07-01
0480,Mulgi vald,0084,Viljandi maakond,estleg:Reg_1016141_Map,Abja valla aadressitähiste eeskiri,2013-09-06,repealed,estleg:Issuer_abja_vallavolikogu,abolished,estleg:HistoricalMunicipality_0105,Abja vald,estleg:TeeS_Par_2,resolved,estleg:TeeS_Par_2,estleg:TeeS_Par_2_v13319183,false,,true,2015-07-01
0480,Mulgi vald,0084,Viljandi maakond,estleg:Reg_1017362_Map,Abja valla teede ja erateede avalikuks kasutamiseks määramine ning teehoiu korraldamise eest vastutava isiku määramine,2013-11-01,repealed,estleg:Issuer_abja_vallavolikogu,abolished,estleg:HistoricalMunicipality_0105,Abja vald,estleg:KOKS_Par_6_Lg_1,resolved,estleg:KOKS_Par_6,estleg:KOKS_Par_6_v13186967,true,2015-07-01,true,2014-07-01
0480,Mulgi vald,0084,Viljandi maakond,estleg:Reg_1017362_Map,Abja valla teede ja erateede avalikuks kasutamiseks määramine ning teehoiu korraldamise eest vastutava isiku määramine,2013-11-01,repealed,estleg:Issuer_abja_vallavolikogu,abolished,estleg:HistoricalMunicipality_0105,Abja vald,estleg:TeeS_Par_4,resolved,estleg:TeeS_Par_4,estleg:TeeS_Par_4_v12895156,true,2014-07-01,true,2014-07-01
0480,Mulgi vald,0084,Viljandi maakond,estleg:Reg_1025479_Map,Abja Spordi- ja Tervisekeskuse asutamine ja põhimääruse kinnitamine,2014-09-01,inForce,estleg:Issuer_abja_vallavolikogu,abolished,estleg:HistoricalMunicipality_0105,Abja vald,estleg:KOKS_Par_22_Lg_1,resolved,estleg:KOKS_Par_22,estleg:KOKS_Par_22_v114032014052,true,2015-03-22,true,2015-03-22
0480,Mulgi vald,0084,Viljandi maakond,estleg:Reg_1025479_Map,Abja Spordi- ja Tervisekeskuse asutamine ja põhimääruse kinnitamine,2014-09-01,inForce,estleg:Issuer_abja_vallavolikogu,abolished,estleg:HistoricalMunicipality_0105,Abja vald,estleg:KOKS_Par_7_Lg_1,resolved,estleg:KOKS_Par_7,estleg:KOKS_Par_7_v128122012005,true,2018-01-01,true,2015-03-22
0480,Mulgi vald,0084,Viljandi maakond,estleg:Reg_1035064_Map,Abja-Paluja soojusmajanduse arengukava aastateks 2016-2026 kinnitamine,2016-06-05,inForce,estleg:Issuer_abja_vallavolikogu,abolished,estleg:HistoricalMunicipality_0105,Abja vald,estleg:KOKS_Par_22_Lg_1,resolved,estleg:KOKS_Par_22,estleg:KOKS_Par_22_v123032015108,true,2016-07-01,true,2016-07-01
0480,Mulgi vald,0084,Viljandi maakond,estleg:Reg_1035064_Map,Abja-Paluja soojusmajanduse arengukava aastateks 2016-2026 kinnitamine,2016-06-05,inForce,estleg:Issuer_abja_vallavolikogu,abolished,estleg:HistoricalMunicipality_0105,Abja vald,estleg:KOKS_Par_37_Lg_3,resolved,estleg:KOKS_Par_37,estleg:KOKS_Par_37_v128122012005,true,2016-07-01,true,2016-07-01
0480,Mulgi vald,0084,Viljandi maakond,estleg:Reg_1039736_Map,Abja Muusikakooli õpetajate töötasu alammäära kinnitamine,2017-08-26,repealed,estleg:Issuer_abja_vallavolikogu,abolished,estleg:HistoricalMunicipality_0105,Abja vald,estleg:KOKS_Par_6_Lg_3,resolved,estleg:KOKS_Par_6,estleg:KOKS_Par_6_v130122015082,true,2018-01-01,true,2018-01-01
0480,Mulgi vald,0084,Viljandi maakond,estleg:Reg_1040287_Map,Abja Turu asutamine ja põhimääruse kinnitamine,2017-10-08,inForce,estleg:Issuer_abja_vallavolikogu,abolished,estleg:HistoricalMunicipality_0105,Abja vald,estleg:KOKS_Par_22_Lg_1,resolved,estleg:KOKS_Par_22,estleg:KOKS_Par_22_v121062016004,true,2018-01-01,true,2018-01-01
0480,Mulgi vald,0084,Viljandi maakond,estleg:Reg_1040287_Map,Abja Turu asutamine ja põhimääruse kinnitamine,2017-10-08,inForce,estleg:Issuer_abja_vallavolikogu,abolished,estleg:HistoricalMunicipality_0105,Abja vald,estleg:KOKS_Par_35_Lg_1,resolved,estleg:KOKS_Par_35,estleg:KOKS_Par_35_v104072017019,true,2018-01-01,true,2018-01-01
0480,Mulgi vald,0084,Viljandi maakond,estleg:Reg_1041054_Map,Mulgi Vallavalitsuse põhimäärus,2018-01-01,inForce,estleg:Issuer_mulgi_vallavolikogu,current,,,estleg:AVALIK_Par_14_Lg_3,resolved,estleg:AVALIK_Par_14,estleg:AVALIK_Par_14_v117122015034,false,,true,2018-07-01
0480,Mulgi vald,0084,Viljandi maakond,estleg:Reg_1041054_Map,Mulgi Vallavalitsuse põhimäärus,2018-01-01,inForce,estleg:Issuer_mulgi_vallavolikogu,current,,,estleg:KOKS_Par_22_Lg_1,resolved,estleg:KOKS_Par_22,estleg:KOKS_Par_22_v104072017022,true,2018-07-01,true,2018-07-01
0480,Mulgi vald,0084,Viljandi maakond,estleg:Reg_1041055_Map,Mulgi Vallavalitsuse ametiasutuse palgajuhend,2018-01-01,inForce,estleg:Issuer_mulgi_vallavolikogu,current,,,estleg:AVALIK_Par_11_Lg_5,resolved,estleg:AVALIK_Par_11,estleg:AVALIK_Par_11_v106102016003,false,,true,2018-07-01
0480,Mulgi vald,0084,Viljandi maakond,estleg:Reg_1041055_Map,Mulgi Vallavalitsuse ametiasutuse palgajuhend,2018-01-01,inForce,estleg:Issuer_mulgi_vallavolikogu,current,,,estleg:AVALIK_Par_63_Lg_2,resolved,estleg:AVALIK_Par_63,estleg:AVALIK_Par_63_v106102016003,true,2022-06-14,true,2018-07-01
0480,Mulgi vald,0084,Viljandi maakond,estleg:Reg_1041055_Map,Mulgi Vallavalitsuse ametiasutuse palgajuhend,2018-01-01,inForce,estleg:Issuer_mulgi_vallavolikogu,current,,,estleg:KOKS_Par_22_Lg_1,resolved,estleg:KOKS_Par_22,estleg:KOKS_Par_22_v104072017022,true,2018-07-01,true,2018-07-01
0480,Mulgi vald,0084,Viljandi maakond,estleg:Reg_1041058_Map,Karksi-Nuia Lasteaia lasteaiaõpetajate töötasu alammäära kehtestamine,2017-12-15,inForce,estleg:Issuer_mulgi_vallavolikogu,current,,,estleg:KELS_Par_27,resolved,estleg:KELS_Par_27,estleg:KELS_Par_27_v114032014056,false,,true,2018-01-01
0480,Mulgi vald,0084,Viljandi maakond,estleg:Reg_1041058_Map,Karksi-Nuia Lasteaia lasteaiaõpetajate töötasu alammäära kehtestamine,2017-12-15,inForce,estleg:Issuer_mulgi_vallavolikogu,current,,,estleg:KOKS_Par_6_Lg_2,resolved,estleg:KOKS_Par_6,estleg:KOKS_Par_6_v130122015082,true,2018-01-01,true,2018-01-01
0480,Mulgi vald,0084,Viljandi maakond,estleg:Reg_1041791_Map,Mulgi valla põhimäärus,2018-02-01,inForce,estleg:Issuer_mulgi_vallavolikogu,current,,,estleg:KOKS_Par_22_Lg_1,resolved,estleg:KOKS_Par_22,estleg:KOKS_Par_22_v104072017022,true,2018-07-01,true,2018-07-01
0480,Mulgi vald,0084,Viljandi maakond,estleg:Reg_1041791_Map,Mulgi valla põhimäärus,2018-02-01,inForce,estleg:Issuer_mulgi_vallavolikogu,current,,,estleg:KOKS_Par_8,resolved,estleg:KOKS_Par_8,estleg:KOKS_Par_8_v104072017022,false,,true,2018-07-01
0480,Mulgi vald,0084,Viljandi maakond,estleg:Reg_1041792_Map,Mulgi Vallavolikogu töökord,2018-02-01,inForce,estleg:Issuer_mulgi_vallavolikogu,current,,,estleg:KOKS_Par_44_Lg_1,resolved,estleg:KOKS_Par_44,estleg:KOKS_Par_44_v1042862,false,,false,
0480,Mulgi vald,0084,Viljandi maakond,estleg:Reg_1041843_Map,Pädevuse delegeerimine Mulgi Vallavalitsusele,2018-02-06,inForce,estleg:Issuer_mulgi_vallavolikogu,current,,,estleg:KOKS_Par_22_Lg_2,resolved,estleg:KOKS_Par_22,estleg:KOKS_Par_22_v104072017022,true,2018-07-01,true,2018-07-01
0480,Mulgi vald,0084,Viljandi maakond,estleg:Reg_1042185_Map,Sotsiaaltoetuste määrade kehtestamine,2018-03-04,inForce,estleg:Issuer_mulgi_vallavolikogu,current,,,estleg:KOKS_Par_22_Lg_1,resolved,estleg:KOKS_Par_22,estleg:KOKS_Par_22_v104072017022,true,2018-07-01,true,2018-07-01
0480,Mulgi vald,0084,Viljandi maakond,estleg:Reg_1042185_Map,Sotsiaaltoetuste määrade kehtestamine,2018-03-04,inForce,estleg:Issuer_mulgi_vallavolikogu,current,,,estleg:SOTSIA_Par_14_Lg_2,resolved,estleg:SOTSIA_Par_14,estleg:SOTSIA_Par_14_v130122015005,false,,true,2018-07-01
0480,Mulgi vald,0084,Viljandi maakond,estleg:Reg_1042189_Map,Kooli pidaja pädevuse delegeerimine,2018-03-04,inForce,estleg:Issuer_mulgi_vallavolikogu,current,,,estleg:KOKS_Par_22_Lg_2,resolved,estleg:KOKS_Par_22,estleg:KOKS_Par_22_v104072017022,true,2018-07-01,true,2018-07-01
0480,Mulgi vald,0084,Viljandi maakond,estleg:Reg_1042191_Map,Mulgi Vallavolikogu revisjonikomisjoni põhimäärus,2018-03-04,inForce,estleg:Issuer_mulgi_vallavolikogu,current,,,estleg:KOKS_Par_48,resolved,estleg:KOKS_Par_48,estleg:KOKS_Par_48_v130062017012,true,2019-02-15,true,2019-02-15
0480,Mulgi vald,0084,Viljandi maakond,estleg:Reg_1042916_Map,Karksi-Nuia Kultuurikeskuse põhimäärus,2018-05-01,inForce,estleg:Issuer_mulgi_vallavolikogu,current,,,estleg:KOKS_Par_35_Lg_2,resolved,estleg:KOKS_Par_35,estleg:KOKS_Par_35_v104072017022,false,,false,
0480,Mulgi vald,0084,Viljandi maakond,estleg:Reg_1042923_Map,Raske ja sügava puudega lastele sotsiaalteenuste osutamise toetuseks eraldatud rahaliste vahendite kasutamise kord,2018-05-01,inForce,estleg:Issuer_mulgi_vallavolikogu,current,,,estleg:KOKS_Par_22_Lg_1,resolved,estleg:KOKS_Par_22,estleg:KOKS_Par_22_v104072017022,true,2018-07-01,true,2018-07-01
0480,Mulgi vald,0084,Viljandi maakond,estleg:Reg_1042923_Map,Raske ja sügava puudega lastele sotsiaalteenuste osutamise toetuseks eraldatud rahaliste vahendite kasutamise kord,2018-05-01,inForce,estleg:Issuer_mulgi_vallavolikogu,current,,,estleg:KOKS_Par_6_Lg_1,resolved,estleg:KOKS_Par_6,estleg:KOKS_Par_6_v104072017022,true,2025-09-01,true,2018-07-01
0480,Mulgi vald,0084,Viljandi maakond,estleg:Reg_1042923_Map,Raske ja sügava puudega lastele sotsiaalteenuste osutamise toetuseks eraldatud rahaliste vahendite kasutamise kord,2018-05-01,inForce,estleg:Issuer_mulgi_vallavolikogu,current,,,estleg:SOTSIA_Par_14_Lg_1,resolved,estleg:SOTSIA_Par_14,estleg:SOTSIA_Par_14_v130122015005,false,,true,2018-07-01
0480,Mulgi vald,0084,Viljandi maakond,estleg:Reg_1042923_Map,Raske ja sügava puudega lastele sotsiaalteenuste osutamise toetuseks eraldatud rahaliste vahendite kasutamise kord,2018-05-01,inForce,estleg:Issuer_mulgi_vallavolikogu,current,,,estleg:SOTSIA_Par_156_Lg_3,resolved,estleg:SOTSIA_Par_156,estleg:SOTSIA_Par_156_v103042018020,true,2019-01-01,true,2018-07-01
0480,Mulgi vald,0084,Viljandi maakond,estleg:Reg_1042923_Map,Raske ja sügava puudega lastele sotsiaalteenuste osutamise toetuseks eraldatud rahaliste vahendite kasutamise kord,2018-05-01,inForce,estleg:Issuer_mulgi_vallavolikogu,current,,,estleg:SOTSIA_Par_5_Lg_1,resolved,estleg:SOTSIA_Par_5,estleg:SOTSIA_Par_5_v130122015005,false,,true,2018-07-01
0480,Mulgi vald,0084,Viljandi maakond,estleg:Reg_1042924_Map,Projekti „Puuetega inimeste eluaseme füüsiline kohandamine“ toetuse andmise tingimused ja kord,2018-05-01,inForce,estleg:Issuer_mulgi_vallavolikogu,current,,,,no_citation,,,,,,
0480,Mulgi vald,0084,Viljandi maakond,estleg:Reg_1042925_Map,Mulgi valla aasta haridustöötaja statuut,2018-05-01,inForce,estleg:Issuer_mulgi_vallavolikogu,current,,,estleg:KOKS_Par_14_Lg_1,resolved,estleg:KOKS_Par_14,estleg:KOKS_Par_14_v1042862,false,,true,2025-09-01
0480,Mulgi vald,0084,Viljandi maakond,estleg:Reg_1042925_Map,Mulgi valla aasta haridustöötaja statuut,2018-05-01,inForce,estleg:Issuer_mulgi_vallavolikogu,current,,,estleg:KOKS_Par_6_Lg_3,resolved,estleg:KOKS_Par_6,estleg:KOKS_Par_6_v104072017022,true,2025-09-01,true,2025-09-01
0480,Mulgi vald,0084,Viljandi maakond,estleg:Reg_1042926_Map,Alustava õpetaja toetuse andmise kord,2018-05-01,inForce,estleg:Issuer_mulgi_vallavolikogu,current,,,estleg:KOKS_Par_22_Lg_1,resolved,estleg:KOKS_Par_22,estleg:KOKS_Par_22_v104072017022,true,2018-07-01,true,2018-07-01
0480,Mulgi vald,0084,Viljandi maakond,estleg:Reg_1042926_Map,Alustava õpetaja toetuse andmise kord,2018-05-01,inForce,estleg:Issuer_mulgi_vallavolikogu,current,,,estleg:KOKS_Par_6_Lg_3,resolved,estleg:KOKS_Par_6,estleg:KOKS_Par_6_v104072017022,true,2025-09-01,true,2018-07-01
0480,Mulgi vald,0084,Viljandi maakond,estleg:Reg_1042927_Map,Sporditoetuste määramise kord,2018-05-06,inForce,estleg:Issuer_mulgi_vallavolikogu,current,,,estleg:KOKS_Par_22_Lg_1,resolved,estleg:KOKS_Par_22,estleg:KOKS_Par_22_v104072017022,true,2018-07-01,true,2018-07-01
0480,Mulgi vald,0084,Viljandi maakond,estleg:Reg_1042927_Map,Sporditoetuste määramise kord,2018-05-06,inForce,estleg:Issuer_mulgi_vallavolikogu,current,,,estleg:SpS_Par_3,resolved,estleg:SpS_Par_3,estleg:SpS_Par_3_v128122017075,false,,true,2018-07-01
0480,Mulgi vald,0084,Viljandi maakond,estleg:Reg_1042928_Map,Mulgi vallas tiheasutusalal üksikpuude raiumise loa andmise kord,2018-05-06,inForce,estleg:Issuer_mulgi_vallavolikogu,current,,,estleg:KOKS_Par_22_Lg_2,resolved,estleg:KOKS_Par_22,estleg:KOKS_Par_22_v104072017022,true,2018-07-01,true,2018-07-01
0480,Mulgi vald,0084,Viljandi maakond,estleg:Reg_1042928_Map,Mulgi vallas tiheasutusalal üksikpuude raiumise loa andmise kord,2018-05-06,inForce,estleg:Issuer_mulgi_vallavolikogu,current,,,estleg:LKS_Par_45,resolved,estleg:LKS_Par_45,estleg:LKS_Par_45_v745306,false,,true,2018-07-01
0480,Mulgi vald,0084,Viljandi maakond,estleg:Reg_1042930_Map,Kohanimeseaduses ja ruumiandmete seaduses kohalikule omavalitsusele pandud ülesannete lahendamise delegeerimine Mulgi Vallavalitsusele,2018-05-06,inForce,estleg:Issuer_mulgi_vallavolikogu,current,,,estleg:haldusmenetluse_seadus_Par_8_Lg_2,resolved,estleg:haldusmenetluse_seadus_Par_8,estleg:haldusmenetluse_seadus_Par_8_v27131,false,,false,
0480,Mulgi vald,0084,Viljandi maakond,estleg:Reg_1042962_Map,"Maareformi seaduses, maakatastriseaduses, maamaksuseaduses ja maa hindamise seaduses kohalikule omavalitsusele pandud ülesannete lahendamise delegeerimine Mulgi Vallavalitsusele",2018-05-06,inForce,estleg:Issuer_mulgi_vallavolikogu,current,,,estleg:haldusmenetluse_seadus_Par_8_Lg_2,resolved,estleg:haldusmenetluse_seadus_Par_8,estleg:haldusmenetluse_seadus_Par_8_v27131,false,,false,
0480,Mulgi vald,0084,Viljandi maakond,estleg:Reg_1043641_Map,Mulgi vallavara valitsemise kord,2018-07-06,inForce,estleg:Issuer_mulgi_vallavolikogu,current,,,estleg:KOKS_Par_22_Lg_1,resolved,estleg:KOKS_Par_22,estleg:KOKS_Par_22_v129062018018,true,2021-05-01,true,2021-05-01
0480,Mulgi vald,0084,Viljandi maakond,estleg:Reg_1043641_Map,Mulgi vallavara valitsemise kord,2018-07-06,inForce,estleg:Issuer_mulgi_vallavolikogu,current,,,estleg:KOKS_Par_34_Lg_2,resolved,estleg:KOKS_Par_34,estleg:KOKS_Par_34_v13092924,true,2023-04-01,true,2021-05-01
0480,Mulgi vald,0084,Viljandi maakond,estleg:Reg_1043642_Map,Kohanime määramise kord,2018-07-06,inForce,estleg:Issuer_mulgi_vallavolikogu,current,,,estleg:KOKS_Par_22_Lg_2,resolved,estleg:KOKS_Par_22,estleg:KOKS_Par_22_v129062018018,true,2021-05-01,true,2020-12-01
0480,Mulgi vald,0084,Viljandi maakond,estleg:Reg_1043642_Map,Kohanime määramise kord,2018-07-06,inForce,estleg:Issuer_mulgi_vallavolikogu,current,,,estleg:RAS_Par_54_Lg_1,resolved,estleg:RAS_Par_54,estleg:RAS_Par_54_v129062018045,false,,true,2020-12-01
0480,Mulgi vald,0084,Viljandi maakond,estleg:Reg_1043642_Map,Kohanime määramise kord,2018-07-06,inForce,estleg:Issuer_mulgi_vallavolikogu,current,,,estleg:kohanimeseadus_Par_5_Lg_1,resolved,estleg:kohanimeseadus_Par_5,estleg:kohanimeseadus_Par_5_v102052013003,true,2020-12-01,true,2020-12-01
0480,Mulgi vald,0084,Viljandi maakond,estleg:Reg_1043643_Map,Mulgi valla heakorrakonkursi Kaunis kodu läbiviimise kord,2018-07-06,inForce,estleg:Issuer_mulgi_vallavolikogu,current,,,estleg:KOKS_Par_6_Lg_1,resolved,estleg:KOKS_Par_6,estleg:KOKS_Par_6_v104072017022,true,2025-09-01,true,2025-09-01
0480,Mulgi vald,0084,Viljandi maakond,estleg:Reg_1043967_Map,Mulgi valla finantsjuhtimise kord,2018-08-26,inForce,estleg:Issuer_mulgi_vallavolikogu,current,,,estleg:KOFS_Par_5_Lg_6,resolved,estleg:KOFS_Par_5,estleg:KOFS_Par_5_v128122012004,true,2026-01-10,true,2026-01-10
0480,Mulgi vald,0084,Viljandi maakond,estleg:Reg_1043967_Map,Mulgi valla finantsjuhtimise kord,2018-08-26,inForce,estleg:Issuer_mulgi_vallavolikogu,current,,,estleg:KOKS_Par_35_Lg_1,resolved,estleg:KOKS_Par_35,estleg:KOKS_Par_35_v104072017022,false,,true,2026-01-10
0480,Mulgi vald,0084,Viljandi maakond,estleg:Reg_1044682_Map,Planeerimisseaduse ja ehitusseadustiku rakendamine Mulgi vallas,2018-11-03,inForce,estleg:Issuer_mulgi_vallavolikogu,current,,,estleg:KOKS_Par_22_Lg_2,resolved,estleg:KOKS_Par_22,estleg:KOKS_Par_22_v129062018018,true,2021-05-01,true,2021-05-01
0480,Mulgi vald,0084,Viljandi maakond,estleg:Reg_1044686_Map,Abja Muusikakooli põhimäärus,2018-11-03,inForce,estleg:Issuer_mulgi_vallavolikogu,current,,,estleg:HuviKS_Par_7,resolved,estleg:HuviKS_Par_7,estleg:HuviKS_Par_7_v12852063,false,,true,2021-05-01
0480,Mulgi vald,0084,Viljandi maakond,estleg:Reg_1044686_Map,Abja Muusikakooli põhimäärus,2018-11-03,inForce,estleg:Issuer_mulgi_vallavolikogu,current,,,estleg:KOKS_Par_22_Lg_2,resolved,estleg:KOKS_Par_22,estleg:KOKS_Par_22_v129062018018,true,2021-05-01,true,2021-05-01
0480,Mulgi vald,0084,Viljandi maakond,estleg:Reg_1044686_Map,Abja Muusikakooli põhimäärus,2018-11-03,inForce,estleg:Issuer_mulgi_vallavolikogu,current,,,estleg:KOKS_Par_35_Lg_2,resolved,estleg:KOKS_Par_35,estleg:KOKS_Par_35_v104072017022,false,,true,2021-05-01
0480,Mulgi vald,0084,Viljandi maakond,estleg:Reg_1044687_Map,Abja Noortekeskuse põhimäärus,2018-11-03,inForce,estleg:Issuer_mulgi_vallavolikogu,current,,,estleg:KOKS_Par_35_Lg_2,resolved,estleg:KOKS_Par_35,estleg:KOKS_Par_35_v104072017022,false,,false,
0480,Mulgi vald,0084,Viljandi maakond,estleg:Reg_1044688_Map,Abja Päevakeskuse põhimäärus,2018-11-03,inForce,estleg:Issuer_mulgi_vallavolikogu,current,,,estleg:KOKS_Par_35_Lg_2,resolved,estleg:KOKS_Par_35,estleg:KOKS_Par_35_v104072017022,false,,false,
0480,Mulgi vald,0084,Viljandi maakond,estleg:Reg_1044689_Map,Abja Turu põhimäärus,2018-11-03,inForce,estleg:Issuer_mulgi_vallavolikogu,current,,,estleg:KOKS_Par_35_Lg_2,resolved,estleg:KOKS_Par_35,estleg:KOKS_Par_35_v104072017022,false,,false,
0480,Mulgi vald,0084,Viljandi maakond,estleg:Reg_1044690_Map,Mõisaküla Muuseumi põhimäärus,2018-11-03,inForce,estleg:Issuer_mulgi_vallavolikogu,current,,,estleg:KOKS_Par_35_Lg_2,resolved,estleg:KOKS_Par_35,estleg:KOKS_Par_35_v104072017022,false,,false,
0480,Mulgi vald,0084,Viljandi maakond,estleg:Reg_1044691_Map,Halliste Põhikooli põhimäärus,2018-11-03,inForce,estleg:Issuer_mulgi_vallavolikogu,current,,,estleg:KOKS_Par_22_Lg_1,resolved,estleg:KOKS_Par_22,estleg:KOKS_Par_22_v129062018018,true,2021-05-01,true,2021-05-01
0480,Mulgi vald,0084,Viljandi maakond,estleg:Reg_1044691_Map,Halliste Põhikooli põhimäärus,2018-11-03,inForce,estleg:Issuer_mulgi_vallavolikogu,current,,,estleg:POHIKO_Par_66,resolved,estleg:POHIKO_Par_66,estleg:POHIKO_Par_66_v122012018003,true,2025-09-01,true,2021-05-01
0480,Mulgi vald,0084,Viljandi maakond,estleg:Reg_1045065_Map,Mõisaküla Noortekeskuse põhimäärus,2018-12-09,inForce,estleg:Issuer_mulgi_vallavolikogu,current,,,estleg:KOKS_Par_35_Lg_2,resolved,estleg:KOKS_Par_35,estleg:KOKS_Par_35_v104072017022,false,,false,
0480,Mulgi vald,0084,Viljandi maakond,estleg:Reg_1045068_Map,Abja Gümnaasiumi põhimäärus,2018-12-09,inForce,estleg:Issuer_mulgi_vallavolikogu,current,,,estleg:POHIKO_Par_66,resolved,estleg:POHIKO_Par_66,estleg:POHIKO_Par_66_v122012018003,true,2025-09-01,true,2025-09-01
0480,Mulgi vald,0084,Viljandi maakond,estleg:Reg_1045075_Map,Pädevuse delegeerimine Mulgi Vallavalitsusele,2018-12-04,inForce,estleg:Issuer_mulgi_vallavolikogu,current,,,estleg:KOKS_Par_22_Lg_2,resolved,estleg:KOKS_Par_22,estleg:KOKS_Par_22_v129062018018,true,2021-05-01,true,2021-05-01
0480,Mulgi vald,0084,Viljandi maakond,estleg:Reg_1045075_Map,Pädevuse delegeerimine Mulgi Vallavalitsusele,2018-12-04,inForce,estleg:Issuer_mulgi_vallavolikogu,current,,,estleg:haldusmenetluse_seadus_Par_8_Lg_2,resolved,estleg:haldusmenetluse_seadus_Par_8,estleg:haldusmenetluse_seadus_Par_8_v27131,false,,true,2021-05-01
0480,Mulgi vald,0084,Viljandi maakond,estleg:Reg_1045634_Map,Mulgi Vallavalitsuse hallatavate asutuste palgakorraldus,2019-01-07,inForce,estleg:Issuer_mulgi_vallavolikogu,current,,,estleg:KOKS_Par_6_Lg_2,resolved,estleg:KOKS_Par_6,estleg:KOKS_Par_6_v104072017022,true,2025-09-01,true,2025-09-01
0480,Mulgi vald,0084,Viljandi maakond,estleg:Reg_1045634_Map,Mulgi Vallavalitsuse hallatavate asutuste palgakorraldus,2019-01-07,inForce,estleg:Issuer_mulgi_vallavolikogu,current,,,estleg:KOKS_Par_6_Lg_3,resolved,estleg:KOKS_Par_6,estleg:KOKS_Par_6_v104072017022,true,2025-09-01,true,2025-09-01
0480,Mulgi vald,0084,Viljandi maakond,estleg:Reg_1045635_Map,Mulgi valla sportlaste ja treenerite tunnustamise kord,2019-01-07,inForce,estleg:Issuer_mulgi_vallavolikogu,current,,,,no_citation,,,,,,
0480,Mulgi vald,0084,Viljandi maakond,estleg:Reg_1045639_Map,Mõisaküla Raamatukogu põhimäärus,2019-01-07,inForce,estleg:Issuer_mulgi_vallavolikogu,current,,,estleg:RaRS_Par_6_Lg_1,resolved,estleg:RaRS_Par_6,estleg:RaRS_Par_6_v115032014041,false,,false,
0480,Mulgi vald,0084,Viljandi maakond,estleg:Reg_1045641_Map,Mõisaküla Raamatukogu kasutamise eeskiri,2019-01-07,inForce,estleg:Issuer_mulgi_vallavolikogu,current,,,estleg:RaRS_Par_16,resolved,estleg:RaRS_Par_16,estleg:RaRS_Par_16_v22422,false,,false,
0480,Mulgi vald,0084,Viljandi maakond,estleg:Reg_1045642_Map,Abja Raamatukogu põhimäärus,2019-01-07,inForce,estleg:Issuer_mulgi_vallavolikogu,current,,,estleg:RaRS_Par_6,resolved,estleg:RaRS_Par_6,estleg:RaRS_Par_6_v115032014041,false,,false,
0480,Mulgi vald,0084,Viljandi maakond,estleg:Reg_1045643_Map,Mulgi valla heakorraeeskiri,2019-01-11,inForce,estleg:Issuer_mulgi_vallavolikogu,current,,,estleg:KOKS_Par_22_Lg_1,resolved,estleg:KOKS_Par_22,estleg:KOKS_Par_22_v129062018018,true,2021-05-01,true,2021-05-01
0480,Mulgi vald,0084,Viljandi maakond,estleg:Reg_1045643_Map,Mulgi valla heakorraeeskiri,2019-01-11,inForce,estleg:Issuer_mulgi_vallavolikogu,current,,,estleg:KOKS_Par_6_Lg_1,resolved,estleg:KOKS_Par_6,estleg:KOKS_Par_6_v104072017022,true,2025-09-01,true,2021-05-01
0480,Mulgi vald,0084,Viljandi maakond,estleg:Reg_1045645_Map,Mõisaküla Kultuurimaja põhimäärus,2019-01-11,inForce,estleg:Issuer_mulgi_vallavolikogu,current,,,estleg:KOKS_Par_35_Lg_2,resolved,estleg:KOKS_Par_35,estleg:KOKS_Par_35_v104072017022,false,,false,
0480,Mulgi vald,0084,Viljandi maakond,estleg:Reg_1045646_Map,Abja Raamatukogu kasutamise eeskiri,2019-01-11,inForce,estleg:Issuer_mulgi_vallavolikogu,current,,,estleg:RaRS_Par_16,resolved,estleg:RaRS_Par_16,estleg:RaRS_Par_16_v22422,false,,false,
0480,Mulgi vald,0084,Viljandi maakond,estleg:Reg_1045647_Map,Kamara Raamatukogu põhimäärus,2019-01-11,inForce,estleg:Issuer_mulgi_vallavolikogu,current,,,estleg:RaRS_Par_6_Lg_1,resolved,estleg:RaRS_Par_6,estleg:RaRS_Par_6_v115032014041,false,,false,
0480,Mulgi vald,0084,Viljandi maakond,estleg:Reg_1045648_Map,Kamara Raamatukogu kasutamise eeskiri,2019-01-11,inForce,estleg:Issuer_mulgi_vallavolikogu,current,,,estleg:RaRS_Par_16,resolved,estleg:RaRS_Par_16,estleg:RaRS_Par_16_v22422,false,,false,
0480,Mulgi vald,0084,Viljandi maakond,estleg:Reg_1045649_Map,Abja Spordi- ja Tervisekeskuse põhimäärus,2019-01-11,inForce,estleg:Issuer_mulgi_vallavolikogu,current,,,estleg:KOKS_Par_22_Lg_1,resolved,estleg:KOKS_Par_22,estleg:KOKS_Par_22_v129062018018,true,2021-05-01,true,2021-05-01
0480,Mulgi vald,0084,Viljandi maakond,estleg:Reg_1045650_Map,August Kitzbergi nimelise Gümnaasiumi põhimäärus,2019-01-11,inForce,estleg:Issuer_mulgi_vallavolikogu,current,,,estleg:KOKS_Par_35_Lg_2,resolved,estleg:KOKS_Par_35,estleg:KOKS_Par_35_v104072017022,false,,true,2025-09-01
0480,Mulgi vald,0084,Viljandi maakond,estleg:Reg_1045650_Map,August Kitzbergi nimelise Gümnaasiumi põhimäärus,2019-01-11,inForce,estleg:Issuer_mulgi_vallavolikogu,current,,,estleg:POHIKO_Par_66,resolved,estleg:POHIKO_Par_66,estleg:POHIKO_Par_66_v122012018003,true,2025-09-01,true,2025-09-01
0480,Mulgi vald,0084,Viljandi maakond,estleg:Reg_1045651_Map,Abja-Paluoja Tervisekeskuse põhimäärus,2019-01-11,inForce,estleg:Issuer_mulgi_vallavolikogu,current,,,estleg:KOKS_Par_22_Lg_1,resolved,estleg:KOKS_Par_22,estleg:KOKS_Par_22_v129062018018,true,2021-05-01,true,2021-05-01
0480,Mulgi vald,0084,Viljandi maakond,estleg:Reg_1046117_Map,Mulgi valla noortevolikogu põhimäärus,2019-02-15,inForce,estleg:Issuer_mulgi_vallavolikogu,current,,,estleg:KOKS_Par_22_Lg_1,resolved,estleg:KOKS_Par_22,estleg:KOKS_Par_22_v129062018018,true,2021-05-01,true,2021-05-01
0480,Mulgi vald,0084,Viljandi maakond,estleg:Reg_1046117_Map,Mulgi valla noortevolikogu põhimäärus,2019-02-15,inForce,estleg:Issuer_mulgi_vallavolikogu,current,,,estleg:NOORSO_Par_9,resolved,estleg:NOORSO_Par_9,estleg:NOORSO_Par_9_v13335738,false,,true,2021-05-01
0480,Mulgi vald,0084,Viljandi maakond,estleg:Reg_1046284_Map,Mulgi valla tunnustuste avaldamise kord,2019-03-09,inForce,estleg:Issuer_mulgi_vallavolikogu,current,,,estleg:KOKS_Par_14_Lg_1,resolved,estleg:KOKS_Par_14,estleg:KOKS_Par_14_v1042862,false,,false,
0480,Mulgi vald,0084,Viljandi maakond,estleg:Reg_1046294_Map,Karksi-Nuia raamatukogu põhimäärus,2019-03-09,inForce,estleg:Issuer_mulgi_vallavolikogu,current,,,estleg:KOKS_Par_35_Lg_2,resolved,estleg:KOKS_Par_35,estleg:KOKS_Par_35_v104072017022,false,,false,
0480,Mulgi vald,0084,Viljandi maakond,estleg:Reg_1046294_Map,Karksi-Nuia raamatukogu põhimäärus,2019-03-09,inForce,estleg:Issuer_mulgi_vallavolikogu,current,,,estleg:RaRS_Par_6_Lg_1,resolved,estleg:RaRS_Par_6,estleg:RaRS_Par_6_v115032014041,false,,false,
0480,Mulgi vald,0084,Viljandi maakond,estleg:Reg_1046295_Map,Karksi-Nuia Raamatukogu kasutamise eeskiri,2019-03-09,inForce,estleg:Issuer_mulgi_vallavolikogu,current,,,estleg:KOKS_Par_22_Lg_1,resolved,estleg:KOKS_Par_22,estleg:KOKS_Par_22_v129062018018,true,2021-05-01,true,2021-05-01
0480,Mulgi vald,0084,Viljandi maakond,estleg:Reg_1046295_Map,Karksi-Nuia Raamatukogu kasutamise eeskiri,2019-03-09,inForce,estleg:Issuer_mulgi_vallavolikogu,current,,,estleg:RaRS_Par_16,resolved,estleg:RaRS_Par_16,estleg:RaRS_Par_16_v22422,false,,true,2021-05-01
0480,Mulgi vald,0084,Viljandi maakond,estleg:Reg_1046485_Map,Mulgi valla ühisveevärgi ja -kanalisatsiooni arendamise kava 2019–2030,2019-03-19,inForce,estleg:Issuer_mulgi_vallavolikogu,current,,,,no_citation,,,,,,
0480,Mulgi vald,0084,Viljandi maakond,estleg:Reg_1046690_Map,Alustava ettevõtja starditoetuse kord Mulgi vallas,2019-04-05,inForce,estleg:Issuer_mulgi_vallavolikogu,current,,,estleg:KOKS_Par_22_Lg_1,resolved,estleg:KOKS_Par_22,estleg:KOKS_Par_22_v129062018018,true,2021-05-01,true,2021-05-01
0480,Mulgi vald,0084,Viljandi maakond,estleg:Reg_1046849_Map,Õisu Raamatukogu põhimäärus,2019-04-28,inForce,estleg:Issuer_mulgi_vallavolikogu,current,,,estleg:KOKS_Par_35_Lg_2,resolved,estleg:KOKS_Par_35,estleg:KOKS_Par_35_v104072017022,false,,false,
0480,Mulgi vald,0084,Viljandi maakond,estleg:Reg_1046849_Map,Õisu Raamatukogu põhimäärus,2019-04-28,inForce,estleg:Issuer_mulgi_vallavolikogu,current,,,estleg:RaRS_Par_6_Lg_1,resolved,estleg:RaRS_Par_6,estleg:RaRS_Par_6_v115032014041,false,,false,
0480,Mulgi vald,0084,Viljandi maakond,estleg:Reg_1046850_Map,Õisu Raamatukogu kasutuse eeskiri,2019-04-28,inForce,estleg:Issuer_mulgi_vallavolikogu,current,,,estleg:KOKS_Par_22_Lg_1,resolved,estleg:KOKS_Par_22,estleg:KOKS_Par_22_v129062018018,true,2021-05-01,true,2021-05-01
0480,Mulgi vald,0084,Viljandi maakond,estleg:Reg_1046850_Map,Õisu Raamatukogu kasutuse eeskiri,2019-04-28,inForce,estleg:Issuer_mulgi_vallavolikogu,current,,,estleg:RaRS_Par_16,resolved,estleg:RaRS_Par_16,estleg:RaRS_Par_16_v22422,false,,true,2021-05-01
0480,Mulgi vald,0084,Viljandi maakond,estleg:Reg_1046851_Map,Mõisaküla Linnahoolduse põhimäärus,2019-04-28,inForce,estleg:Issuer_mulgi_vallavolikogu,current,,,estleg:KOKS_Par_35_Lg_2,resolved,estleg:KOKS_Par_35,estleg:KOKS_Par_35_v104072017022,false,,false,
0480,Mulgi vald,0084,Viljandi maakond,estleg:Reg_1047004_Map,Halliste Raamatukogu põhimäärus,2019-05-20,inForce,estleg:Issuer_mulgi_vallavolikogu,current,,,estleg:KOKS_Par_35_Lg_2,resolved,estleg:KOKS_Par_35,estleg:KOKS_Par_35_v104072017022,false,,false,
0480,Mulgi vald,0084,Viljandi maakond,estleg:Reg_1047004_Map,Halliste Raamatukogu põhimäärus,2019-05-20,inForce,estleg:Issuer_mulgi_vallavolikogu,current,,,estleg:RaRS_Par_6_Lg_1,resolved,estleg:RaRS_Par_6,estleg:RaRS_Par_6_v115032014041,false,,false,
0480,Mulgi vald,0084,Viljandi maakond,estleg:Reg_1047005_Map,Halliste Raamatukogu kasutamise eeskiri,2019-05-20,inForce,estleg:Issuer_mulgi_vallavolikogu,current,,,estleg:KOKS_Par_22_Lg_1,resolved,estleg:KOKS_Par_22,estleg:KOKS_Par_22_v129062018018,true,2021-05-01,true,2021-05-01
0480,Mulgi vald,0084,Viljandi maakond,estleg:Reg_1047005_Map,Halliste Raamatukogu kasutamise eeskiri,2019-05-20,inForce,estleg:Issuer_mulgi_vallavolikogu,current,,,estleg:RaRS_Par_16,resolved,estleg:RaRS_Par_16,estleg:RaRS_Par_16_v22422,false,,true,2021-05-01
0480,Mulgi vald,0084,Viljandi maakond,estleg:Reg_1047007_Map,Koerte ja kasside pidamise eeskiri Mulgi vallas,2019-05-20,inForce,estleg:Issuer_mulgi_vallavolikogu,current,,,estleg:KOKS_Par_22_Lg_1,resolved,estleg:KOKS_Par_22,estleg:KOKS_Par_22_v129062018018,true,2021-05-01,true,2021-05-01
0480,Mulgi vald,0084,Viljandi maakond,estleg:Reg_1047008_Map,Mulgi valla reovee kohtkäitluse ja äraveo eeskiri,2019-05-20,inForce,estleg:Issuer_mulgi_vallavolikogu,current,,,estleg:KOKS_Par_22_Lg_2,resolved,estleg:KOKS_Par_22,estleg:KOKS_Par_22_v129062018018,true,2021-05-01,true,2019-10-01
0480,Mulgi vald,0084,Viljandi maakond,estleg:Reg_1047008_Map,Mulgi valla reovee kohtkäitluse ja äraveo eeskiri,2019-05-20,inForce,estleg:Issuer_mulgi_vallavolikogu,current,,,estleg:VEE_Par_3,resolved,estleg:VEE_Par_3,estleg:VEE_Par_3_v123122010041,true,2019-10-01,true,2019-10-01
0480,Mulgi vald,0084,Viljandi maakond,estleg:Reg_1047288_Map,Mulgi Vallavalitsuse istungi töökord,2019-06-28,inForce,estleg:Issuer_mulgi_vallavolikogu,current,,,estleg:KOKS_Par_49_Lg_11,resolved,estleg:KOKS_Par_49,estleg:KOKS_Par_49_v126032013006,true,2020-01-01,true,2020-01-01
0480,Mulgi vald,0084,Viljandi maakond,estleg:Reg_1047289_Map,"Volikogu esimehe ja volikogu liikme, vallavanema ja valitsuse liikme teenistuslähetusse saatmise kord",2019-07-01,inForce,estleg:Issuer_mulgi_vallavolikogu,current,,,,no_citation,,,,,,
0480,Mulgi vald,0084,Viljandi maakond,estleg:Reg_1047291_Map,Karksi Vallahoolduse põhimäärus,2019-07-01,inForce,estleg:Issuer_mulgi_vallavolikogu,current,,,estleg:KOKS_Par_22_Lg_1,resolved,estleg:KOKS_Par_22,estleg:KOKS_Par_22_v129062018018,true,2021-05-01,true,2021-05-01
0480,Mulgi vald,0084,Viljandi maakond,estleg:Reg_1047291_Map,Karksi Vallahoolduse põhimäärus,2019-07-01,inForce,estleg:Issuer_mulgi_vallavolikogu,current,,,estleg:KOKS_Par_35_Lg_2,resolved,estleg:KOKS_Par_35,estleg:KOKS_Par_35_v104072017022,false,,true,2021-05-01
0480,Mulgi vald,0084,Viljandi maakond,estleg:Reg_1048175_Map,Mulgi valla sümboolika kinnitamine,2019-11-29,inForce,estleg:Issuer_mulgi_vallavolikogu,current,,,estleg:KOKS_Par_14,resolved,estleg:KOKS_Par_14,estleg:KOKS_Par_14_v1042862,false,,false,
0480,Mulgi vald,0084,Viljandi maakond,estleg:Reg_1048543_Map,"Mulgi valla munitsipaalomandis olevate eluruumide valdamise, kasutamise ja käsutamise kord",2020-01-01,inForce,estleg:Issuer_mulgi_vallavolikogu,current,,,estleg:ES_Par_8,resolved,estleg:ES_Par_8,estleg:ES_Par_8_v176259,false,,true,2025-09-01
0480,Mulgi vald,0084,Viljandi maakond,estleg:Reg_1048543_Map,"Mulgi valla munitsipaalomandis olevate eluruumide valdamise, kasutamise ja käsutamise kord",2020-01-01,inForce,estleg:Issuer_mulgi_vallavolikogu,current,,,estleg:KOKS_Par_6_Lg_1,resolved,estleg:KOKS_Par_6,estleg:KOKS_Par_6_v104072017022,true,2025-09-01,true,2025-09-01
0480,Mulgi vald,0084,Viljandi maakond,estleg:Reg_1048545_Map,Karksi-Nuia Noortekeskuse põhimäärus,2020-01-03,inForce,estleg:Issuer_mulgi_vallavolikogu,current,,,estleg:KOKS_Par_35_Lg_2,resolved,estleg:KOKS_Par_35,estleg:KOKS_Par_35_v104072017022,false,,false,
0480,Mulgi vald,0084,Viljandi maakond,estleg:Reg_1048756_Map,Mulgi valla jäätmevaldajate registri põhimäärus,2020-02-07,inForce,estleg:Issuer_mulgi_vallavolikogu,current,,,estleg:JaatS_Par_71_Lg_1,resolved,estleg:JaatS_Par_71,estleg:JaatS_Par_71_v121122019006,true,2021-05-15,true,2021-05-15
0480,Mulgi vald,0084,Viljandi maakond,estleg:Reg_1048977_Map,Mulgi valla andmekogude asutamiseks ja andmekogude põhimääruste kinnitamiseks volituste andmine,2020-03-02,inForce,estleg:Issuer_mulgi_vallavolikogu,current,,,estleg:AVTS_Par_43,resolved,estleg:AVTS_Par_43,estleg:AVTS_Par_43_v106012016007,false,,false,
0480,Mulgi vald,0084,Viljandi maakond,estleg:Reg_1049591_Map,Mulgi valla hankekord,2020-06-01,inForce,estleg:Issuer_mulgi_vallavolikogu,current,,,estleg:RIIGIH_Par_9_Lg_1,resolved,estleg:RIIGIH_Par_9,estleg:RIIGIH_Par_9_v101072017001,false,,false,
0480,Mulgi vald,0084,Viljandi maakond,estleg:Reg_1049862_Map,Mulgi valla kaevetööde eeskiri,2020-07-04,inForce,estleg:Issuer_mulgi_vallavolikogu,current,,,estleg:KOKS_Par_22_Lg_1,resolved,estleg:KOKS_Par_22,estleg:KOKS_Par_22_v129062018018,true,2021-05-01,true,2021-05-01
0480,Mulgi vald,0084,Viljandi maakond,estleg:Reg_1049867_Map,Mulgi valla eelarvest mittetulunduslikuks tegevuseks toetuste andmise kord,2020-07-04,inForce,estleg:Issuer_mulgi_vallavolikogu,current,,,estleg:KOKS_Par_22_Lg_1,resolved,estleg:KOKS_Par_22,estleg:KOKS_Par_22_v129062018018,true,2021-05-01,true,2021-05-01
0480,Mulgi vald,0084,Viljandi maakond,estleg:Reg_1050479_Map,Mulgi valla avaliku ürituse korraldamise ja pidamise nõuded,2020-11-14,inForce,estleg:Issuer_mulgi_vallavolikogu,current,,,estleg:KORS_Par_59_Lg_1,resolved,estleg:KORS_Par_59,estleg:KORS_Par_59_v113032014113,false,,false,
0480,Mulgi vald,0084,Viljandi maakond,estleg:Reg_1050963_Map,"Mulgi valla aasta noorsootöö tegija, aasta noor tegija ja aasta noorsootöö teo tunnustamise statuut",2020-12-25,inForce,estleg:Issuer_mulgi_vallavolikogu,current,,,estleg:KOKS_Par_14_Lg_1,resolved,estleg:KOKS_Par_14,estleg:KOKS_Par_14_v1042862,false,,true,2025-09-01
0480,Mulgi vald,0084,Viljandi maakond,estleg:Reg_1050963_Map,"Mulgi valla aasta noorsootöö tegija, aasta noor tegija ja aasta noorsootöö teo tunnustamise statuut",2020-12-25,inForce,estleg:Issuer_mulgi_vallavolikogu,current,,,estleg:KOKS_Par_6_Lg_3,resolved,estleg:KOKS_Par_6,estleg:KOKS_Par_6_v104072017022,true,2025-09-01,true,2025-09-01
0480,Mulgi vald,0084,Viljandi maakond,estleg:Reg_1051239_Map,Mulgi valla noorte omaalgatuslike projektide toetamise kord,2021-01-31,inForce,estleg:Issuer_mulgi_vallavolikogu,current,,,estleg:KOKS_Par_22_Lg_1,resolved,estleg:KOKS_Par_22,estleg:KOKS_Par_22_v129062018018,true,2021-05-01,true,2021-05-01
0480,Mulgi vald,0084,Viljandi maakond,estleg:Reg_1051239_Map,Mulgi valla noorte omaalgatuslike projektide toetamise kord,2021-01-31,inForce,estleg:Issuer_mulgi_vallavolikogu,current,,,estleg:KOKS_Par_6_Lg_1,resolved,estleg:KOKS_Par_6,estleg:KOKS_Par_6_v104072017022,true,2025-09-01,true,2021-05-01
0480,Mulgi vald,0084,Viljandi maakond,estleg:Reg_1051239_Map,Mulgi valla noorte omaalgatuslike projektide toetamise kord,2021-01-31,inForce,estleg:Issuer_mulgi_vallavolikogu,current,,,estleg:NOORSO_Par_8,resolved,estleg:NOORSO_Par_8,estleg:NOORSO_Par_8_v103052017007,false,,true,2021-05-01
0480,Mulgi vald,0084,Viljandi maakond,estleg:Reg_1051417_Map,Abja Kultuurimaja põhimäärus,2021-03-06,inForce,estleg:Issuer_mulgi_vallavolikogu,current,,,estleg:KOKS_Par_35_Lg_2,resolved,estleg:KOKS_Par_35,estleg:KOKS_Par_35_v104072017022,false,,false,
0480,Mulgi vald,0084,Viljandi maakond,estleg:Reg_1051775_Map,Mulgi valla huvihariduse ja huvitegevuse toetuse kord,2021-04-30,inForce,estleg:Issuer_mulgi_vallavolikogu,current,,,estleg:KOKS_Par_22_Lg_1,resolved,estleg:KOKS_Par_22,estleg:KOKS_Par_22_v129062018018,true,2021-05-01,true,2021-05-01
0480,Mulgi vald,0084,Viljandi maakond,estleg:Reg_1051775_Map,Mulgi valla huvihariduse ja huvitegevuse toetuse kord,2021-04-30,inForce,estleg:Issuer_mulgi_vallavolikogu,current,,,estleg:NOORSO_Par_15,resolved,estleg:NOORSO_Par_15,estleg:NOORSO_Par_15_v116062016006,false,,true,2021-05-01
0480,Mulgi vald,0084,Viljandi maakond,estleg:Reg_1051777_Map,Halliste Rahvamaja põhimäärus,2021-05-01,inForce,estleg:Issuer_mulgi_vallavolikogu,current,,,estleg:KOKS_Par_22_Lg_1,resolved,estleg:KOKS_Par_22,estleg:KOKS_Par_22_v104012021007,true,2026-01-17,true,2026-01-17
0480,Mulgi vald,0084,Viljandi maakond,estleg:Reg_1051777_Map,Halliste Rahvamaja põhimäärus,2021-05-01,inForce,estleg:Issuer_mulgi_vallavolikogu,current,,,estleg:KOKS_Par_35_Lg_2,resolved,estleg:KOKS_Par_35,estleg:KOKS_Par_35_v104072017022,false,,true,2026-01-17
0480,Mulgi vald,0084,Viljandi maakond,estleg:Reg_1053838_Map,Munitsipaalomandis olevate eluruumide üüri piirmäärade kehtestamine,2022-04-01,inForce,estleg:Issuer_mulgi_vallavolikogu,current,,,estleg:ES_Par_37,resolved,estleg:ES_Par_37,estleg:ES_Par_37_v829085,false,,false,
0480,Mulgi vald,0084,Viljandi maakond,estleg:Reg_1054063_Map,Abja Gümnaasiumi arengukava 2022–2026 kinnitamine,2022-05-03,inForce,estleg:Issuer_mulgi_vallavolikogu,current,,,,no_citation,,,,,,
0480,Mulgi vald,0084,Viljandi maakond,estleg:Reg_1054194_Map,Toimetulekutoetuse määramisel aluseks võetavate eluasemekulude piirmäärade kehtestamine,2022-05-31,inForce,estleg:Issuer_mulgi_vallavolikogu,current,,,estleg:KOKS_Par_22_Lg_2,resolved,estleg:KOKS_Par_22,estleg:KOKS_Par_22_v104012021007,true,2026-01-17,true,2022-06-17
0480,Mulgi vald,0084,Viljandi maakond,estleg:Reg_1054194_Map,Toimetulekutoetuse määramisel aluseks võetavate eluasemekulude piirmäärade kehtestamine,2022-05-31,inForce,estleg:Issuer_mulgi_vallavolikogu,current,,,estleg:SOTSIA_Par_133_Lg_6,resolved,estleg:SOTSIA_Par_133,estleg:SOTSIA_Par_133_v128042022009,true,2022-06-17,true,2022-06-17
0480,Mulgi vald,0084,Viljandi maakond,estleg:Reg_1054354_Map,Mulgi Hoolekandekeskuse põhimäärus,2022-09-01,inForce,estleg:Issuer_mulgi_vallavolikogu,current,,,estleg:KOKS_Par_22_Lg_1,resolved,estleg:KOKS_Par_22,estleg:KOKS_Par_22_v104012021007,true,2026-01-17,true,2026-01-17
0480,Mulgi vald,0084,Viljandi maakond,estleg:Reg_1054354_Map,Mulgi Hoolekandekeskuse põhimäärus,2022-09-01,inForce,estleg:Issuer_mulgi_vallavolikogu,current,,,estleg:KOKS_Par_35_Lg_2,resolved,estleg:KOKS_Par_35,estleg:KOKS_Par_35_v104072017022,false,,true,2026-01-17
0480,Mulgi vald,0084,Viljandi maakond,estleg:Reg_1054660_Map,Mulgi valla külavanema statuut,2022-08-28,inForce,estleg:Issuer_mulgi_vallavolikogu,current,,,estleg:KOKS_Par_58_Lg_3,resolved,estleg:KOKS_Par_58,estleg:KOKS_Par_58_v121062016003,false,,true,2025-09-01
0480,Mulgi vald,0084,Viljandi maakond,estleg:Reg_1054660_Map,Mulgi valla külavanema statuut,2022-08-28,inForce,estleg:Issuer_mulgi_vallavolikogu,current,,,estleg:KOKS_Par_6_Lg_3,resolved,estleg:KOKS_Par_6,estleg:KOKS_Par_6_v104072017022,true,2025-09-01,true,2025-09-01
0480,Mulgi vald,0084,Viljandi maakond,estleg:Reg_1054862_Map,Karksi-Nuia Spordikooli põhimäärus,2022-10-08,inForce,estleg:Issuer_mulgi_vallavolikogu,current,,,estleg:HuviKS_Par_7_Lg_2,resolved,estleg:HuviKS_Par_7,estleg:HuviKS_Par_7_v12852063,false,,true,2026-01-17
0480,Mulgi vald,0084,Viljandi maakond,estleg:Reg_1054862_Map,Karksi-Nuia Spordikooli põhimäärus,2022-10-08,inForce,estleg:Issuer_mulgi_vallavolikogu,current,,,estleg:KOKS_Par_22_Lg_1,resolved,estleg:KOKS_Par_22,estleg:KOKS_Par_22_v104012021007,true,2026-01-17,true,2026-01-17
0480,Mulgi vald,0084,Viljandi maakond,estleg:Reg_1054862_Map,Karksi-Nuia Spordikooli põhimäärus,2022-10-08,inForce,estleg:Issuer_mulgi_vallavolikogu,current,,,estleg:KOKS_Par_35_Lg_2,resolved,estleg:KOKS_Par_35,estleg:KOKS_Par_35_v104072017022,false,,true,2026-01-17
0480,Mulgi vald,0084,Viljandi maakond,estleg:Reg_1055015_Map,Mulgi valla lumetõrje teostamise kord,2022-11-04,inForce,estleg:Issuer_mulgi_vallavolikogu,current,,,estleg:EHS_Par_97,resolved,estleg:EHS_Par_97,estleg:EHS_Par_97_v103032017002,true,2023-07-01,true,2023-07-01
0480,Mulgi vald,0084,Viljandi maakond,estleg:Reg_1055015_Map,Mulgi valla lumetõrje teostamise kord,2022-11-04,inForce,estleg:Issuer_mulgi_vallavolikogu,current,,,estleg:KOKS_Par_22_Lg_1,resolved,estleg:KOKS_Par_22,estleg:KOKS_Par_22_v104012021007,true,2026-01-17,true,2023-07-01
0480,Mulgi vald,0084,Viljandi maakond,estleg:Reg_1055015_Map,Mulgi valla lumetõrje teostamise kord,2022-11-04,inForce,estleg:Issuer_mulgi_vallavolikogu,current,,,estleg:KOKS_Par_6_Lg_1,resolved,estleg:KOKS_Par_6,estleg:KOKS_Par_6_v104072017022,true,2025-09-01,true,2023-07-01
0480,Mulgi vald,0084,Viljandi maakond,estleg:Reg_1055687_Map,Mulgi valla jäätmehoolduseeskiri,2023-01-07,inForce,estleg:Issuer_mulgi_vallavolikogu,current,,,estleg:KOKS_Par_22_Lg_1,resolved,estleg:KOKS_Par_22,estleg:KOKS_Par_22_v104012021007,true,2026-01-17,true,2025-09-01
0480,Mulgi vald,0084,Viljandi maakond,estleg:Reg_1055687_Map,Mulgi valla jäätmehoolduseeskiri,2023-01-07,inForce,estleg:Issuer_mulgi_vallavolikogu,current,,,estleg:KOKS_Par_6_Lg_1,resolved,estleg:KOKS_Par_6,estleg:KOKS_Par_6_v104072017022,true,2025-09-01,true,2025-09-01
0480,Mulgi vald,0084,Viljandi maakond,estleg:Reg_1056238_Map,Viljandi maakonna arengustrateegia 2035,2023-03-18,inForce,estleg:Issuer_mulgi_vallavolikogu,current,,,estleg:KOKS_Par_6,resolved,estleg:KOKS_Par_6,estleg:KOKS_Par_6_v104072017022,true,2025-09-01,true,2025-09-01
0480,Mulgi vald,0084,Viljandi maakond,estleg:Reg_1056494_Map,Mulgi valla ühisveevärgi ja -kanalisatsiooniga liitumise ja kasutamise eeskiri,2023-04-15,inForce,estleg:Issuer_mulgi_vallavolikogu,current,,,estleg:UHISVE_Par_5_Lg_2,resolved,estleg:UHISVE_Par_5,estleg:UHISVE_Par_5_v101042014005,true,2023-07-01,true,2023-07-01
0480,Mulgi vald,0084,Viljandi maakond,estleg:Reg_1056697_Map,Üldhooldusteenuse hoolduskulude piirmäära kehtestamine,2023-07-01,inForce,estleg:Issuer_mulgi_vallavolikogu,current,,,estleg:KOKS_Par_22_Lg_2,resolved,estleg:KOKS_Par_22,estleg:KOKS_Par_22_v104012021007,true,2026-01-17,true,2026-01-17
0480,Mulgi vald,0084,Viljandi maakond,estleg:Reg_1056697_Map,Üldhooldusteenuse hoolduskulude piirmäära kehtestamine,2023-07-01,inForce,estleg:Issuer_mulgi_vallavolikogu,current,,,estleg:SOTSIA_Par_22,resolved,estleg:SOTSIA_Par_22,estleg:SOTSIA_Par_22_v122122022013,false,,true,2026-01-17
0480,Mulgi vald,0084,Viljandi maakond,estleg:Reg_1057024_Map,Videovalve kasutamise nõuded Mulgi vallas,2023-07-07,inForce,estleg:Issuer_mulgi_vallavolikogu,current,,,estleg:KOKS_Par_6_Lg_3,resolved,estleg:KOKS_Par_6,estleg:KOKS_Par_6_v104072017022,true,2025-09-01,true,2025-09-01
0480,Mulgi vald,0084,Viljandi maakond,estleg:Reg_1058158_Map,Mulgi valla jäätmekava 2024-2029 vastuvõtmine,2024-01-07,inForce,estleg:Issuer_mulgi_vallavolikogu,current,,,estleg:KOKS_Par_22_Lg_1,resolved,estleg:KOKS_Par_22,estleg:KOKS_Par_22_v104012021007,true,2026-01-17,true,2026-01-17
0480,Mulgi vald,0084,Viljandi maakond,estleg:Reg_1058366_Map,Abja Lasteaia arengukava 2024-2027 kinnitamine,2024-02-12,inForce,estleg:Issuer_mulgi_vallavolikogu,current,,,estleg:KELS_Par_9,resolved,estleg:KELS_Par_9,estleg:KELS_Par_9_v13336294,false,,false,
0480,Mulgi vald,0084,Viljandi maakond,estleg:Reg_1058660_Map,Mulgi valla koolieelsetesse lasteasutustesse laste vastuvõtu ja sealt väljaarvamise kord,2024-04-06,inForce,estleg:Issuer_mulgi_vallavolikogu,current,,,estleg:KELS_Par_15,resolved,estleg:KELS_Par_15,estleg:KELS_Par_15_v120112014011,false,,false,
0480,Mulgi vald,0084,Viljandi maakond,estleg:Reg_1058660_Map,Mulgi valla koolieelsetesse lasteasutustesse laste vastuvõtu ja sealt väljaarvamise kord,2024-04-06,inForce,estleg:Issuer_mulgi_vallavolikogu,current,,,estleg:KOKS_Par_30_Lg_1,resolved,estleg:KOKS_Par_30,estleg:KOKS_Par_30_v104072017022,false,,false,
0480,Mulgi vald,0084,Viljandi maakond,estleg:Reg_1058848_Map,Halliste Põhikooli arengukava 2024-2030 kinnitamine,2024-05-13,inForce,estleg:Issuer_mulgi_vallavolikogu,current,,,,no_citation,,,,,,
0480,Mulgi vald,0084,Viljandi maakond,estleg:Reg_1058953_Map,Karksi-Nuia Lasteaia arengukava 2024-2028 kinnitamine,2024-06-04,inForce,estleg:Issuer_mulgi_vallavolikogu,current,,,estleg:KELS_Par_9,resolved,estleg:KELS_Par_9,estleg:KELS_Par_9_v13336294,false,,false,
0480,Mulgi vald,0084,Viljandi maakond,estleg:Reg_1058954_Map,Halliste Lasteaia „Pääsuke“ arengukava 2024-2027 kinnitamine,2024-06-04,inForce,estleg:Issuer_mulgi_vallavolikogu,current,,,estleg:KELS_Par_9,resolved,estleg:KELS_Par_9,estleg:KELS_Par_9_v13336294,false,,false,
0480,Mulgi vald,0084,Viljandi maakond,estleg:Reg_1059747_Map,Karksi-Nuia Kultuurikeskuse töötajate koosseisu kinnitamine,2024-10-28,inForce,estleg:Issuer_mulgi_vallavolikogu,current,,,estleg:KOKS_Par_35_Lg_2,resolved,estleg:KOKS_Par_35,estleg:KOKS_Par_35_v104072017022,false,,false,
0480,Mulgi vald,0084,Viljandi maakond,estleg:Reg_1060129_Map,"Mulgi valla eelarvest sotsiaaltoetuste taotlemise, määramise ja maksmise kord",2024-12-31,inForce,estleg:Issuer_mulgi_vallavolikogu,current,,,estleg:KOKS_Par_22_Lg_1,resolved,estleg:KOKS_Par_22,estleg:KOKS_Par_22_v104012021007,true,2026-01-17,true,2026-01-17
0480,Mulgi vald,0084,Viljandi maakond,estleg:Reg_1060129_Map,"Mulgi valla eelarvest sotsiaaltoetuste taotlemise, määramise ja maksmise kord",2024-12-31,inForce,estleg:Issuer_mulgi_vallavolikogu,current,,,estleg:SOTSIA_Par_14,resolved,estleg:SOTSIA_Par_14,estleg:SOTSIA_Par_14_v130122015005,false,,true,2026-01-17
0480,Mulgi vald,0084,Viljandi maakond,estleg:Reg_1060603_Map,Sotsiaalteenuste osutamise kord Mulgi vallas,2025-03-09,inForce,estleg:Issuer_mulgi_vallavolikogu,current,,,estleg:KOKS_Par_22_Lg_1,resolved,estleg:KOKS_Par_22,estleg:KOKS_Par_22_v104012021007,true,2026-01-17,true,2026-01-17
0480,Mulgi vald,0084,Viljandi maakond,estleg:Reg_1060603_Map,Sotsiaalteenuste osutamise kord Mulgi vallas,2025-03-09,inForce,estleg:Issuer_mulgi_vallavolikogu,current,,,estleg:SOTSIA_Par_14,resolved,estleg:SOTSIA_Par_14,estleg:SOTSIA_Par_14_v130122015005,false,,true,2026-01-17
0480,Mulgi vald,0084,Viljandi maakond,estleg:Reg_1060888_Map,Mulgi valla eelarvest põhikooli ja gümnaasiumi lõpetajatele toetuste maksmise kord,2025-04-29,inForce,estleg:Issuer_mulgi_vallavolikogu,current,,,estleg:KOKS_Par_22_Lg_1,resolved,estleg:KOKS_Par_22,estleg:KOKS_Par_22_v104012021007,true,2026-01-17,true,2026-01-17
0480,Mulgi vald,0084,Viljandi maakond,estleg:Reg_1060889_Map,Õisu Lasteaia arengukava 2025-2028 kinnitamine,2025-05-03,inForce,estleg:Issuer_mulgi_vallavolikogu,current,,,estleg:KELS_Par_9,resolved,estleg:KELS_Par_9,estleg:KELS_Par_9_v13336294,false,,false,
0480,Mulgi vald,0084,Viljandi maakond,estleg:Reg_1061207_Map,Mõisaküla Lasteaia arengukava 2025-2029 kinnitamine,2025-06-24,inForce,estleg:Issuer_mulgi_vallavolikogu,current,,,estleg:KELS_Par_9,resolved,estleg:KELS_Par_9,estleg:KELS_Par_9_v13336294,false,,false,
0480,Mulgi vald,0084,Viljandi maakond,estleg:Reg_1061208_Map,Mulgi valla korraldavate elutähtsate teenuste kirjeldus ja toimepidevuse nõuded,2025-06-24,inForce,estleg:Issuer_mulgi_vallavolikogu,current,,,estleg:HADAOL_Par_37_Lg_2,resolved,estleg:HADAOL_Par_37,estleg:HADAOL_Par_37_v108102024027,false,,false,
0480,Mulgi vald,0084,Viljandi maakond,estleg:Reg_1061991_Map,Mulgi valla arengukava 2024-2030 ja Mulgi valla eelarvestrateegia 2024-2029,2026-01-01,inForce,estleg:Issuer_mulgi_vallavolikogu,current,,,estleg:KOKS_Par_22_Lg_1,resolved,estleg:KOKS_Par_22,estleg:KOKS_Par_22_v104012021007,true,2026-01-17,true,2026-01-17
0480,Mulgi vald,0084,Viljandi maakond,estleg:Reg_1061991_Map,Mulgi valla arengukava 2024-2030 ja Mulgi valla eelarvestrateegia 2024-2029,2026-01-01,inForce,estleg:Issuer_mulgi_vallavolikogu,current,,,estleg:KOKS_Par_37,resolved,estleg:KOKS_Par_37,estleg:KOKS_Par_37_v104072017022,false,,true,2026-01-17
0480,Mulgi vald,0084,Viljandi maakond,estleg:Reg_1061992_Map,Maamaksumäärade kehtestamine,2026-01-01,inForce,estleg:Issuer_mulgi_vallavolikogu,current,,,estleg:KOKS_Par_22_Lg_1,resolved,estleg:KOKS_Par_22,estleg:KOKS_Par_22_v104012021007,true,2026-01-17,true,2026-01-17
0480,Mulgi vald,0084,Viljandi maakond,estleg:Reg_1061992_Map,Maamaksumäärade kehtestamine,2026-01-01,inForce,estleg:Issuer_mulgi_vallavolikogu,current,,,estleg:MAAMAK_Par_5_Lg_1,resolved,estleg:MAAMAK_Par_5,estleg:MAAMAK_Par_5_v130062024003,false,,true,2026-01-17
0480,Mulgi vald,0084,Viljandi maakond,estleg:Reg_1061992_Map,Maamaksumäärade kehtestamine,2026-01-01,inForce,estleg:Issuer_mulgi_vallavolikogu,current,,,estleg:MAAMAK_Par_8,resolved,estleg:MAAMAK_Par_8,estleg:MAAMAK_Par_8_v123122020010,false,,true,2026-01-17
0480,Mulgi vald,0084,Viljandi maakond,estleg:Reg_1061993_Map,Abja Lasteaia põhimäärus,2025-10-07,inForce,estleg:Issuer_mulgi_vallavolikogu,current,,,estleg:KOKS_Par_22_Lg_1,resolved,estleg:KOKS_Par_22,estleg:KOKS_Par_22_v104012021007,true,2026-01-17,true,2026-01-17
0480,Mulgi vald,0084,Viljandi maakond,estleg:Reg_1061995_Map,Karksi-Nuia Lasteaia põhimäärus,2025-10-07,inForce,estleg:Issuer_mulgi_vallavolikogu,current,,,estleg:KOKS_Par_22_Lg_1,resolved,estleg:KOKS_Par_22,estleg:KOKS_Par_22_v104012021007,true,2026-01-17,true,2026-01-17
0480,Mulgi vald,0084,Viljandi maakond,estleg:Reg_1061996_Map,Halliste Lasteaed Pääsuke põhimäärus,2025-10-07,inForce,estleg:Issuer_mulgi_vallavolikogu,current,,,estleg:KOKS_Par_22_Lg_1,resolved,estleg:KOKS_Par_22,estleg:KOKS_Par_22_v104012021007,true,2026-01-17,true,2026-01-17
0480,Mulgi vald,0084,Viljandi maakond,estleg:Reg_1061999_Map,Mõisaküla Lasteaia põhimäärus,2025-10-07,inForce,estleg:Issuer_mulgi_vallavolikogu,current,,,estleg:KOKS_Par_22_Lg_1,resolved,estleg:KOKS_Par_22,estleg:KOKS_Par_22_v104012021007,true,2026-01-17,true,2026-01-17
0480,Mulgi vald,0084,Viljandi maakond,estleg:Reg_1062000_Map,Õisu Lasteaia põhimäärus,2025-10-07,inForce,estleg:Issuer_mulgi_vallavolikogu,current,,,estleg:KOKS_Par_22_Lg_1,resolved,estleg:KOKS_Par_22,estleg:KOKS_Par_22_v104012021007,true,2026-01-17,true,2026-01-17
0480,Mulgi vald,0084,Viljandi maakond,estleg:Reg_1062371_Map,Mulgi Vallavolikogu tööst osavõtu eest makstava tasu suurus ja maksmise kord,2025-12-12,inForce,estleg:Issuer_mulgi_vallavolikogu,current,,,estleg:KOKS_Par_22_Lg_1,resolved,estleg:KOKS_Par_22,estleg:KOKS_Par_22_v104012021007,true,2026-01-17,true,2026-01-17
0480,Mulgi vald,0084,Viljandi maakond,estleg:Reg_1062804_Map,Alusharidusseadusest tulenevate kohaliku omavalitsuse üksuse ülesannete delegeerimine,2026-02-06,inForce,estleg:Issuer_mulgi_vallavolikogu,current,,,estleg:KOKS_Par_22_Lg_2,resolved,estleg:KOKS_Par_22,estleg:KOKS_Par_22_v107012026022,false,,false,
0480,Mulgi vald,0084,Viljandi maakond,estleg:Reg_1062804_Map,Alusharidusseadusest tulenevate kohaliku omavalitsuse üksuse ülesannete delegeerimine,2026-02-06,inForce,estleg:Issuer_mulgi_vallavolikogu,current,,,estleg:haldusmenetluse_seadus_Par_8_Lg_2,resolved,estleg:haldusmenetluse_seadus_Par_8,estleg:haldusmenetluse_seadus_Par_8_v27131,false,,false,
0480,Mulgi vald,0084,Viljandi maakond,estleg:Reg_1062805_Map,Mulgi valla munitsipaallasteaia ja -lastehoiu vanema osalustasu ja selle tasumise kord,2026-02-09,inForce,estleg:Issuer_mulgi_vallavolikogu,current,,,estleg:KOKS_Par_6_Lg_3,resolved,estleg:KOKS_Par_6,estleg:KOKS_Par_6_v109012025005,false,,false,
0480,Mulgi vald,0084,Viljandi maakond,estleg:Reg_1062805_Map,Mulgi valla munitsipaallasteaia ja -lastehoiu vanema osalustasu ja selle tasumise kord,2026-02-09,inForce,estleg:Issuer_mulgi_vallavolikogu,current,,,estleg:alusharidusseadus_Par_46_Lg_3,resolved,estleg:alusharidusseadus_Par_46,estleg:alusharidusseadus_Par_46_v101072025002,false,,false,
0480,Mulgi vald,0084,Viljandi maakond,estleg:Reg_1062915_Map,August Kitzbergi nimelise Gümnaasiumi arengukava 2026-2028 kinnitamine,2026-02-28,inForce,estleg:Issuer_mulgi_vallavolikogu,current,,,,no_citation,,,,,,
0480,Mulgi vald,0084,Viljandi maakond,estleg:Reg_1062916_Map,Mulgi valla 2026. aasta eelarve,2026-02-24,inForce,estleg:Issuer_mulgi_vallavolikogu,current,,,estleg:KOFS_Par_23,resolved,estleg:KOFS_Par_23,estleg:KOFS_Par_23_v131122025009,false,,false,
0480,Mulgi vald,0084,Viljandi maakond,estleg:Reg_1062916_Map,Mulgi valla 2026. aasta eelarve,2026-02-24,inForce,estleg:Issuer_mulgi_vallavolikogu,current,,,estleg:KOKS_Par_22_Lg_1,resolved,estleg:KOKS_Par_22,estleg:KOKS_Par_22_v107012026022,false,,false,
0480,Mulgi vald,0084,Viljandi maakond,estleg:Reg_1062917_Map,Elutähtsa teenuse osutajate määramine Mulgi vallas,2026-02-23,inForce,estleg:Issuer_mulgi_vallavolikogu,current,,,estleg:HADAOL_Par_38_Lg_1,resolved,estleg:HADAOL_Par_38,estleg:HADAOL_Par_38_v130122025019,false,,false,
0480,Mulgi vald,0084,Viljandi maakond,estleg:Reg_1063178_Map,Mulgi valla 2026. aasta esimene lisaeelarve,2026-03-31,inForce,estleg:Issuer_mulgi_vallavolikogu,current,,,estleg:KOFS_Par_26,resolved,estleg:KOFS_Par_26,estleg:KOFS_Par_26_v131122025009,false,,false,
0480,Mulgi vald,0084,Viljandi maakond,estleg:Reg_1063178_Map,Mulgi valla 2026. aasta esimene lisaeelarve,2026-03-31,inForce,estleg:Issuer_mulgi_vallavolikogu,current,,,estleg:KOKS_Par_22_Lg_1,resolved,estleg:KOKS_Par_22,estleg:KOKS_Par_22_v107012026022,false,,false,
0480,Mulgi vald,0084,Viljandi maakond,estleg:Reg_1063179_Map,Mulgi valla teehoiukava 2026–2029,2026-04-04,inForce,estleg:Issuer_mulgi_vallavolikogu,current,,,estleg:KOKS_Par_22_Lg_1,resolved,estleg:KOKS_Par_22,estleg:KOKS_Par_22_v107012026022,false,,false,
0480,Mulgi vald,0084,Viljandi maakond,estleg:Reg_1063179_Map,Mulgi valla teehoiukava 2026–2029,2026-04-04,inForce,estleg:Issuer_mulgi_vallavolikogu,current,,,estleg:KOKS_Par_37_Lg_3,resolved,estleg:KOKS_Par_37,estleg:KOKS_Par_37_v104072017022,false,,false,
0480,Mulgi vald,0084,Viljandi maakond,estleg:Reg_1063179_Map,Mulgi valla teehoiukava 2026–2029,2026-04-04,inForce,estleg:Issuer_mulgi_vallavolikogu,current,,,estleg:KOKS_Par_6_Lg_1,resolved,estleg:KOKS_Par_6,estleg:KOKS_Par_6_v109012025005,false,,false,
