iri,rt_id,global_id,title,level,regulation_type,document_type,act_number,issuer,issuer_iri,municipality_ehak,municipality,county_code,county,municipality_status,historical_municipality,kehtiv,temporal_status,entry_into_force,repeal_date,last_amended,publication_date,issued_under,enabling_provisions,enabling_provision_count,enabling_provision_outdated,earliest_superseding_date,provision_count,source_url
estleg:Reg_1003313_Map,1003313,431102018025,Abja Noortekeskuse asutamine ja põhimääruse kinnitamine,kov,,määrus,4,Abja Vallavolikogu,estleg:Issuer_abja_vallavolikogu,0480,Mulgi vald,0084,Viljandi maakond,abolished,estleg:HistoricalMunicipality_0105,2026-10-09,inForce,2009-12-25,,,2012-06-08,estleg:KOKS_Map,estleg:KOKS_Par_22_Lg_1;estleg:KOKS_Par_35_Lg_1,2,true,2011-01-01,4,https://www.riigiteataja.ee/akt/431102018025.xml
estleg:Reg_1003314_Map,1003314,431102018024,Abja Päevakeskuse asutamine ja põhimääruse kinnitamine,kov,,määrus,5,Abja Vallavolikogu,estleg:Issuer_abja_vallavolikogu,0480,Mulgi vald,0084,Viljandi maakond,abolished,estleg:HistoricalMunicipality_0105,2026-10-09,inForce,2009-12-25,,2018-10-17,2012-06-08,estleg:KOKS_Map,estleg:KOKS_Par_22_Lg_1;estleg:KOKS_Par_35_Lg_1,2,true,2011-01-01,3,https://www.riigiteataja.ee/akt/431102018024.xml
estleg:Reg_1003627_Map,1003627,427062012016,Abja valla teede kasutamise ja kaitse eeskiri,kov,,määrus,59,Abja Vallavolikogu,estleg:Issuer_abja_vallavolikogu,0480,Mulgi vald,0084,Viljandi maakond,abolished,estleg:HistoricalMunicipality_0105,2026-10-09,repealed,2012-06-01,2026-05-04,,2012-06-27,estleg:KOKS_Map;estleg:TeeS_Map,estleg:KOKS_Par_6_Lg_1;estleg:TeeS_Map;estleg:TeeS_Par_14;estleg:TeeS_Par_25;estleg:TeeS_Par_32,5,,,13,https://www.riigiteataja.ee/akt/427062012016.xml
estleg:Reg_1003628_Map,1003628,427062012017,Abja valla teede ja erateede avalikuks kasutamiseks määramine ning korraldamise eest vastutava isiku määramine,kov,,määrus,58,Abja Vallavolikogu,estleg:Issuer_abja_vallavolikogu,0480,Mulgi vald,0084,Viljandi maakond,abolished,estleg:HistoricalMunicipality_0105,2026-10-09,repealed,2012-06-01,2026-05-04,,2012-06-27,estleg:KOKS_Map;estleg:TeeS_Map,estleg:KOKS_Par_6_Lg_1;estleg:TeeS_Par_4,2,,,4,https://www.riigiteataja.ee/akt/427062012017.xml
estleg:Reg_1003633_Map,1003633,427062012022,Teede valla omandisse võtmise ja avalikuks kasutamiseks määramise kord,kov,,määrus,60,Abja Vallavolikogu,estleg:Issuer_abja_vallavolikogu,0480,Mulgi vald,0084,Viljandi maakond,abolished,estleg:HistoricalMunicipality_0105,2026-10-09,repealed,2012-06-01,2026-05-04,,2012-06-27,estleg:KOKS_Map;estleg:TeeS_Map,estleg:KOKS_Par_6_Lg_1;estleg:TeeS_Par_4,2,,,12,https://www.riigiteataja.ee/akt/427062012022.xml
estleg:Reg_1006236_Map,1006236,401112012022,Abja valla kalmistute kasutamise eeskiri,kov,,määrus,81,Abja Vallavolikogu,estleg:Issuer_abja_vallavolikogu,0480,Mulgi vald,0084,Viljandi maakond,abolished,estleg:HistoricalMunicipality_0105,2026-10-09,inForce,2012-11-04,,,2012-11-01,estleg:KOKS_Map;estleg:KalmS_Map,estleg:KalmS_Par_7_Lg_1;estleg:KOKS_Par_22_Lg_1,2,true,2013-01-01,15,https://www.riigiteataja.ee/akt/401112012022.xml
estleg:Reg_1007599_Map,1007599,429112012001,Abja valla kohalike maanteede ja Abja-Paluoja linna tänavate nimekirja kinnitamine ja avalikuks kasutamiseks määramine,kov,,määrus,91,Abja Vallavolikogu,estleg:Issuer_abja_vallavolikogu,0480,Mulgi vald,0084,Viljandi maakond,abolished,estleg:HistoricalMunicipality_0105,2026-10-09,repealed,2012-12-02,2026-05-04,,2012-11-29,estleg:KOKS_Map;estleg:TeeS_Map,estleg:KOKS_Par_6_Lg_4;estleg:KOKS_Par_22_Lg_2;estleg:TeeS_Par_4;estleg:TeeS_Map,4,,,2,https://www.riigiteataja.ee/akt/429112012001.xml
estleg:Reg_1007602_Map,1007602,428112012034,Koolitöötajate koosseisu kinnitamise kord,kov,,määrus,87,Abja Vallavolikogu,estleg:Issuer_abja_vallavolikogu,0480,Mulgi vald,0084,Viljandi maakond,abolished,estleg:HistoricalMunicipality_0105,2026-10-09,repealed,2012-12-01,2026-05-04,,2012-11-28,,,0,,,2,https://www.riigiteataja.ee/akt/428112012034.xml
estleg:Reg_1016141_Map,1016141,403092013010,Abja valla aadressitähiste eeskiri,kov,,määrus,103,Abja Vallavolikogu,estleg:Issuer_abja_vallavolikogu,0480,Mulgi vald,0084,Viljandi maakond,abolished,estleg:HistoricalMunicipality_0105,2026-10-09,repealed,2013-09-06,2026-05-04,,2013-09-03,estleg:KOKS_Map;estleg:TeeS_Map,estleg:KOKS_Par_6_Lg_3;estleg:TeeS_Par_2;estleg:TeeS_Par_12,3,,,6,https://www.riigiteataja.ee/akt/403092013010.xml
estleg:Reg_1017362_Map,1017362,429042014022,Abja valla teede ja erateede avalikuks kasutamiseks määramine ning teehoiu korraldamise eest vastutava isiku määramine,kov,,määrus,106,Abja Vallavolikogu,estleg:Issuer_abja_vallavolikogu,0480,Mulgi vald,0084,Viljandi maakond,abolished,estleg:HistoricalMunicipality_0105,2026-10-09,repealed,2013-11-01,2026-05-04,2014-04-16,2013-10-19,estleg:KOKS_Map;estleg:TeeS_Map,estleg:KOKS_Par_6_Lg_1;estleg:TeeS_Par_4,2,,,4,https://www.riigiteataja.ee/akt/429042014022.xml
estleg:Reg_1025479_Map,1025479,408012019078,Abja Spordi- ja Tervisekeskuse asutamine ja põhimääruse kinnitamine,kov,,määrus,21,Abja Vallavolikogu,estleg:Issuer_abja_vallavolikogu,0480,Mulgi vald,0084,Viljandi maakond,abolished,estleg:HistoricalMunicipality_0105,2026-10-09,inForce,2014-09-01,,2018-12-19,2014-08-22,estleg:KOKS_Map,estleg:KOKS_Par_7_Lg_1;estleg:KOKS_Par_22_Lg_1,2,true,2015-03-22,3,https://www.riigiteataja.ee/akt/408012019078.xml
estleg:Reg_1033307_Map,1033307,129032023025,"Töövõime hindamiseks, puude raskusastme tuvastamiseks ning hüvitiste määramiseks ja maksmiseks vajalike tervise infosüsteemi andmete loetelu ja päringute perioodid",state,MinisterialRegulation,määrus,15,Sotsiaalkaitseminister ning tervise- ja tööminister,,,,,,,,2026-10-09,inForce,2016-07-01,,2023-03-23,2016-02-26,estleg:AVALIK_Map;estleg:OHVRIA_Map;estleg:PISTS_Map;estleg:RPKS_Map;estleg:TOOVOI_Map;estleg:TTOS_Map,estleg:AVALIK_Par_49;estleg:OHVRIA_Par_46_Lg_4;estleg:PISTS_Par_2;estleg:RPKS_Par_31_Lg_9;estleg:TTOS_Par_24;estleg:TOOVOI_Par_7_Lg_5,6,,,4,https://www.riigiteataja.ee/akt/129032023025.xml
estleg:Reg_1035064_Map,1035064,402062016023,Abja-Paluja soojusmajanduse arengukava aastateks 2016-2026 kinnitamine,kov,,määrus,49,Abja Vallavolikogu,estleg:Issuer_abja_vallavolikogu,0480,Mulgi vald,0084,Viljandi maakond,abolished,estleg:HistoricalMunicipality_0105,2026-10-09,inForce,2016-06-05,2026-12-31,,2016-06-02,estleg:KOKS_Map,estleg:KOKS_Par_22_Lg_1;estleg:KOKS_Par_37_Lg_3,2,true,2016-07-01,2,https://www.riigiteataja.ee/akt/402062016023.xml
estleg:Reg_1039736_Map,1039736,423082017003,Abja Muusikakooli õpetajate töötasu alammäära kinnitamine,kov,,määrus,61,Abja Vallavolikogu,estleg:Issuer_abja_vallavolikogu,0480,Mulgi vald,0084,Viljandi maakond,abolished,estleg:HistoricalMunicipality_0105,2026-10-09,repealed,2017-08-26,2026-05-04,,2017-08-23,estleg:KOKS_Map,estleg:KOKS_Par_6_Lg_3,1,,,5,https://www.riigiteataja.ee/akt/423082017003.xml
estleg:Reg_1040287_Map,1040287,431102018031,Abja Turu asutamine ja põhimääruse kinnitamine,kov,,määrus,64,Abja Vallavolikogu,estleg:Issuer_abja_vallavolikogu,0480,Mulgi vald,0084,Viljandi maakond,abolished,estleg:HistoricalMunicipality_0105,2026-10-09,inForce,2017-10-08,,2018-10-17,2017-10-05,estleg:KOKS_Map,estleg:KOKS_Par_22_Lg_1;estleg:KOKS_Par_35_Lg_1,2,true,2018-01-01,3,https://www.riigiteataja.ee/akt/431102018031.xml
estleg:Reg_1044422_Map,1044422,405102018071,Hooldajatoetusega seonduvate vormide kinnitamine,kov,,määrus,4,Kastre Vallavalitsus,estleg:Issuer_kastre_vallavalitsus,0291,Kastre vald,0079,Tartu maakond,current,,2026-10-09,inForce,2018-10-08,,,2018-10-05,,,0,,,2,https://www.riigiteataja.ee/akt/405102018071.xml
estleg:Reg_1044424_Map,1044424,404122020072,Kastre valla kriisikomisjoni põhimäärus,kov,,määrus,5,Kastre Vallavalitsus,estleg:Issuer_kastre_vallavalitsus,0291,Kastre vald,0079,Tartu maakond,current,,2026-10-09,inForce,2018-10-08,,2020-11-26,2018-10-05,estleg:HADAOL_Map;estleg:KOKS_Map;estleg:Reg_1040980_Map,estleg:KOKS_Par_30_Lg_1;estleg:KOKS_Par_49_Lg_11;estleg:HADAOL_Par_6_Lg_5,3,true,2020-01-01,9,https://www.riigiteataja.ee/akt/404122020072.xml
estleg:Reg_1044571_Map,1044571,420102018030,Teenistujate värbamise ja valiku kord,kov,,määrus,7,Kastre Vallavalitsus,estleg:Issuer_kastre_vallavalitsus,0291,Kastre vald,0079,Tartu maakond,current,,2026-10-09,inForce,2018-10-23,,,2018-10-20,estleg:AVALIK_Map;estleg:KOKS_Map,estleg:KOKS_Par_30_Lg_1;estleg:AVALIK_Par_18_Lg_7,2,false,,12,https://www.riigiteataja.ee/akt/420102018030.xml
estleg:Reg_1044813_Map,1044813,410112018018,Koduteenuste pakettide maksumuse kinnitamine,kov,,määrus,8,Kastre Vallavalitsus,estleg:Issuer_kastre_vallavalitsus,0291,Kastre vald,0079,Tartu maakond,current,,2026-10-09,inForce,2018-11-13,,,2018-11-10,estleg:Reg_1044532_Map,,0,,,3,https://www.riigiteataja.ee/akt/410112018018.xml
estleg:Reg_1044814_Map,1044814,410112018019,Koduteenuste osutamisega seonduvate vormide kinnitamine,kov,,määrus,9,Kastre Vallavalitsus,estleg:Issuer_kastre_vallavalitsus,0291,Kastre vald,0079,Tartu maakond,current,,2026-10-09,inForce,2018-11-13,,,2018-11-10,estleg:Reg_1044532_Map,,0,,,3,https://www.riigiteataja.ee/akt/410112018019.xml
estleg:Reg_1047825_Map,1047825,107112025009,Liiga laialdase kasutusega perekonnanimede loetelu,state,MinisterialRegulation,määrus,31,Rahvastikuminister,,,,,,,,2026-10-09,inForce,2019-10-11,,2025-11-04,2019-10-08,estleg:NS_Map,estleg:NS_Par_17,1,,,2,https://www.riigiteataja.ee/akt/107112025009.xml
estleg:Reg_1048498_Map,1048498,121122019031,Euroopa Parlamendi ja nõukogu määruse (EL) nr 2019/788 „Euroopa kodanikualgatuse kohta” alusel esitatud toetusavalduste kontrollimise ja tõendamise kord,state,MinisterialRegulation,määrus,40,Rahvastikuminister,,,,,,,,2026-10-09,inForce,2020-01-01,,,2019-12-21,,,0,,,5,https://www.riigiteataja.ee/akt/121122019031.xml
estleg:Reg_1049113_Map,1049113,412032020005,Isikliku abistaja teenuse osutamisega seonduvate vormide kinnitamine,kov,,määrus,4,Kastre Vallavalitsus,estleg:Issuer_kastre_vallavalitsus,0291,Kastre vald,0079,Tartu maakond,current,,2026-10-09,inForce,2020-03-15,,,2020-03-12,estleg:Reg_1049030_Map,,0,,,3,https://www.riigiteataja.ee/akt/412032020005.xml
estleg:Reg_1049579_Map,1049579,426052020013,Koolikohustuse täitmise tagamise kord,kov,,määrus,5,Kastre Vallavalitsus,estleg:Issuer_kastre_vallavalitsus,0291,Kastre vald,0079,Tartu maakond,current,,2026-10-09,inForce,2020-05-29,,,2020-05-26,estleg:POHIKO_Map,estleg:POHIKO_Par_9;estleg:POHIKO_Par_11;estleg:POHIKO_Par_12;estleg:POHIKO_Par_13;estleg:POHIKO_Par_36,5,,,8,https://www.riigiteataja.ee/akt/426052020013.xml
estleg:Reg_1049606_Map,1049606,126092020004,"Eriolukorra mõju leevendamiseks ette nähtud toetuste taotlemise, eraldamise ja kasutamise tingimused ja kord usulistele ühendustele, mittetulundusühingutele ja sihtasutustele",state,MinisterialRegulation,määrus,18,Rahvastikuminister,,,,,,,,2026-10-09,inForce,2020-06-01,,2020-09-25,2020-05-29,estleg:REELS_Map,estleg:REELS_Par_53,1,,,11,https://www.riigiteataja.ee/akt/126092020004.xml
estleg:Reg_1050675_Map,1050675,401122020030,Munitsipaaleluruumide üürihindade kehtestamine,kov,,määrus,6,Kastre Vallavalitsus,estleg:Issuer_kastre_vallavalitsus,0291,Kastre vald,0079,Tartu maakond,current,,2026-10-09,inForce,2020-12-04,,,2020-12-01,estleg:Reg_1044418_Map,,0,,,3,https://www.riigiteataja.ee/akt/401122020030.xml
estleg:Reg_1052452_Map,1052452,427082021040,Valimisjaoskondade moodustamine,kov,,määrus,5,Kastre Vallavalitsus,estleg:Issuer_kastre_vallavalitsus,0291,Kastre vald,0079,Tartu maakond,current,,2026-10-09,inForce,2021-08-30,,,2021-08-27,estleg:EPV_Map;estleg:KOVVS_Map;estleg:RAHVAH_Map;estleg:RIIGIK_2_Map,estleg:KOVVS_Par_22_Lg_2;estleg:KOVVS_Par_47;estleg:RAHVAH_Par_17_Lg_2;estleg:RAHVAH_Par_38;estleg:RIIGIK_2_Par_19_Lg_2;estleg:RIIGIK_2_Par_41;estleg:EPV_Par_13_Lg_2;estleg:EPV_Par_44,8,true,2024-10-01,4,https://www.riigiteataja.ee/akt/427082021040.xml
estleg:Reg_1053078_Map,1053078,117122021007,Avatud taotlusvooru „Taastava õiguse arendamine Eestis II” toetuse andmise tingimused ja kord,state,MinisterialRegulation,määrus,47,Sotsiaalkaitseminister ning tervise- ja tööminister,,,,,,,,2026-10-09,inForce,2021-12-20,2029-07-23,,2021-12-17,estleg:VALISS_Map,estleg:VALISS_Par_8_Lg_4,1,,,30,https://www.riigiteataja.ee/akt/117122021007.xml
estleg:Reg_1053620_Map,1053620,412052026018,Kastre valla ametiautode ja isikliku sõiduauto ametisõitudeks kasutamise kord,kov,,määrus,3,Kastre Vallavalitsus,estleg:Issuer_kastre_vallavalitsus,0291,Kastre vald,0079,Tartu maakond,current,,2026-10-09,inForce,2022-03-01,,2026-04-30,2022-02-26,estleg:AVALIK_Map;estleg:Reg_305880_Map;estleg:TULUMA_Map,estleg:AVALIK_Par_47;estleg:TULUMA_Par_13_Lg_3;estleg:TULUMA_Par_48_Lg_4;estleg:TULUMA_Par_48_Lg_8,4,true,2022-06-27,7,https://www.riigiteataja.ee/akt/412052026018.xml
estleg:Reg_1055820_Map,1055820,427012023008,Sotsiaaltransporditeenuse hindade kehtestamine,kov,,määrus,1,Kastre Vallavalitsus,estleg:Issuer_kastre_vallavalitsus,0291,Kastre vald,0079,Tartu maakond,current,,2026-10-09,inForce,2023-01-30,,,2023-01-27,estleg:Reg_1052121_Map;estleg:SOTSIA_Map,estleg:SOTSIA_Par_40,1,,,3,https://www.riigiteataja.ee/akt/427012023008.xml
estleg:Reg_1063498_Map,1063498,415052026001,Õppimiskohustuse täitmise tagamise kord,kov,,määrus,2,Kastre Vallavalitsus,estleg:Issuer_kastre_vallavalitsus,0291,Kastre vald,0079,Tartu maakond,,,2026-10-09,inForce,2026-06-01,,,2026-05-15,estleg:EVH_Map;estleg:POHIKO_Map,estleg:EVH_Map;estleg:POHIKO_Par_36,2,false,,6,https://www.riigiteataja.ee/akt/415052026001.xml
estleg:Reg_1063745_Map,1063745,417062026002,Sotsiaalteenuste hindade kehtestamine,kov,,määrus,3,Kastre Vallavalitsus,estleg:Issuer_kastre_vallavalitsus,0291,Kastre vald,0079,Tartu maakond,,,2026-10-09,inForce,2026-06-20,,,2026-06-17,estleg:Reg_1063349_Map;estleg:SOTSIA_Map,estleg:SOTSIA_Par_16,1,false,,12,https://www.riigiteataja.ee/akt/417062026002.xml
estleg:Reg_1063854_Map,1063854,426062026047,Lasteaia direktori vaba ametikoha täitmiseks korraldatava konkursi läbiviimise kord,kov,,määrus,5,Kastre Vallavalitsus,estleg:Issuer_kastre_vallavalitsus,0291,Kastre vald,0079,Tartu maakond,,,2026-10-09,inForce,2026-06-29,,,2026-06-26,estleg:Reg_1062959_Map;estleg:alusharidusseadus_Map,estleg:alusharidusseadus_Par_25_Lg_4,1,false,,9,https://www.riigiteataja.ee/akt/426062026047.xml
estleg:Reg_1063895_Map,1063895,430062026051,Elukohajärgse munitsipaalkooli määramine,kov,,määrus,4,Kastre Vallavalitsus,estleg:Issuer_kastre_vallavalitsus,0291,Kastre vald,0079,Tartu maakond,,,2026-10-09,inForce,2026-07-03,,,2026-06-30,estleg:POHIKO_Map,estleg:POHIKO_Par_7_Lg_2,1,false,,4,https://www.riigiteataja.ee/akt/430062026051.xml
estleg:Reg_1064562_Map,1064562,402102026047,Kastre valla haridusasutuste direktorite arenguvestluse läbiviimise kord,kov,,määrus,6,Kastre Vallavalitsus,estleg:Issuer_kastre_vallavalitsus,0291,Kastre vald,0079,Tartu maakond,,,2026-10-09,inForce,2026-10-05,,,2026-10-02,estleg:POHIKO_Map,estleg:POHIKO_Par_71_Lg_8,1,false,,4,https://www.riigiteataja.ee/akt/402102026047.xml
