iri,provision,type,min,max,unit,act,subject,subject_source,subject_person_type,currency,amount_eur_min,amount_eur_max,statutory_default,label
estleg:Sanction_ABIPOL_Par_43_Lg_1_arrest,estleg:ABIPOL_Par_43_Lg_1,arrest,,30,days,estleg:ABIPOL_Map,estleg:TargetGroup_PublicBody,targetGroup,natural_person,,,,true,"Arrest, max 30 days (ABIPOL)"
estleg:Sanction_ABIPOL_Par_43_Lg_1_fine,estleg:ABIPOL_Par_43_Lg_1,fine,,300,fine_units,estleg:ABIPOL_Map,estleg:TargetGroup_PublicBody,targetGroup,natural_person,,,1200,,"Fine, max 300 fine units (ABIPOL)"
estleg:Sanction_ABIPOL_Par_43_arrest,estleg:ABIPOL_Par_43,arrest,,30,days,estleg:ABIPOL_Map,estleg:TargetGroup_PublicBody,targetGroup,natural_person,,,,true,"Arrest, max 30 days (ABIPOL § 43.)"
estleg:Sanction_ABIPOL_Par_43_fine,estleg:ABIPOL_Par_43,fine,,300,fine_units,estleg:ABIPOL_Map,estleg:TargetGroup_PublicBody,targetGroup,natural_person,,,1200,,"Fine, max 300 fine units (ABIPOL § 43.)"
estleg:Sanction_AVTS_Par_51_Lg_3_coercive_payment,estleg:AVTS_Par_51_Lg_3,coercive_payment,,,,estleg:AVTS_Map,estleg:TargetGroup_PublicBody;estleg:TargetGroup_Official,targetGroup,,,,,,Coercive payment (AVTS)
estleg:Sanction_AVTS_Par_51_coercive_payment,estleg:AVTS_Par_51,coercive_payment,,,,estleg:AVTS_Map,estleg:TargetGroup_PublicBody;estleg:TargetGroup_Official,targetGroup,,,,,,Coercive payment (AVTS § 51.)
estleg:Sanction_AVTS_Par_54_1_Lg_1_fine,estleg:AVTS_Par_54_1_Lg_1,fine,,300,fine_units,estleg:AVTS_Map,estleg:TargetGroup_PublicBody,targetGroup,natural_person,,,1200,,"Fine, max 300 fine units (AVTS)"
estleg:Sanction_AVTS_Par_54_1_fine,estleg:AVTS_Par_54_1,fine,,300,fine_units,estleg:AVTS_Map,estleg:TargetGroup_PublicBody,targetGroup,natural_person,,,1200,,"Fine, max 300 fine units (AVTS § 54¹.)"
estleg:Sanction_ISIKUA_Par_56_Lg_3_coercive_payment,estleg:ISIKUA_Par_56_Lg_3,coercive_payment,,,,estleg:ISIKUA_Map,estleg:TargetGroup_Business;estleg:TargetGroup_PublicBody,targetGroup,,,,,,Coercive payment (ISIKUA)
estleg:Sanction_ISIKUA_Par_56_coercive_payment,estleg:ISIKUA_Par_56,coercive_payment,,,,estleg:ISIKUA_Map,estleg:TargetGroup_Citizen;estleg:TargetGroup_Business,targetGroup,,,,,,Coercive payment (ISIKUA § 56.)
estleg:Sanction_ISIKUA_Par_60_Lg_1_coercive_payment,estleg:ISIKUA_Par_60_Lg_1,coercive_payment,,20000000,monetary,estleg:ISIKUA_Map,estleg:TargetGroup_Business;estleg:TargetGroup_PublicBody,targetGroup,,EUR,,20000000,,"Coercive payment, max 20000000 EUR (ISIKUA)"
estleg:Sanction_ISIKUA_Par_60_coercive_payment,estleg:ISIKUA_Par_60,coercive_payment,,20000000,monetary,estleg:ISIKUA_Map,estleg:TargetGroup_Business;estleg:TargetGroup_PublicBody,targetGroup,,EUR,,20000000,,"Coercive payment, max 20000000 EUR (ISIKUA § 60.)"
estleg:Sanction_ISIKUA_Par_62_Lg_1_fine,estleg:ISIKUA_Par_62_Lg_1,fine,,10000000,monetary,estleg:ISIKUA_Map,estleg:TargetGroup_Business,targetGroup,legal_person,EUR,,10000000,,"Fine, max 10000000 EUR (ISIKUA)"
estleg:Sanction_ISIKUA_Par_62_Lg_2_fine,estleg:ISIKUA_Par_62_Lg_2,fine,,10000000,monetary,estleg:ISIKUA_Map,estleg:TargetGroup_Business;estleg:TargetGroup_Official,targetGroup,legal_person,EUR,,10000000,,"Fine, max 10000000 EUR (ISIKUA)"
estleg:Sanction_ISIKUA_Par_62_fine,estleg:ISIKUA_Par_62,fine,,10000000,monetary,estleg:ISIKUA_Map,estleg:TargetGroup_Business;estleg:TargetGroup_Official,targetGroup,legal_person,EUR,,10000000,,"Fine, max 10000000 EUR (ISIKUA § 62.)"
estleg:Sanction_ISIKUA_Par_63_Lg_1_fine,estleg:ISIKUA_Par_63_Lg_1,fine,,10000000,monetary,estleg:ISIKUA_Map,estleg:TargetGroup_Business;estleg:TargetGroup_Official,targetGroup,legal_person,EUR,,10000000,,"Fine, max 10000000 EUR (ISIKUA)"
estleg:Sanction_ISIKUA_Par_63_Lg_2_fine,estleg:ISIKUA_Par_63_Lg_2,fine,,10000000,monetary,estleg:ISIKUA_Map,estleg:TargetGroup_Business;estleg:TargetGroup_Official,targetGroup,legal_person,EUR,,10000000,,"Fine, max 10000000 EUR (ISIKUA)"
estleg:Sanction_ISIKUA_Par_63_fine,estleg:ISIKUA_Par_63,fine,,10000000,monetary,estleg:ISIKUA_Map,estleg:TargetGroup_Business;estleg:TargetGroup_Official,targetGroup,legal_person,EUR,,10000000,,"Fine, max 10000000 EUR (ISIKUA § 63.)"
estleg:Sanction_ISIKUA_Par_64_Lg_1_fine,estleg:ISIKUA_Par_64_Lg_1,fine,,10000000,monetary,estleg:ISIKUA_Map,estleg:TargetGroup_Business;estleg:TargetGroup_Official,targetGroup,legal_person,EUR,,10000000,,"Fine, max 10000000 EUR (ISIKUA)"
estleg:Sanction_ISIKUA_Par_64_Lg_2_fine,estleg:ISIKUA_Par_64_Lg_2,fine,,10000000,monetary,estleg:ISIKUA_Map,estleg:TargetGroup_Business;estleg:TargetGroup_Official,targetGroup,legal_person,EUR,,10000000,,"Fine, max 10000000 EUR (ISIKUA)"
estleg:Sanction_ISIKUA_Par_64_fine,estleg:ISIKUA_Par_64,fine,,10000000,monetary,estleg:ISIKUA_Map,estleg:TargetGroup_Business;estleg:TargetGroup_Official,targetGroup,legal_person,EUR,,10000000,,"Fine, max 10000000 EUR (ISIKUA § 64.)"
estleg:Sanction_ISIKUA_Par_65_Lg_1_fine,estleg:ISIKUA_Par_65_Lg_1,fine,,20000000,monetary,estleg:ISIKUA_Map,estleg:TargetGroup_Citizen,targetGroup,legal_person,EUR,,20000000,,"Fine, max 20000000 EUR (ISIKUA)"
estleg:Sanction_ISIKUA_Par_65_Lg_2_fine,estleg:ISIKUA_Par_65_Lg_2,fine,,20000000,monetary,estleg:ISIKUA_Map,estleg:TargetGroup_Business;estleg:TargetGroup_Official,targetGroup,legal_person,EUR,,20000000,,"Fine, max 20000000 EUR (ISIKUA)"
estleg:Sanction_ISIKUA_Par_65_fine,estleg:ISIKUA_Par_65,fine,,20000000,monetary,estleg:ISIKUA_Map,estleg:TargetGroup_Citizen;estleg:TargetGroup_Business,targetGroup,legal_person,EUR,,20000000,,"Fine, max 20000000 EUR (ISIKUA § 65.)"
estleg:Sanction_ISIKUA_Par_66_Lg_1_fine,estleg:ISIKUA_Par_66_Lg_1,fine,,20000000,monetary,estleg:ISIKUA_Map,estleg:TargetGroup_Citizen,targetGroup,legal_person,EUR,,20000000,,"Fine, max 20000000 EUR (ISIKUA)"
estleg:Sanction_ISIKUA_Par_66_Lg_2_fine,estleg:ISIKUA_Par_66_Lg_2,fine,,20000000,monetary,estleg:ISIKUA_Map,estleg:TargetGroup_Business;estleg:TargetGroup_Official,targetGroup,legal_person,EUR,,20000000,,"Fine, max 20000000 EUR (ISIKUA)"
estleg:Sanction_ISIKUA_Par_66_fine,estleg:ISIKUA_Par_66,fine,,20000000,monetary,estleg:ISIKUA_Map,estleg:TargetGroup_Citizen;estleg:TargetGroup_Business,targetGroup,legal_person,EUR,,20000000,,"Fine, max 20000000 EUR (ISIKUA § 66.)"
estleg:Sanction_ISIKUA_Par_67_Lg_1_fine,estleg:ISIKUA_Par_67_Lg_1,fine,,20000000,monetary,estleg:ISIKUA_Map,estleg:TargetGroup_Business;estleg:TargetGroup_Official,targetGroup,legal_person,EUR,,20000000,,"Fine, max 20000000 EUR (ISIKUA)"
estleg:Sanction_ISIKUA_Par_67_Lg_2_fine,estleg:ISIKUA_Par_67_Lg_2,fine,,20000000,monetary,estleg:ISIKUA_Map,estleg:TargetGroup_Business;estleg:TargetGroup_Official,targetGroup,legal_person,EUR,,20000000,,"Fine, max 20000000 EUR (ISIKUA)"
estleg:Sanction_ISIKUA_Par_67_fine,estleg:ISIKUA_Par_67,fine,,20000000,monetary,estleg:ISIKUA_Map,estleg:TargetGroup_Business;estleg:TargetGroup_Official,targetGroup,legal_person,EUR,,20000000,,"Fine, max 20000000 EUR (ISIKUA § 67.)"
estleg:Sanction_ISIKUA_Par_68_Lg_1_fine,estleg:ISIKUA_Par_68_Lg_1,fine,,20000000,monetary,estleg:ISIKUA_Map,estleg:TargetGroup_Business;estleg:TargetGroup_Official,targetGroup,legal_person,EUR,,20000000,,"Fine, max 20000000 EUR (ISIKUA)"
estleg:Sanction_ISIKUA_Par_68_Lg_2_fine,estleg:ISIKUA_Par_68_Lg_2,fine,,20000000,monetary,estleg:ISIKUA_Map,estleg:TargetGroup_Business;estleg:TargetGroup_Official,targetGroup,legal_person,EUR,,20000000,,"Fine, max 20000000 EUR (ISIKUA)"
estleg:Sanction_ISIKUA_Par_68_fine,estleg:ISIKUA_Par_68,fine,,20000000,monetary,estleg:ISIKUA_Map,estleg:TargetGroup_Business;estleg:TargetGroup_Official,targetGroup,legal_person,EUR,,20000000,,"Fine, max 20000000 EUR (ISIKUA § 68.)"
estleg:Sanction_ISIKUA_Par_69_Lg_1_fine,estleg:ISIKUA_Par_69_Lg_1,fine,,20000000,monetary,estleg:ISIKUA_Map,estleg:TargetGroup_Business;estleg:TargetGroup_PublicBody,targetGroup,legal_person,EUR,,20000000,,"Fine, max 20000000 EUR (ISIKUA)"
estleg:Sanction_ISIKUA_Par_69_Lg_2_fine,estleg:ISIKUA_Par_69_Lg_2,fine,,20000000,monetary,estleg:ISIKUA_Map,estleg:TargetGroup_Business;estleg:TargetGroup_Official,targetGroup,legal_person,EUR,,20000000,,"Fine, max 20000000 EUR (ISIKUA)"
estleg:Sanction_ISIKUA_Par_69_fine,estleg:ISIKUA_Par_69,fine,,20000000,monetary,estleg:ISIKUA_Map,estleg:TargetGroup_Business;estleg:TargetGroup_PublicBody,targetGroup,legal_person,EUR,,20000000,,"Fine, max 20000000 EUR (ISIKUA § 69.)"
estleg:Sanction_ISIKUA_Par_70_Lg_1_fine,estleg:ISIKUA_Par_70_Lg_1,fine,,20000000,monetary,estleg:ISIKUA_Map,estleg:TargetGroup_PublicBody,targetGroup,legal_person,EUR,,20000000,,"Fine, max 20000000 EUR (ISIKUA)"
estleg:Sanction_ISIKUA_Par_70_Lg_2_fine,estleg:ISIKUA_Par_70_Lg_2,fine,,20000000,monetary,estleg:ISIKUA_Map,estleg:TargetGroup_Business;estleg:TargetGroup_Official,targetGroup,legal_person,EUR,,20000000,,"Fine, max 20000000 EUR (ISIKUA)"
estleg:Sanction_ISIKUA_Par_70_fine,estleg:ISIKUA_Par_70,fine,,20000000,monetary,estleg:ISIKUA_Map,estleg:TargetGroup_Business;estleg:TargetGroup_PublicBody,targetGroup,legal_person,EUR,,20000000,,"Fine, max 20000000 EUR (ISIKUA § 70.)"
estleg:Sanction_ISIKUA_Par_71_1_Lg_1_fine,estleg:ISIKUA_Par_71_1_Lg_1,fine,,20000000,monetary,estleg:ISIKUA_Map,estleg:TargetGroup_Business;estleg:TargetGroup_Official,targetGroup,legal_person,EUR,,20000000,,"Fine, max 20000000 EUR (ISIKUA)"
estleg:Sanction_ISIKUA_Par_71_1_Lg_2_fine,estleg:ISIKUA_Par_71_1_Lg_2,fine,,20000000,monetary,estleg:ISIKUA_Map,estleg:TargetGroup_Business;estleg:TargetGroup_Official,targetGroup,legal_person,EUR,,20000000,,"Fine, max 20000000 EUR (ISIKUA)"
estleg:Sanction_ISIKUA_Par_71_1_fine,estleg:ISIKUA_Par_71_1,fine,,20000000,monetary,estleg:ISIKUA_Map,estleg:TargetGroup_Business;estleg:TargetGroup_Official,targetGroup,legal_person,EUR,,20000000,,"Fine, max 20000000 EUR (ISIKUA § 71¹.)"
estleg:Sanction_ISIKUA_Par_71_Lg_1_fine,estleg:ISIKUA_Par_71_Lg_1,fine,,200,fine_units,estleg:ISIKUA_Map,estleg:TargetGroup_Citizen,targetGroup,natural_person,,,800,,"Fine, max 200 fine units (ISIKUA)"
estleg:Sanction_ISIKUA_Par_71_fine,estleg:ISIKUA_Par_71,fine,,200,fine_units,estleg:ISIKUA_Map,estleg:TargetGroup_Citizen,targetGroup,natural_person,,,800,,"Fine, max 200 fine units (ISIKUA § 71.)"
estleg:Sanction_ISIKUA_Par_72_Lg_1_fine,estleg:ISIKUA_Par_72_Lg_1,fine,,200,fine_units,estleg:ISIKUA_Map,estleg:ISIKUA_Map,act,natural_person,,,800,,"Fine, max 200 fine units (ISIKUA)"
estleg:Sanction_ISIKUA_Par_72_fine,estleg:ISIKUA_Par_72,fine,,200,fine_units,estleg:ISIKUA_Map,estleg:ISIKUA_Map,act,natural_person,,,800,,"Fine, max 200 fine units (ISIKUA § 72.)"
estleg:Sanction_KOKS_Par_66_2_Lg_1_fine,estleg:KOKS_Par_66_2_Lg_1,fine,,100,fine_units,estleg:KOKS_Map,estleg:TargetGroup_Business,targetGroup,natural_person,,,400,,"Fine, max 100 fine units (KOKS)"
estleg:Sanction_KOKS_Par_66_2_Lg_2_fine,estleg:KOKS_Par_66_2_Lg_2,fine,,1300,monetary,estleg:KOKS_Map,estleg:TargetGroup_Business,targetGroup,legal_person,EUR,,1300,,"Fine, max 1300 EUR (KOKS)"
estleg:Sanction_KOKS_Par_66_2_fine,estleg:KOKS_Par_66_2,fine,,100,fine_units,estleg:KOKS_Map,estleg:TargetGroup_Business,targetGroup,natural_person,,,400,,"Fine, max 100 fine units (KOKS § 66².)"
estleg:Sanction_KOKS_Par_66_2_fine_2,estleg:KOKS_Par_66_2,fine,,1300,monetary,estleg:KOKS_Map,estleg:TargetGroup_Business,targetGroup,legal_person,EUR,,1300,,"Fine, max 1300 EUR (KOKS § 66².)"
estleg:Sanction_KOKS_Par_66_3_Lg_1_fine,estleg:KOKS_Par_66_3_Lg_1,fine,,200,fine_units,estleg:KOKS_Map,estleg:KOKS_Map,act,natural_person,,,800,,"Fine, max 200 fine units (KOKS)"
estleg:Sanction_KOKS_Par_66_3_fine,estleg:KOKS_Par_66_3,fine,,200,fine_units,estleg:KOKS_Map,estleg:KOKS_Map,act,natural_person,,,800,,"Fine, max 200 fine units (KOKS § 66³.)"
estleg:Sanction_TUIS_Par_24_Lg_1_fine,estleg:TUIS_Par_24_Lg_1,fine,,300,fine_units,estleg:TUIS_Map,estleg:TargetGroup_Business,targetGroup,natural_person,,,1200,,"Fine, max 300 fine units (TUIS)"
estleg:Sanction_TUIS_Par_24_Lg_2_fine,estleg:TUIS_Par_24_Lg_2,fine,,32000,monetary,estleg:TUIS_Map,estleg:TargetGroup_Business,targetGroup,legal_person,EUR,,32000,,"Fine, max 32000 EUR (TUIS)"
estleg:Sanction_TUIS_Par_24_fine,estleg:TUIS_Par_24,fine,,300,fine_units,estleg:TUIS_Map,estleg:TargetGroup_Business,targetGroup,natural_person,,,1200,,"Fine, max 300 fine units (TUIS § 24.)"
estleg:Sanction_TUIS_Par_24_fine_2,estleg:TUIS_Par_24,fine,,32000,monetary,estleg:TUIS_Map,estleg:TargetGroup_Business,targetGroup,legal_person,EUR,,32000,,"Fine, max 32000 EUR (TUIS § 24.)"
estleg:Sanction_TUIS_Par_25_Lg_1_fine,estleg:TUIS_Par_25_Lg_1,fine,,300,fine_units,estleg:TUIS_Map,estleg:TUIS_Map,act,natural_person,,,1200,,"Fine, max 300 fine units (TUIS)"
estleg:Sanction_TUIS_Par_25_fine,estleg:TUIS_Par_25,fine,,300,fine_units,estleg:TUIS_Map,estleg:TUIS_Map,act,natural_person,,,1200,,"Fine, max 300 fine units (TUIS § 25.)"
